customer_id,order_id,store_id,interaction_type,channel,subject,message,rating,metadata_json
164,115,1,support_ticket,mobile_app,Support Ticket #1,Sample interaction 1 of type support_ticket via mobile_app.,2,"{""device"":""mobile"",""campaign"":""mobile_push""}"
36,755,2,add_to_cart,support,Add To Cart #2,Sample interaction 2 of type add_to_cart via support.,4,"{""device"":""mobile"",""campaign"":""mobile_push""}"
9,31,2,review,mobile_app,Review #3,Sample interaction 3 of type review via mobile_app.,5,"{""device"":""mobile"",""campaign"":""mobile_push""}"
155,28,9,review,support,Review #4,Sample interaction 4 of type review via support.,4,"{""device"":""mobile"",""campaign"":""mobile_push""}"
57,460,5,page_view,mobile_app,Page View #5,Sample interaction 5 of type page_view via mobile_app.,4,"{""device"":""mobile"",""campaign"":""mobile_push""}"
88,285,3,review,email,Review #6,Sample interaction 6 of type review via email.,1,"{""device"":""desktop"",""campaign"":""spring_sale""}"
24,390,2,email_open,email,Email Open #7,Sample interaction 7 of type email_open via email.,5,"{""device"":""desktop"",""campaign"":""spring_sale""}"
68,45,8,add_to_cart,store,Add To Cart #8,Sample interaction 8 of type add_to_cart via store.,1,"{""device"":""mobile"",""campaign"":""mobile_push""}"
142,301,6,review,web,Review #9,Sample interaction 9 of type review via web.,1,"{""device"":""desktop"",""campaign"":""spring_sale""}"
170,234,5,add_to_cart,mobile_app,Add To Cart #10,Sample interaction 10 of type add_to_cart via mobile_app.,1,"{""device"":""mobile"",""campaign"":""mobile_push""}"
98,285,8,email_open,mobile_app,Email Open #11,Sample interaction 11 of type email_open via mobile_app.,3,"{""device"":""mobile"",""campaign"":""mobile_push""}"
91,215,5,add_to_cart,support,Add To Cart #12,Sample interaction 12 of type add_to_cart via support.,2,"{""device"":""mobile"",""campaign"":""mobile_push""}"
137,747,4,purchase,store,Purchase #13,Sample interaction 13 of type purchase via store.,4,"{""device"":""mobile"",""campaign"":""mobile_push""}"
70,656,9,review,email,Review #14,Sample interaction 14 of type review via email.,1,"{""device"":""desktop"",""campaign"":""spring_sale""}"
59,33,6,email_click,email,Email Click #15,Sample interaction 15 of type email_click via email.,1,"{""device"":""desktop"",""campaign"":""spring_sale""}"
55,581,6,review,store,Review #16,Sample interaction 16 of type review via store.,4,"{""device"":""mobile"",""campaign"":""mobile_push""}"
227,659,8,purchase,email,Purchase #17,Sample interaction 17 of type purchase via email.,2,"{""device"":""desktop"",""campaign"":""spring_sale""}"
64,763,9,support_ticket,support,Support Ticket #18,Sample interaction 18 of type support_ticket via support.,4,"{""device"":""mobile"",""campaign"":""mobile_push""}"
230,598,7,email_open,mobile_app,Email Open #19,Sample interaction 19 of type email_open via mobile_app.,2,"{""device"":""mobile"",""campaign"":""mobile_push""}"
131,506,2,page_view,web,Page View #20,Sample interaction 20 of type page_view via web.,2,"{""device"":""desktop"",""campaign"":""spring_sale""}"
161,164,7,add_to_cart,store,Add To Cart #21,Sample interaction 21 of type add_to_cart via store.,4,"{""device"":""mobile"",""campaign"":""mobile_push""}"
153,480,9,support_ticket,support,Support Ticket #22,Sample interaction 22 of type support_ticket via support.,1,"{""device"":""mobile"",""campaign"":""mobile_push""}"
175,739,2,support_ticket,email,Support Ticket #23,Sample interaction 23 of type support_ticket via email.,1,"{""device"":""desktop"",""campaign"":""spring_sale""}"
76,446,3,store_visit,web,Store Visit #24,Sample interaction 24 of type store_visit via web.,3,"{""device"":""desktop"",""campaign"":""spring_sale""}"
249,513,3,add_to_cart,email,Add To Cart #25,Sample interaction 25 of type add_to_cart via email.,5,"{""device"":""desktop"",""campaign"":""spring_sale""}"
156,204,3,email_open,mobile_app,Email Open #26,Sample interaction 26 of type email_open via mobile_app.,5,"{""device"":""mobile"",""campaign"":""mobile_push""}"
245,798,9,page_view,support,Page View #27,Sample interaction 27 of type page_view via support.,3,"{""device"":""mobile"",""campaign"":""mobile_push""}"
126,20,2,email_open,email,Email Open #28,Sample interaction 28 of type email_open via email.,2,"{""device"":""desktop"",""campaign"":""spring_sale""}"
15,247,2,add_to_cart,store,Add To Cart #29,Sample interaction 29 of type add_to_cart via store.,1,"{""device"":""mobile"",""campaign"":""mobile_push""}"
195,546,3,purchase,store,Purchase #30,Sample interaction 30 of type purchase via store.,5,"{""device"":""mobile"",""campaign"":""mobile_push""}"
43,272,9,email_click,mobile_app,Email Click #31,Sample interaction 31 of type email_click via mobile_app.,5,"{""device"":""mobile"",""campaign"":""mobile_push""}"
194,748,4,support_ticket,store,Support Ticket #32,Sample interaction 32 of type support_ticket via store.,3,"{""device"":""mobile"",""campaign"":""mobile_push""}"
113,530,8,add_to_cart,mobile_app,Add To Cart #33,Sample interaction 33 of type add_to_cart via mobile_app.,2,"{""device"":""mobile"",""campaign"":""mobile_push""}"
17,347,1,review,support,Review #34,Sample interaction 34 of type review via support.,2,"{""device"":""mobile"",""campaign"":""mobile_push""}"
2,73,1,review,web,Review #35,Sample interaction 35 of type review via web.,1,"{""device"":""desktop"",""campaign"":""spring_sale""}"
221,339,2,review,email,Review #36,Sample interaction 36 of type review via email.,4,"{""device"":""desktop"",""campaign"":""spring_sale""}"
55,553,3,store_visit,mobile_app,Store Visit #37,Sample interaction 37 of type store_visit via mobile_app.,4,"{""device"":""mobile"",""campaign"":""mobile_push""}"
207,417,4,add_to_cart,web,Add To Cart #38,Sample interaction 38 of type add_to_cart via web.,4,"{""device"":""desktop"",""campaign"":""spring_sale""}"
91,434,7,store_visit,web,Store Visit #39,Sample interaction 39 of type store_visit via web.,1,"{""device"":""desktop"",""campaign"":""spring_sale""}"
16,413,6,add_to_cart,mobile_app,Add To Cart #40,Sample interaction 40 of type add_to_cart via mobile_app.,2,"{""device"":""mobile"",""campaign"":""mobile_push""}"
49,550,8,purchase,store,Purchase #41,Sample interaction 41 of type purchase via store.,2,"{""device"":""mobile"",""campaign"":""mobile_push""}"
72,474,4,add_to_cart,store,Add To Cart #42,Sample interaction 42 of type add_to_cart via store.,5,"{""device"":""mobile"",""campaign"":""mobile_push""}"
26,52,9,page_view,web,Page View #43,Sample interaction 43 of type page_view via web.,2,"{""device"":""desktop"",""campaign"":""spring_sale""}"
43,417,8,store_visit,mobile_app,Store Visit #44,Sample interaction 44 of type store_visit via mobile_app.,4,"{""device"":""mobile"",""campaign"":""mobile_push""}"
232,61,3,email_click,web,Email Click #45,Sample interaction 45 of type email_click via web.,4,"{""device"":""desktop"",""campaign"":""spring_sale""}"
68,466,5,email_click,support,Email Click #46,Sample interaction 46 of type email_click via support.,4,"{""device"":""mobile"",""campaign"":""mobile_push""}"
40,195,5,review,web,Review #47,Sample interaction 47 of type review via web.,5,"{""device"":""desktop"",""campaign"":""spring_sale""}"
189,556,1,email_open,web,Email Open #48,Sample interaction 48 of type email_open via web.,1,"{""device"":""desktop"",""campaign"":""spring_sale""}"
150,489,9,purchase,web,Purchase #49,Sample interaction 49 of type purchase via web.,5,"{""device"":""desktop"",""campaign"":""spring_sale""}"
21,191,2,add_to_cart,mobile_app,Add To Cart #50,Sample interaction 50 of type add_to_cart via mobile_app.,4,"{""device"":""mobile"",""campaign"":""mobile_push""}"
31,584,4,page_view,support,Page View #51,Sample interaction 51 of type page_view via support.,1,"{""device"":""mobile"",""campaign"":""mobile_push""}"
108,674,9,email_open,email,Email Open #52,Sample interaction 52 of type email_open via email.,2,"{""device"":""desktop"",""campaign"":""spring_sale""}"
172,734,6,review,email,Review #53,Sample interaction 53 of type review via email.,4,"{""device"":""desktop"",""campaign"":""spring_sale""}"
34,688,5,store_visit,email,Store Visit #54,Sample interaction 54 of type store_visit via email.,1,"{""device"":""desktop"",""campaign"":""spring_sale""}"
3,470,2,add_to_cart,support,Add To Cart #55,Sample interaction 55 of type add_to_cart via support.,2,"{""device"":""mobile"",""campaign"":""mobile_push""}"
130,272,3,email_open,web,Email Open #56,Sample interaction 56 of type email_open via web.,2,"{""device"":""desktop"",""campaign"":""spring_sale""}"
95,292,3,store_visit,support,Store Visit #57,Sample interaction 57 of type store_visit via support.,3,"{""device"":""mobile"",""campaign"":""mobile_push""}"
157,670,9,page_view,support,Page View #58,Sample interaction 58 of type page_view via support.,3,"{""device"":""mobile"",""campaign"":""mobile_push""}"
239,680,2,purchase,email,Purchase #59,Sample interaction 59 of type purchase via email.,1,"{""device"":""desktop"",""campaign"":""spring_sale""}"
228,110,9,purchase,email,Purchase #60,Sample interaction 60 of type purchase via email.,3,"{""device"":""desktop"",""campaign"":""spring_sale""}"
155,216,6,review,email,Review #61,Sample interaction 61 of type review via email.,5,"{""device"":""desktop"",""campaign"":""spring_sale""}"
126,258,1,add_to_cart,store,Add To Cart #62,Sample interaction 62 of type add_to_cart via store.,3,"{""device"":""mobile"",""campaign"":""mobile_push""}"
12,4,6,purchase,email,Purchase #63,Sample interaction 63 of type purchase via email.,2,"{""device"":""desktop"",""campaign"":""spring_sale""}"
190,453,9,email_click,support,Email Click #64,Sample interaction 64 of type email_click via support.,1,"{""device"":""mobile"",""campaign"":""mobile_push""}"
29,78,3,page_view,email,Page View #65,Sample interaction 65 of type page_view via email.,5,"{""device"":""desktop"",""campaign"":""spring_sale""}"
142,152,7,purchase,web,Purchase #66,Sample interaction 66 of type purchase via web.,3,"{""device"":""desktop"",""campaign"":""spring_sale""}"
94,41,6,review,mobile_app,Review #67,Sample interaction 67 of type review via mobile_app.,1,"{""device"":""mobile"",""campaign"":""mobile_push""}"
91,799,9,email_click,support,Email Click #68,Sample interaction 68 of type email_click via support.,2,"{""device"":""mobile"",""campaign"":""mobile_push""}"
237,243,3,purchase,store,Purchase #69,Sample interaction 69 of type purchase via store.,1,"{""device"":""mobile"",""campaign"":""mobile_push""}"
46,755,6,email_click,mobile_app,Email Click #70,Sample interaction 70 of type email_click via mobile_app.,3,"{""device"":""mobile"",""campaign"":""mobile_push""}"
41,719,2,email_click,web,Email Click #71,Sample interaction 71 of type email_click via web.,4,"{""device"":""desktop"",""campaign"":""spring_sale""}"
57,205,8,email_open,email,Email Open #72,Sample interaction 72 of type email_open via email.,2,"{""device"":""desktop"",""campaign"":""spring_sale""}"
58,25,4,email_click,email,Email Click #73,Sample interaction 73 of type email_click via email.,3,"{""device"":""desktop"",""campaign"":""spring_sale""}"
222,72,5,email_open,support,Email Open #74,Sample interaction 74 of type email_open via support.,4,"{""device"":""mobile"",""campaign"":""mobile_push""}"
174,550,6,page_view,web,Page View #75,Sample interaction 75 of type page_view via web.,3,"{""device"":""desktop"",""campaign"":""spring_sale""}"
46,595,5,page_view,web,Page View #76,Sample interaction 76 of type page_view via web.,5,"{""device"":""desktop"",""campaign"":""spring_sale""}"
112,354,6,email_click,support,Email Click #77,Sample interaction 77 of type email_click via support.,5,"{""device"":""mobile"",""campaign"":""mobile_push""}"
30,395,4,support_ticket,web,Support Ticket #78,Sample interaction 78 of type support_ticket via web.,4,"{""device"":""desktop"",""campaign"":""spring_sale""}"
1,533,9,review,email,Review #79,Sample interaction 79 of type review via email.,4,"{""device"":""desktop"",""campaign"":""spring_sale""}"
18,681,6,email_open,web,Email Open #80,Sample interaction 80 of type email_open via web.,3,"{""device"":""desktop"",""campaign"":""spring_sale""}"
130,317,7,email_open,store,Email Open #81,Sample interaction 81 of type email_open via store.,3,"{""device"":""mobile"",""campaign"":""mobile_push""}"
142,131,4,email_click,store,Email Click #82,Sample interaction 82 of type email_click via store.,2,"{""device"":""mobile"",""campaign"":""mobile_push""}"
158,583,5,email_click,support,Email Click #83,Sample interaction 83 of type email_click via support.,1,"{""device"":""mobile"",""campaign"":""mobile_push""}"
78,294,4,email_click,support,Email Click #84,Sample interaction 84 of type email_click via support.,5,"{""device"":""mobile"",""campaign"":""mobile_push""}"
168,330,8,store_visit,store,Store Visit #85,Sample interaction 85 of type store_visit via store.,2,"{""device"":""mobile"",""campaign"":""mobile_push""}"
131,485,3,add_to_cart,email,Add To Cart #86,Sample interaction 86 of type add_to_cart via email.,5,"{""device"":""desktop"",""campaign"":""spring_sale""}"
170,649,6,add_to_cart,mobile_app,Add To Cart #87,Sample interaction 87 of type add_to_cart via mobile_app.,3,"{""device"":""mobile"",""campaign"":""mobile_push""}"
58,204,3,page_view,web,Page View #88,Sample interaction 88 of type page_view via web.,2,"{""device"":""desktop"",""campaign"":""spring_sale""}"
122,626,2,store_visit,store,Store Visit #89,Sample interaction 89 of type store_visit via store.,5,"{""device"":""mobile"",""campaign"":""mobile_push""}"
50,736,7,store_visit,store,Store Visit #90,Sample interaction 90 of type store_visit via store.,2,"{""device"":""mobile"",""campaign"":""mobile_push""}"
38,672,1,add_to_cart,store,Add To Cart #91,Sample interaction 91 of type add_to_cart via store.,2,"{""device"":""mobile"",""campaign"":""mobile_push""}"
46,713,9,store_visit,web,Store Visit #92,Sample interaction 92 of type store_visit via web.,5,"{""device"":""desktop"",""campaign"":""spring_sale""}"
64,125,8,purchase,store,Purchase #93,Sample interaction 93 of type purchase via store.,5,"{""device"":""mobile"",""campaign"":""mobile_push""}"
144,610,6,store_visit,support,Store Visit #94,Sample interaction 94 of type store_visit via support.,5,"{""device"":""mobile"",""campaign"":""mobile_push""}"
110,562,8,purchase,store,Purchase #95,Sample interaction 95 of type purchase via store.,4,"{""device"":""mobile"",""campaign"":""mobile_push""}"
67,770,4,support_ticket,support,Support Ticket #96,Sample interaction 96 of type support_ticket via support.,4,"{""device"":""mobile"",""campaign"":""mobile_push""}"
161,245,5,store_visit,web,Store Visit #97,Sample interaction 97 of type store_visit via web.,3,"{""device"":""desktop"",""campaign"":""spring_sale""}"
61,279,6,email_open,support,Email Open #98,Sample interaction 98 of type email_open via support.,1,"{""device"":""mobile"",""campaign"":""mobile_push""}"
36,155,4,email_click,mobile_app,Email Click #99,Sample interaction 99 of type email_click via mobile_app.,2,"{""device"":""mobile"",""campaign"":""mobile_push""}"
17,425,7,email_open,support,Email Open #100,Sample interaction 100 of type email_open via support.,4,"{""device"":""mobile"",""campaign"":""mobile_push""}"
107,64,4,email_click,store,Email Click #101,Sample interaction 101 of type email_click via store.,5,"{""device"":""mobile"",""campaign"":""mobile_push""}"
243,713,1,email_click,store,Email Click #102,Sample interaction 102 of type email_click via store.,1,"{""device"":""mobile"",""campaign"":""mobile_push""}"
242,361,5,email_click,store,Email Click #103,Sample interaction 103 of type email_click via store.,5,"{""device"":""mobile"",""campaign"":""mobile_push""}"
192,753,9,review,store,Review #104,Sample interaction 104 of type review via store.,2,"{""device"":""mobile"",""campaign"":""mobile_push""}"
70,447,8,page_view,store,Page View #105,Sample interaction 105 of type page_view via store.,3,"{""device"":""mobile"",""campaign"":""mobile_push""}"
172,696,7,purchase,store,Purchase #106,Sample interaction 106 of type purchase via store.,2,"{""device"":""mobile"",""campaign"":""mobile_push""}"
160,547,1,email_click,support,Email Click #107,Sample interaction 107 of type email_click via support.,5,"{""device"":""mobile"",""campaign"":""mobile_push""}"
170,28,2,email_click,mobile_app,Email Click #108,Sample interaction 108 of type email_click via mobile_app.,4,"{""device"":""mobile"",""campaign"":""mobile_push""}"
47,52,5,email_click,email,Email Click #109,Sample interaction 109 of type email_click via email.,2,"{""device"":""desktop"",""campaign"":""spring_sale""}"
117,335,6,email_click,email,Email Click #110,Sample interaction 110 of type email_click via email.,4,"{""device"":""desktop"",""campaign"":""spring_sale""}"
65,84,8,page_view,support,Page View #111,Sample interaction 111 of type page_view via support.,1,"{""device"":""mobile"",""campaign"":""mobile_push""}"
244,359,4,add_to_cart,web,Add To Cart #112,Sample interaction 112 of type add_to_cart via web.,1,"{""device"":""desktop"",""campaign"":""spring_sale""}"
244,254,4,page_view,support,Page View #113,Sample interaction 113 of type page_view via support.,2,"{""device"":""mobile"",""campaign"":""mobile_push""}"
62,130,8,add_to_cart,support,Add To Cart #114,Sample interaction 114 of type add_to_cart via support.,2,"{""device"":""mobile"",""campaign"":""mobile_push""}"
120,717,5,email_open,mobile_app,Email Open #115,Sample interaction 115 of type email_open via mobile_app.,5,"{""device"":""mobile"",""campaign"":""mobile_push""}"
156,766,2,purchase,email,Purchase #116,Sample interaction 116 of type purchase via email.,1,"{""device"":""desktop"",""campaign"":""spring_sale""}"
149,27,5,email_click,store,Email Click #117,Sample interaction 117 of type email_click via store.,2,"{""device"":""mobile"",""campaign"":""mobile_push""}"
20,607,4,add_to_cart,email,Add To Cart #118,Sample interaction 118 of type add_to_cart via email.,5,"{""device"":""desktop"",""campaign"":""spring_sale""}"
207,124,1,email_open,support,Email Open #119,Sample interaction 119 of type email_open via support.,4,"{""device"":""mobile"",""campaign"":""mobile_push""}"
170,380,2,email_open,web,Email Open #120,Sample interaction 120 of type email_open via web.,4,"{""device"":""desktop"",""campaign"":""spring_sale""}"
211,502,2,email_click,email,Email Click #121,Sample interaction 121 of type email_click via email.,4,"{""device"":""desktop"",""campaign"":""spring_sale""}"
182,157,7,purchase,support,Purchase #122,Sample interaction 122 of type purchase via support.,3,"{""device"":""mobile"",""campaign"":""mobile_push""}"
158,552,8,store_visit,store,Store Visit #123,Sample interaction 123 of type store_visit via store.,5,"{""device"":""mobile"",""campaign"":""mobile_push""}"
69,331,4,add_to_cart,email,Add To Cart #124,Sample interaction 124 of type add_to_cart via email.,4,"{""device"":""desktop"",""campaign"":""spring_sale""}"
63,769,8,email_click,email,Email Click #125,Sample interaction 125 of type email_click via email.,1,"{""device"":""desktop"",""campaign"":""spring_sale""}"
127,333,3,store_visit,mobile_app,Store Visit #126,Sample interaction 126 of type store_visit via mobile_app.,3,"{""device"":""mobile"",""campaign"":""mobile_push""}"
205,265,6,support_ticket,support,Support Ticket #127,Sample interaction 127 of type support_ticket via support.,3,"{""device"":""mobile"",""campaign"":""mobile_push""}"
143,11,9,review,web,Review #128,Sample interaction 128 of type review via web.,2,"{""device"":""desktop"",""campaign"":""spring_sale""}"
185,417,8,review,store,Review #129,Sample interaction 129 of type review via store.,4,"{""device"":""mobile"",""campaign"":""mobile_push""}"
115,18,2,support_ticket,mobile_app,Support Ticket #130,Sample interaction 130 of type support_ticket via mobile_app.,4,"{""device"":""mobile"",""campaign"":""mobile_push""}"
178,250,5,email_open,store,Email Open #131,Sample interaction 131 of type email_open via store.,5,"{""device"":""mobile"",""campaign"":""mobile_push""}"
136,353,7,email_open,email,Email Open #132,Sample interaction 132 of type email_open via email.,4,"{""device"":""desktop"",""campaign"":""spring_sale""}"
70,314,5,review,web,Review #133,Sample interaction 133 of type review via web.,2,"{""device"":""desktop"",""campaign"":""spring_sale""}"
81,123,9,purchase,mobile_app,Purchase #134,Sample interaction 134 of type purchase via mobile_app.,2,"{""device"":""mobile"",""campaign"":""mobile_push""}"
190,496,5,support_ticket,web,Support Ticket #135,Sample interaction 135 of type support_ticket via web.,2,"{""device"":""desktop"",""campaign"":""spring_sale""}"
76,233,6,purchase,email,Purchase #136,Sample interaction 136 of type purchase via email.,1,"{""device"":""desktop"",""campaign"":""spring_sale""}"
182,547,3,support_ticket,web,Support Ticket #137,Sample interaction 137 of type support_ticket via web.,1,"{""device"":""desktop"",""campaign"":""spring_sale""}"
142,300,3,store_visit,web,Store Visit #138,Sample interaction 138 of type store_visit via web.,1,"{""device"":""desktop"",""campaign"":""spring_sale""}"
147,292,8,store_visit,store,Store Visit #139,Sample interaction 139 of type store_visit via store.,3,"{""device"":""mobile"",""campaign"":""mobile_push""}"
48,53,5,store_visit,web,Store Visit #140,Sample interaction 140 of type store_visit via web.,1,"{""device"":""desktop"",""campaign"":""spring_sale""}"
103,504,2,page_view,mobile_app,Page View #141,Sample interaction 141 of type page_view via mobile_app.,2,"{""device"":""mobile"",""campaign"":""mobile_push""}"
208,577,5,add_to_cart,mobile_app,Add To Cart #142,Sample interaction 142 of type add_to_cart via mobile_app.,1,"{""device"":""mobile"",""campaign"":""mobile_push""}"
143,783,7,review,support,Review #143,Sample interaction 143 of type review via support.,4,"{""device"":""mobile"",""campaign"":""mobile_push""}"
116,454,5,email_click,email,Email Click #144,Sample interaction 144 of type email_click via email.,5,"{""device"":""desktop"",""campaign"":""spring_sale""}"
159,62,2,review,mobile_app,Review #145,Sample interaction 145 of type review via mobile_app.,3,"{""device"":""mobile"",""campaign"":""mobile_push""}"
170,84,3,review,mobile_app,Review #146,Sample interaction 146 of type review via mobile_app.,5,"{""device"":""mobile"",""campaign"":""mobile_push""}"
20,161,1,email_click,store,Email Click #147,Sample interaction 147 of type email_click via store.,5,"{""device"":""mobile"",""campaign"":""mobile_push""}"
121,299,1,review,email,Review #148,Sample interaction 148 of type review via email.,3,"{""device"":""desktop"",""campaign"":""spring_sale""}"
180,465,2,review,email,Review #149,Sample interaction 149 of type review via email.,5,"{""device"":""desktop"",""campaign"":""spring_sale""}"
170,203,7,add_to_cart,support,Add To Cart #150,Sample interaction 150 of type add_to_cart via support.,2,"{""device"":""mobile"",""campaign"":""mobile_push""}"
166,153,5,purchase,web,Purchase #151,Sample interaction 151 of type purchase via web.,1,"{""device"":""desktop"",""campaign"":""spring_sale""}"
43,315,5,store_visit,web,Store Visit #152,Sample interaction 152 of type store_visit via web.,4,"{""device"":""desktop"",""campaign"":""spring_sale""}"
177,312,7,support_ticket,support,Support Ticket #153,Sample interaction 153 of type support_ticket via support.,5,"{""device"":""mobile"",""campaign"":""mobile_push""}"
127,449,2,page_view,store,Page View #154,Sample interaction 154 of type page_view via store.,3,"{""device"":""mobile"",""campaign"":""mobile_push""}"
155,257,1,add_to_cart,mobile_app,Add To Cart #155,Sample interaction 155 of type add_to_cart via mobile_app.,5,"{""device"":""mobile"",""campaign"":""mobile_push""}"
151,22,5,page_view,mobile_app,Page View #156,Sample interaction 156 of type page_view via mobile_app.,4,"{""device"":""mobile"",""campaign"":""mobile_push""}"
133,668,8,support_ticket,mobile_app,Support Ticket #157,Sample interaction 157 of type support_ticket via mobile_app.,5,"{""device"":""mobile"",""campaign"":""mobile_push""}"
112,651,8,add_to_cart,store,Add To Cart #158,Sample interaction 158 of type add_to_cart via store.,3,"{""device"":""mobile"",""campaign"":""mobile_push""}"
105,342,6,add_to_cart,mobile_app,Add To Cart #159,Sample interaction 159 of type add_to_cart via mobile_app.,3,"{""device"":""mobile"",""campaign"":""mobile_push""}"
106,711,8,support_ticket,store,Support Ticket #160,Sample interaction 160 of type support_ticket via store.,5,"{""device"":""mobile"",""campaign"":""mobile_push""}"
10,466,2,email_open,email,Email Open #161,Sample interaction 161 of type email_open via email.,3,"{""device"":""desktop"",""campaign"":""spring_sale""}"
30,792,7,page_view,support,Page View #162,Sample interaction 162 of type page_view via support.,4,"{""device"":""mobile"",""campaign"":""mobile_push""}"
106,56,4,email_open,support,Email Open #163,Sample interaction 163 of type email_open via support.,4,"{""device"":""mobile"",""campaign"":""mobile_push""}"
161,453,1,review,email,Review #164,Sample interaction 164 of type review via email.,5,"{""device"":""desktop"",""campaign"":""spring_sale""}"
34,295,8,store_visit,web,Store Visit #165,Sample interaction 165 of type store_visit via web.,1,"{""device"":""desktop"",""campaign"":""spring_sale""}"
250,646,4,purchase,email,Purchase #166,Sample interaction 166 of type purchase via email.,5,"{""device"":""desktop"",""campaign"":""spring_sale""}"
4,566,7,add_to_cart,mobile_app,Add To Cart #167,Sample interaction 167 of type add_to_cart via mobile_app.,1,"{""device"":""mobile"",""campaign"":""mobile_push""}"
119,121,3,store_visit,email,Store Visit #168,Sample interaction 168 of type store_visit via email.,5,"{""device"":""desktop"",""campaign"":""spring_sale""}"
181,280,7,store_visit,store,Store Visit #169,Sample interaction 169 of type store_visit via store.,2,"{""device"":""mobile"",""campaign"":""mobile_push""}"
117,565,3,email_click,mobile_app,Email Click #170,Sample interaction 170 of type email_click via mobile_app.,5,"{""device"":""mobile"",""campaign"":""mobile_push""}"
131,765,3,add_to_cart,email,Add To Cart #171,Sample interaction 171 of type add_to_cart via email.,4,"{""device"":""desktop"",""campaign"":""spring_sale""}"
88,520,5,page_view,email,Page View #172,Sample interaction 172 of type page_view via email.,3,"{""device"":""desktop"",""campaign"":""spring_sale""}"
215,602,8,purchase,store,Purchase #173,Sample interaction 173 of type purchase via store.,5,"{""device"":""mobile"",""campaign"":""mobile_push""}"
124,354,6,email_click,store,Email Click #174,Sample interaction 174 of type email_click via store.,3,"{""device"":""mobile"",""campaign"":""mobile_push""}"
223,194,4,email_click,mobile_app,Email Click #175,Sample interaction 175 of type email_click via mobile_app.,4,"{""device"":""mobile"",""campaign"":""mobile_push""}"
12,326,8,email_click,store,Email Click #176,Sample interaction 176 of type email_click via store.,2,"{""device"":""mobile"",""campaign"":""mobile_push""}"
127,38,3,email_open,web,Email Open #177,Sample interaction 177 of type email_open via web.,4,"{""device"":""desktop"",""campaign"":""spring_sale""}"
26,539,8,page_view,mobile_app,Page View #178,Sample interaction 178 of type page_view via mobile_app.,4,"{""device"":""mobile"",""campaign"":""mobile_push""}"
223,671,3,add_to_cart,store,Add To Cart #179,Sample interaction 179 of type add_to_cart via store.,3,"{""device"":""mobile"",""campaign"":""mobile_push""}"
87,639,7,add_to_cart,email,Add To Cart #180,Sample interaction 180 of type add_to_cart via email.,5,"{""device"":""desktop"",""campaign"":""spring_sale""}"
98,325,8,page_view,support,Page View #181,Sample interaction 181 of type page_view via support.,1,"{""device"":""mobile"",""campaign"":""mobile_push""}"
61,647,5,review,web,Review #182,Sample interaction 182 of type review via web.,4,"{""device"":""desktop"",""campaign"":""spring_sale""}"
26,779,2,store_visit,mobile_app,Store Visit #183,Sample interaction 183 of type store_visit via mobile_app.,3,"{""device"":""mobile"",""campaign"":""mobile_push""}"
232,30,1,email_open,web,Email Open #184,Sample interaction 184 of type email_open via web.,3,"{""device"":""desktop"",""campaign"":""spring_sale""}"
92,384,7,purchase,mobile_app,Purchase #185,Sample interaction 185 of type purchase via mobile_app.,5,"{""device"":""mobile"",""campaign"":""mobile_push""}"
106,580,3,purchase,mobile_app,Purchase #186,Sample interaction 186 of type purchase via mobile_app.,1,"{""device"":""mobile"",""campaign"":""mobile_push""}"
157,392,4,store_visit,support,Store Visit #187,Sample interaction 187 of type store_visit via support.,2,"{""device"":""mobile"",""campaign"":""mobile_push""}"
60,473,5,store_visit,email,Store Visit #188,Sample interaction 188 of type store_visit via email.,1,"{""device"":""desktop"",""campaign"":""spring_sale""}"
231,477,5,purchase,web,Purchase #189,Sample interaction 189 of type purchase via web.,4,"{""device"":""desktop"",""campaign"":""spring_sale""}"
242,354,5,email_click,email,Email Click #190,Sample interaction 190 of type email_click via email.,4,"{""device"":""desktop"",""campaign"":""spring_sale""}"
217,310,4,email_click,store,Email Click #191,Sample interaction 191 of type email_click via store.,1,"{""device"":""mobile"",""campaign"":""mobile_push""}"
61,391,6,support_ticket,email,Support Ticket #192,Sample interaction 192 of type support_ticket via email.,1,"{""device"":""desktop"",""campaign"":""spring_sale""}"
213,675,7,support_ticket,web,Support Ticket #193,Sample interaction 193 of type support_ticket via web.,5,"{""device"":""desktop"",""campaign"":""spring_sale""}"
222,703,1,store_visit,email,Store Visit #194,Sample interaction 194 of type store_visit via email.,2,"{""device"":""desktop"",""campaign"":""spring_sale""}"
156,361,4,review,support,Review #195,Sample interaction 195 of type review via support.,3,"{""device"":""mobile"",""campaign"":""mobile_push""}"
174,774,3,add_to_cart,web,Add To Cart #196,Sample interaction 196 of type add_to_cart via web.,3,"{""device"":""desktop"",""campaign"":""spring_sale""}"
202,452,1,email_open,mobile_app,Email Open #197,Sample interaction 197 of type email_open via mobile_app.,1,"{""device"":""mobile"",""campaign"":""mobile_push""}"
233,303,6,email_click,mobile_app,Email Click #198,Sample interaction 198 of type email_click via mobile_app.,2,"{""device"":""mobile"",""campaign"":""mobile_push""}"
34,553,6,support_ticket,mobile_app,Support Ticket #199,Sample interaction 199 of type support_ticket via mobile_app.,3,"{""device"":""mobile"",""campaign"":""mobile_push""}"
234,494,5,email_open,web,Email Open #200,Sample interaction 200 of type email_open via web.,4,"{""device"":""desktop"",""campaign"":""spring_sale""}"
247,78,3,review,store,Review #201,Sample interaction 201 of type review via store.,5,"{""device"":""mobile"",""campaign"":""mobile_push""}"
94,93,7,page_view,email,Page View #202,Sample interaction 202 of type page_view via email.,5,"{""device"":""desktop"",""campaign"":""spring_sale""}"
32,466,6,support_ticket,support,Support Ticket #203,Sample interaction 203 of type support_ticket via support.,4,"{""device"":""mobile"",""campaign"":""mobile_push""}"
211,654,6,add_to_cart,mobile_app,Add To Cart #204,Sample interaction 204 of type add_to_cart via mobile_app.,4,"{""device"":""mobile"",""campaign"":""mobile_push""}"
7,635,9,email_open,support,Email Open #205,Sample interaction 205 of type email_open via support.,2,"{""device"":""mobile"",""campaign"":""mobile_push""}"
166,65,8,support_ticket,store,Support Ticket #206,Sample interaction 206 of type support_ticket via store.,1,"{""device"":""mobile"",""campaign"":""mobile_push""}"
36,47,1,support_ticket,store,Support Ticket #207,Sample interaction 207 of type support_ticket via store.,1,"{""device"":""mobile"",""campaign"":""mobile_push""}"
25,241,9,purchase,store,Purchase #208,Sample interaction 208 of type purchase via store.,4,"{""device"":""mobile"",""campaign"":""mobile_push""}"
95,687,9,email_click,support,Email Click #209,Sample interaction 209 of type email_click via support.,2,"{""device"":""mobile"",""campaign"":""mobile_push""}"
227,425,2,store_visit,support,Store Visit #210,Sample interaction 210 of type store_visit via support.,4,"{""device"":""mobile"",""campaign"":""mobile_push""}"
241,287,1,email_open,mobile_app,Email Open #211,Sample interaction 211 of type email_open via mobile_app.,4,"{""device"":""mobile"",""campaign"":""mobile_push""}"
114,242,6,add_to_cart,email,Add To Cart #212,Sample interaction 212 of type add_to_cart via email.,5,"{""device"":""desktop"",""campaign"":""spring_sale""}"
231,661,6,page_view,store,Page View #213,Sample interaction 213 of type page_view via store.,3,"{""device"":""mobile"",""campaign"":""mobile_push""}"
49,126,8,add_to_cart,mobile_app,Add To Cart #214,Sample interaction 214 of type add_to_cart via mobile_app.,5,"{""device"":""mobile"",""campaign"":""mobile_push""}"
249,22,1,email_open,mobile_app,Email Open #215,Sample interaction 215 of type email_open via mobile_app.,2,"{""device"":""mobile"",""campaign"":""mobile_push""}"
202,579,4,add_to_cart,support,Add To Cart #216,Sample interaction 216 of type add_to_cart via support.,2,"{""device"":""mobile"",""campaign"":""mobile_push""}"
151,222,4,email_open,mobile_app,Email Open #217,Sample interaction 217 of type email_open via mobile_app.,5,"{""device"":""mobile"",""campaign"":""mobile_push""}"
1,284,3,purchase,support,Purchase #218,Sample interaction 218 of type purchase via support.,3,"{""device"":""mobile"",""campaign"":""mobile_push""}"
205,179,2,page_view,mobile_app,Page View #219,Sample interaction 219 of type page_view via mobile_app.,1,"{""device"":""mobile"",""campaign"":""mobile_push""}"
92,244,6,page_view,mobile_app,Page View #220,Sample interaction 220 of type page_view via mobile_app.,3,"{""device"":""mobile"",""campaign"":""mobile_push""}"
14,130,7,add_to_cart,web,Add To Cart #221,Sample interaction 221 of type add_to_cart via web.,4,"{""device"":""desktop"",""campaign"":""spring_sale""}"
115,797,6,add_to_cart,store,Add To Cart #222,Sample interaction 222 of type add_to_cart via store.,5,"{""device"":""mobile"",""campaign"":""mobile_push""}"
57,630,1,support_ticket,store,Support Ticket #223,Sample interaction 223 of type support_ticket via store.,1,"{""device"":""mobile"",""campaign"":""mobile_push""}"
16,491,7,email_click,web,Email Click #224,Sample interaction 224 of type email_click via web.,4,"{""device"":""desktop"",""campaign"":""spring_sale""}"
183,455,2,add_to_cart,email,Add To Cart #225,Sample interaction 225 of type add_to_cart via email.,5,"{""device"":""desktop"",""campaign"":""spring_sale""}"
38,68,3,support_ticket,support,Support Ticket #226,Sample interaction 226 of type support_ticket via support.,5,"{""device"":""mobile"",""campaign"":""mobile_push""}"
141,730,6,email_click,support,Email Click #227,Sample interaction 227 of type email_click via support.,5,"{""device"":""mobile"",""campaign"":""mobile_push""}"
76,465,9,email_click,web,Email Click #228,Sample interaction 228 of type email_click via web.,1,"{""device"":""desktop"",""campaign"":""spring_sale""}"
219,671,9,review,store,Review #229,Sample interaction 229 of type review via store.,4,"{""device"":""mobile"",""campaign"":""mobile_push""}"
228,234,7,email_open,store,Email Open #230,Sample interaction 230 of type email_open via store.,4,"{""device"":""mobile"",""campaign"":""mobile_push""}"
107,748,2,email_open,store,Email Open #231,Sample interaction 231 of type email_open via store.,3,"{""device"":""mobile"",""campaign"":""mobile_push""}"
171,262,6,purchase,store,Purchase #232,Sample interaction 232 of type purchase via store.,1,"{""device"":""mobile"",""campaign"":""mobile_push""}"
24,88,2,email_click,web,Email Click #233,Sample interaction 233 of type email_click via web.,3,"{""device"":""desktop"",""campaign"":""spring_sale""}"
208,134,9,page_view,support,Page View #234,Sample interaction 234 of type page_view via support.,5,"{""device"":""mobile"",""campaign"":""mobile_push""}"
144,338,2,email_click,email,Email Click #235,Sample interaction 235 of type email_click via email.,4,"{""device"":""desktop"",""campaign"":""spring_sale""}"
223,739,1,support_ticket,support,Support Ticket #236,Sample interaction 236 of type support_ticket via support.,3,"{""device"":""mobile"",""campaign"":""mobile_push""}"
91,107,9,review,mobile_app,Review #237,Sample interaction 237 of type review via mobile_app.,4,"{""device"":""mobile"",""campaign"":""mobile_push""}"
58,111,6,email_open,web,Email Open #238,Sample interaction 238 of type email_open via web.,3,"{""device"":""desktop"",""campaign"":""spring_sale""}"
147,232,7,page_view,support,Page View #239,Sample interaction 239 of type page_view via support.,3,"{""device"":""mobile"",""campaign"":""mobile_push""}"
8,185,5,support_ticket,email,Support Ticket #240,Sample interaction 240 of type support_ticket via email.,3,"{""device"":""desktop"",""campaign"":""spring_sale""}"
2,186,3,email_click,web,Email Click #241,Sample interaction 241 of type email_click via web.,2,"{""device"":""desktop"",""campaign"":""spring_sale""}"
190,649,1,add_to_cart,support,Add To Cart #242,Sample interaction 242 of type add_to_cart via support.,2,"{""device"":""mobile"",""campaign"":""mobile_push""}"
97,430,8,email_open,mobile_app,Email Open #243,Sample interaction 243 of type email_open via mobile_app.,3,"{""device"":""mobile"",""campaign"":""mobile_push""}"
80,739,6,add_to_cart,web,Add To Cart #244,Sample interaction 244 of type add_to_cart via web.,2,"{""device"":""desktop"",""campaign"":""spring_sale""}"
41,773,1,add_to_cart,email,Add To Cart #245,Sample interaction 245 of type add_to_cart via email.,4,"{""device"":""desktop"",""campaign"":""spring_sale""}"
170,435,8,store_visit,store,Store Visit #246,Sample interaction 246 of type store_visit via store.,3,"{""device"":""mobile"",""campaign"":""mobile_push""}"
56,774,9,add_to_cart,email,Add To Cart #247,Sample interaction 247 of type add_to_cart via email.,4,"{""device"":""desktop"",""campaign"":""spring_sale""}"
29,291,8,support_ticket,web,Support Ticket #248,Sample interaction 248 of type support_ticket via web.,2,"{""device"":""desktop"",""campaign"":""spring_sale""}"
102,614,1,page_view,mobile_app,Page View #249,Sample interaction 249 of type page_view via mobile_app.,3,"{""device"":""mobile"",""campaign"":""mobile_push""}"
243,217,3,support_ticket,email,Support Ticket #250,Sample interaction 250 of type support_ticket via email.,3,"{""device"":""desktop"",""campaign"":""spring_sale""}"
31,8,8,email_click,mobile_app,Email Click #251,Sample interaction 251 of type email_click via mobile_app.,2,"{""device"":""mobile"",""campaign"":""mobile_push""}"
98,546,4,email_open,web,Email Open #252,Sample interaction 252 of type email_open via web.,4,"{""device"":""desktop"",""campaign"":""spring_sale""}"
221,760,1,email_click,web,Email Click #253,Sample interaction 253 of type email_click via web.,4,"{""device"":""desktop"",""campaign"":""spring_sale""}"
236,80,6,email_click,support,Email Click #254,Sample interaction 254 of type email_click via support.,4,"{""device"":""mobile"",""campaign"":""mobile_push""}"
182,656,7,support_ticket,web,Support Ticket #255,Sample interaction 255 of type support_ticket via web.,4,"{""device"":""desktop"",""campaign"":""spring_sale""}"
6,333,3,store_visit,email,Store Visit #256,Sample interaction 256 of type store_visit via email.,1,"{""device"":""desktop"",""campaign"":""spring_sale""}"
112,109,4,email_click,support,Email Click #257,Sample interaction 257 of type email_click via support.,4,"{""device"":""mobile"",""campaign"":""mobile_push""}"
135,81,7,support_ticket,email,Support Ticket #258,Sample interaction 258 of type support_ticket via email.,2,"{""device"":""desktop"",""campaign"":""spring_sale""}"
86,798,3,add_to_cart,support,Add To Cart #259,Sample interaction 259 of type add_to_cart via support.,1,"{""device"":""mobile"",""campaign"":""mobile_push""}"
136,523,4,email_open,email,Email Open #260,Sample interaction 260 of type email_open via email.,2,"{""device"":""desktop"",""campaign"":""spring_sale""}"
61,106,3,support_ticket,mobile_app,Support Ticket #261,Sample interaction 261 of type support_ticket via mobile_app.,2,"{""device"":""mobile"",""campaign"":""mobile_push""}"
155,157,2,purchase,store,Purchase #262,Sample interaction 262 of type purchase via store.,4,"{""device"":""mobile"",""campaign"":""mobile_push""}"
194,578,8,email_open,email,Email Open #263,Sample interaction 263 of type email_open via email.,2,"{""device"":""desktop"",""campaign"":""spring_sale""}"
113,70,8,store_visit,email,Store Visit #264,Sample interaction 264 of type store_visit via email.,3,"{""device"":""desktop"",""campaign"":""spring_sale""}"
152,58,6,add_to_cart,email,Add To Cart #265,Sample interaction 265 of type add_to_cart via email.,4,"{""device"":""desktop"",""campaign"":""spring_sale""}"
116,39,1,email_open,email,Email Open #266,Sample interaction 266 of type email_open via email.,1,"{""device"":""desktop"",""campaign"":""spring_sale""}"
166,93,9,email_click,store,Email Click #267,Sample interaction 267 of type email_click via store.,5,"{""device"":""mobile"",""campaign"":""mobile_push""}"
142,757,1,store_visit,support,Store Visit #268,Sample interaction 268 of type store_visit via support.,2,"{""device"":""mobile"",""campaign"":""mobile_push""}"
83,620,8,purchase,web,Purchase #269,Sample interaction 269 of type purchase via web.,4,"{""device"":""desktop"",""campaign"":""spring_sale""}"
27,352,2,purchase,web,Purchase #270,Sample interaction 270 of type purchase via web.,2,"{""device"":""desktop"",""campaign"":""spring_sale""}"
182,449,8,purchase,email,Purchase #271,Sample interaction 271 of type purchase via email.,3,"{""device"":""desktop"",""campaign"":""spring_sale""}"
235,290,7,email_click,email,Email Click #272,Sample interaction 272 of type email_click via email.,5,"{""device"":""desktop"",""campaign"":""spring_sale""}"
14,647,6,add_to_cart,email,Add To Cart #273,Sample interaction 273 of type add_to_cart via email.,1,"{""device"":""desktop"",""campaign"":""spring_sale""}"
143,695,7,support_ticket,email,Support Ticket #274,Sample interaction 274 of type support_ticket via email.,5,"{""device"":""desktop"",""campaign"":""spring_sale""}"
224,154,6,add_to_cart,support,Add To Cart #275,Sample interaction 275 of type add_to_cart via support.,2,"{""device"":""mobile"",""campaign"":""mobile_push""}"
235,359,5,email_click,mobile_app,Email Click #276,Sample interaction 276 of type email_click via mobile_app.,5,"{""device"":""mobile"",""campaign"":""mobile_push""}"
182,87,5,email_click,email,Email Click #277,Sample interaction 277 of type email_click via email.,2,"{""device"":""desktop"",""campaign"":""spring_sale""}"
172,720,9,add_to_cart,store,Add To Cart #278,Sample interaction 278 of type add_to_cart via store.,5,"{""device"":""mobile"",""campaign"":""mobile_push""}"
93,19,6,support_ticket,mobile_app,Support Ticket #279,Sample interaction 279 of type support_ticket via mobile_app.,2,"{""device"":""mobile"",""campaign"":""mobile_push""}"
88,785,8,review,mobile_app,Review #280,Sample interaction 280 of type review via mobile_app.,2,"{""device"":""mobile"",""campaign"":""mobile_push""}"
40,80,5,add_to_cart,support,Add To Cart #281,Sample interaction 281 of type add_to_cart via support.,5,"{""device"":""mobile"",""campaign"":""mobile_push""}"
214,757,9,page_view,email,Page View #282,Sample interaction 282 of type page_view via email.,5,"{""device"":""desktop"",""campaign"":""spring_sale""}"
34,612,7,purchase,mobile_app,Purchase #283,Sample interaction 283 of type purchase via mobile_app.,2,"{""device"":""mobile"",""campaign"":""mobile_push""}"
213,710,3,store_visit,web,Store Visit #284,Sample interaction 284 of type store_visit via web.,4,"{""device"":""desktop"",""campaign"":""spring_sale""}"
94,693,4,store_visit,support,Store Visit #285,Sample interaction 285 of type store_visit via support.,3,"{""device"":""mobile"",""campaign"":""mobile_push""}"
193,767,8,review,support,Review #286,Sample interaction 286 of type review via support.,2,"{""device"":""mobile"",""campaign"":""mobile_push""}"
80,481,4,email_open,support,Email Open #287,Sample interaction 287 of type email_open via support.,4,"{""device"":""mobile"",""campaign"":""mobile_push""}"
119,788,5,email_click,support,Email Click #288,Sample interaction 288 of type email_click via support.,5,"{""device"":""mobile"",""campaign"":""mobile_push""}"
108,166,4,purchase,email,Purchase #289,Sample interaction 289 of type purchase via email.,1,"{""device"":""desktop"",""campaign"":""spring_sale""}"
165,493,6,add_to_cart,support,Add To Cart #290,Sample interaction 290 of type add_to_cart via support.,1,"{""device"":""mobile"",""campaign"":""mobile_push""}"
73,86,3,support_ticket,store,Support Ticket #291,Sample interaction 291 of type support_ticket via store.,5,"{""device"":""mobile"",""campaign"":""mobile_push""}"
38,448,2,review,store,Review #292,Sample interaction 292 of type review via store.,3,"{""device"":""mobile"",""campaign"":""mobile_push""}"
239,28,7,page_view,store,Page View #293,Sample interaction 293 of type page_view via store.,5,"{""device"":""mobile"",""campaign"":""mobile_push""}"
96,242,7,add_to_cart,email,Add To Cart #294,Sample interaction 294 of type add_to_cart via email.,2,"{""device"":""desktop"",""campaign"":""spring_sale""}"
8,327,2,email_open,mobile_app,Email Open #295,Sample interaction 295 of type email_open via mobile_app.,2,"{""device"":""mobile"",""campaign"":""mobile_push""}"
10,294,8,purchase,store,Purchase #296,Sample interaction 296 of type purchase via store.,4,"{""device"":""mobile"",""campaign"":""mobile_push""}"
158,6,2,page_view,email,Page View #297,Sample interaction 297 of type page_view via email.,2,"{""device"":""desktop"",""campaign"":""spring_sale""}"
214,154,9,email_click,web,Email Click #298,Sample interaction 298 of type email_click via web.,3,"{""device"":""desktop"",""campaign"":""spring_sale""}"
61,309,2,page_view,mobile_app,Page View #299,Sample interaction 299 of type page_view via mobile_app.,4,"{""device"":""mobile"",""campaign"":""mobile_push""}"
164,638,8,add_to_cart,web,Add To Cart #300,Sample interaction 300 of type add_to_cart via web.,4,"{""device"":""desktop"",""campaign"":""spring_sale""}"
153,549,1,review,mobile_app,Review #301,Sample interaction 301 of type review via mobile_app.,3,"{""device"":""mobile"",""campaign"":""mobile_push""}"
110,2,6,review,support,Review #302,Sample interaction 302 of type review via support.,4,"{""device"":""mobile"",""campaign"":""mobile_push""}"
48,681,2,email_open,web,Email Open #303,Sample interaction 303 of type email_open via web.,5,"{""device"":""desktop"",""campaign"":""spring_sale""}"
140,520,9,page_view,store,Page View #304,Sample interaction 304 of type page_view via store.,4,"{""device"":""mobile"",""campaign"":""mobile_push""}"
12,651,7,email_open,email,Email Open #305,Sample interaction 305 of type email_open via email.,1,"{""device"":""desktop"",""campaign"":""spring_sale""}"
92,70,6,review,web,Review #306,Sample interaction 306 of type review via web.,5,"{""device"":""desktop"",""campaign"":""spring_sale""}"
189,775,6,purchase,web,Purchase #307,Sample interaction 307 of type purchase via web.,3,"{""device"":""desktop"",""campaign"":""spring_sale""}"
140,347,3,store_visit,store,Store Visit #308,Sample interaction 308 of type store_visit via store.,2,"{""device"":""mobile"",""campaign"":""mobile_push""}"
208,139,2,store_visit,web,Store Visit #309,Sample interaction 309 of type store_visit via web.,3,"{""device"":""desktop"",""campaign"":""spring_sale""}"
52,45,4,page_view,email,Page View #310,Sample interaction 310 of type page_view via email.,3,"{""device"":""desktop"",""campaign"":""spring_sale""}"
132,408,9,store_visit,email,Store Visit #311,Sample interaction 311 of type store_visit via email.,1,"{""device"":""desktop"",""campaign"":""spring_sale""}"
193,663,4,support_ticket,email,Support Ticket #312,Sample interaction 312 of type support_ticket via email.,1,"{""device"":""desktop"",""campaign"":""spring_sale""}"
222,672,6,support_ticket,web,Support Ticket #313,Sample interaction 313 of type support_ticket via web.,3,"{""device"":""desktop"",""campaign"":""spring_sale""}"
112,410,8,email_click,email,Email Click #314,Sample interaction 314 of type email_click via email.,2,"{""device"":""desktop"",""campaign"":""spring_sale""}"
128,709,8,email_open,support,Email Open #315,Sample interaction 315 of type email_open via support.,3,"{""device"":""mobile"",""campaign"":""mobile_push""}"
206,85,7,add_to_cart,store,Add To Cart #316,Sample interaction 316 of type add_to_cart via store.,5,"{""device"":""mobile"",""campaign"":""mobile_push""}"
211,185,9,support_ticket,email,Support Ticket #317,Sample interaction 317 of type support_ticket via email.,1,"{""device"":""desktop"",""campaign"":""spring_sale""}"
21,336,5,support_ticket,store,Support Ticket #318,Sample interaction 318 of type support_ticket via store.,5,"{""device"":""mobile"",""campaign"":""mobile_push""}"
184,437,3,store_visit,email,Store Visit #319,Sample interaction 319 of type store_visit via email.,4,"{""device"":""desktop"",""campaign"":""spring_sale""}"
11,745,6,email_click,email,Email Click #320,Sample interaction 320 of type email_click via email.,1,"{""device"":""desktop"",""campaign"":""spring_sale""}"
20,688,7,email_open,support,Email Open #321,Sample interaction 321 of type email_open via support.,2,"{""device"":""mobile"",""campaign"":""mobile_push""}"
244,32,3,store_visit,web,Store Visit #322,Sample interaction 322 of type store_visit via web.,2,"{""device"":""desktop"",""campaign"":""spring_sale""}"
18,242,6,email_open,store,Email Open #323,Sample interaction 323 of type email_open via store.,5,"{""device"":""mobile"",""campaign"":""mobile_push""}"
9,620,3,store_visit,email,Store Visit #324,Sample interaction 324 of type store_visit via email.,3,"{""device"":""desktop"",""campaign"":""spring_sale""}"
114,782,2,purchase,support,Purchase #325,Sample interaction 325 of type purchase via support.,3,"{""device"":""mobile"",""campaign"":""mobile_push""}"
102,322,5,review,web,Review #326,Sample interaction 326 of type review via web.,1,"{""device"":""desktop"",""campaign"":""spring_sale""}"
189,191,8,email_click,support,Email Click #327,Sample interaction 327 of type email_click via support.,1,"{""device"":""mobile"",""campaign"":""mobile_push""}"
68,794,5,store_visit,mobile_app,Store Visit #328,Sample interaction 328 of type store_visit via mobile_app.,5,"{""device"":""mobile"",""campaign"":""mobile_push""}"
74,711,8,review,web,Review #329,Sample interaction 329 of type review via web.,2,"{""device"":""desktop"",""campaign"":""spring_sale""}"
219,76,8,purchase,store,Purchase #330,Sample interaction 330 of type purchase via store.,1,"{""device"":""mobile"",""campaign"":""mobile_push""}"
208,699,6,email_open,web,Email Open #331,Sample interaction 331 of type email_open via web.,5,"{""device"":""desktop"",""campaign"":""spring_sale""}"
139,298,5,purchase,mobile_app,Purchase #332,Sample interaction 332 of type purchase via mobile_app.,3,"{""device"":""mobile"",""campaign"":""mobile_push""}"
131,230,2,review,mobile_app,Review #333,Sample interaction 333 of type review via mobile_app.,2,"{""device"":""mobile"",""campaign"":""mobile_push""}"
203,506,1,email_open,support,Email Open #334,Sample interaction 334 of type email_open via support.,5,"{""device"":""mobile"",""campaign"":""mobile_push""}"
95,479,9,purchase,support,Purchase #335,Sample interaction 335 of type purchase via support.,1,"{""device"":""mobile"",""campaign"":""mobile_push""}"
17,317,7,store_visit,support,Store Visit #336,Sample interaction 336 of type store_visit via support.,4,"{""device"":""mobile"",""campaign"":""mobile_push""}"
197,420,2,purchase,email,Purchase #337,Sample interaction 337 of type purchase via email.,1,"{""device"":""desktop"",""campaign"":""spring_sale""}"
116,478,9,email_open,mobile_app,Email Open #338,Sample interaction 338 of type email_open via mobile_app.,5,"{""device"":""mobile"",""campaign"":""mobile_push""}"
164,602,3,purchase,store,Purchase #339,Sample interaction 339 of type purchase via store.,5,"{""device"":""mobile"",""campaign"":""mobile_push""}"
234,57,2,purchase,email,Purchase #340,Sample interaction 340 of type purchase via email.,2,"{""device"":""desktop"",""campaign"":""spring_sale""}"
42,331,4,email_open,support,Email Open #341,Sample interaction 341 of type email_open via support.,3,"{""device"":""mobile"",""campaign"":""mobile_push""}"
217,81,5,review,support,Review #342,Sample interaction 342 of type review via support.,3,"{""device"":""mobile"",""campaign"":""mobile_push""}"
33,641,5,add_to_cart,support,Add To Cart #343,Sample interaction 343 of type add_to_cart via support.,2,"{""device"":""mobile"",""campaign"":""mobile_push""}"
152,595,3,purchase,support,Purchase #344,Sample interaction 344 of type purchase via support.,5,"{""device"":""mobile"",""campaign"":""mobile_push""}"
87,578,1,page_view,web,Page View #345,Sample interaction 345 of type page_view via web.,1,"{""device"":""desktop"",""campaign"":""spring_sale""}"
243,657,5,review,support,Review #346,Sample interaction 346 of type review via support.,4,"{""device"":""mobile"",""campaign"":""mobile_push""}"
159,655,1,store_visit,support,Store Visit #347,Sample interaction 347 of type store_visit via support.,3,"{""device"":""mobile"",""campaign"":""mobile_push""}"
165,310,8,review,store,Review #348,Sample interaction 348 of type review via store.,3,"{""device"":""mobile"",""campaign"":""mobile_push""}"
117,75,1,purchase,store,Purchase #349,Sample interaction 349 of type purchase via store.,4,"{""device"":""mobile"",""campaign"":""mobile_push""}"
124,476,4,email_open,support,Email Open #350,Sample interaction 350 of type email_open via support.,2,"{""device"":""mobile"",""campaign"":""mobile_push""}"
81,736,6,email_open,store,Email Open #351,Sample interaction 351 of type email_open via store.,2,"{""device"":""mobile"",""campaign"":""mobile_push""}"
195,380,9,add_to_cart,email,Add To Cart #352,Sample interaction 352 of type add_to_cart via email.,2,"{""device"":""desktop"",""campaign"":""spring_sale""}"
120,126,5,store_visit,mobile_app,Store Visit #353,Sample interaction 353 of type store_visit via mobile_app.,2,"{""device"":""mobile"",""campaign"":""mobile_push""}"
25,52,5,email_click,support,Email Click #354,Sample interaction 354 of type email_click via support.,4,"{""device"":""mobile"",""campaign"":""mobile_push""}"
64,164,6,email_open,mobile_app,Email Open #355,Sample interaction 355 of type email_open via mobile_app.,2,"{""device"":""mobile"",""campaign"":""mobile_push""}"
128,528,8,store_visit,email,Store Visit #356,Sample interaction 356 of type store_visit via email.,4,"{""device"":""desktop"",""campaign"":""spring_sale""}"
6,93,7,store_visit,mobile_app,Store Visit #357,Sample interaction 357 of type store_visit via mobile_app.,2,"{""device"":""mobile"",""campaign"":""mobile_push""}"
150,362,1,page_view,email,Page View #358,Sample interaction 358 of type page_view via email.,4,"{""device"":""desktop"",""campaign"":""spring_sale""}"
153,670,8,support_ticket,support,Support Ticket #359,Sample interaction 359 of type support_ticket via support.,1,"{""device"":""mobile"",""campaign"":""mobile_push""}"
217,111,7,purchase,email,Purchase #360,Sample interaction 360 of type purchase via email.,3,"{""device"":""desktop"",""campaign"":""spring_sale""}"
196,413,6,page_view,store,Page View #361,Sample interaction 361 of type page_view via store.,1,"{""device"":""mobile"",""campaign"":""mobile_push""}"
146,576,4,email_open,support,Email Open #362,Sample interaction 362 of type email_open via support.,3,"{""device"":""mobile"",""campaign"":""mobile_push""}"
19,396,9,store_visit,support,Store Visit #363,Sample interaction 363 of type store_visit via support.,3,"{""device"":""mobile"",""campaign"":""mobile_push""}"
212,639,2,purchase,web,Purchase #364,Sample interaction 364 of type purchase via web.,4,"{""device"":""desktop"",""campaign"":""spring_sale""}"
96,348,9,email_open,mobile_app,Email Open #365,Sample interaction 365 of type email_open via mobile_app.,2,"{""device"":""mobile"",""campaign"":""mobile_push""}"
155,522,7,page_view,web,Page View #366,Sample interaction 366 of type page_view via web.,1,"{""device"":""desktop"",""campaign"":""spring_sale""}"
36,731,6,store_visit,support,Store Visit #367,Sample interaction 367 of type store_visit via support.,4,"{""device"":""mobile"",""campaign"":""mobile_push""}"
39,621,9,purchase,email,Purchase #368,Sample interaction 368 of type purchase via email.,5,"{""device"":""desktop"",""campaign"":""spring_sale""}"
82,167,7,support_ticket,support,Support Ticket #369,Sample interaction 369 of type support_ticket via support.,3,"{""device"":""mobile"",""campaign"":""mobile_push""}"
130,522,9,store_visit,support,Store Visit #370,Sample interaction 370 of type store_visit via support.,3,"{""device"":""mobile"",""campaign"":""mobile_push""}"
122,18,6,email_open,web,Email Open #371,Sample interaction 371 of type email_open via web.,4,"{""device"":""desktop"",""campaign"":""spring_sale""}"
150,316,1,store_visit,email,Store Visit #372,Sample interaction 372 of type store_visit via email.,5,"{""device"":""desktop"",""campaign"":""spring_sale""}"
148,234,1,store_visit,mobile_app,Store Visit #373,Sample interaction 373 of type store_visit via mobile_app.,5,"{""device"":""mobile"",""campaign"":""mobile_push""}"
162,739,7,purchase,mobile_app,Purchase #374,Sample interaction 374 of type purchase via mobile_app.,1,"{""device"":""mobile"",""campaign"":""mobile_push""}"
147,718,2,review,web,Review #375,Sample interaction 375 of type review via web.,4,"{""device"":""desktop"",""campaign"":""spring_sale""}"
81,429,3,email_click,mobile_app,Email Click #376,Sample interaction 376 of type email_click via mobile_app.,4,"{""device"":""mobile"",""campaign"":""mobile_push""}"
129,794,8,page_view,mobile_app,Page View #377,Sample interaction 377 of type page_view via mobile_app.,5,"{""device"":""mobile"",""campaign"":""mobile_push""}"
54,575,6,store_visit,support,Store Visit #378,Sample interaction 378 of type store_visit via support.,4,"{""device"":""mobile"",""campaign"":""mobile_push""}"
81,178,8,email_open,support,Email Open #379,Sample interaction 379 of type email_open via support.,3,"{""device"":""mobile"",""campaign"":""mobile_push""}"
174,791,5,store_visit,mobile_app,Store Visit #380,Sample interaction 380 of type store_visit via mobile_app.,2,"{""device"":""mobile"",""campaign"":""mobile_push""}"
72,572,5,review,email,Review #381,Sample interaction 381 of type review via email.,3,"{""device"":""desktop"",""campaign"":""spring_sale""}"
181,213,8,email_open,store,Email Open #382,Sample interaction 382 of type email_open via store.,3,"{""device"":""mobile"",""campaign"":""mobile_push""}"
144,739,5,support_ticket,web,Support Ticket #383,Sample interaction 383 of type support_ticket via web.,5,"{""device"":""desktop"",""campaign"":""spring_sale""}"
174,557,7,email_click,email,Email Click #384,Sample interaction 384 of type email_click via email.,2,"{""device"":""desktop"",""campaign"":""spring_sale""}"
75,44,5,add_to_cart,email,Add To Cart #385,Sample interaction 385 of type add_to_cart via email.,4,"{""device"":""desktop"",""campaign"":""spring_sale""}"
168,263,8,review,mobile_app,Review #386,Sample interaction 386 of type review via mobile_app.,5,"{""device"":""mobile"",""campaign"":""mobile_push""}"
70,576,5,purchase,web,Purchase #387,Sample interaction 387 of type purchase via web.,5,"{""device"":""desktop"",""campaign"":""spring_sale""}"
190,601,4,review,web,Review #388,Sample interaction 388 of type review via web.,5,"{""device"":""desktop"",""campaign"":""spring_sale""}"
58,654,4,page_view,web,Page View #389,Sample interaction 389 of type page_view via web.,4,"{""device"":""desktop"",""campaign"":""spring_sale""}"
85,735,8,add_to_cart,mobile_app,Add To Cart #390,Sample interaction 390 of type add_to_cart via mobile_app.,1,"{""device"":""mobile"",""campaign"":""mobile_push""}"
247,564,3,email_click,store,Email Click #391,Sample interaction 391 of type email_click via store.,4,"{""device"":""mobile"",""campaign"":""mobile_push""}"
167,205,5,email_open,email,Email Open #392,Sample interaction 392 of type email_open via email.,1,"{""device"":""desktop"",""campaign"":""spring_sale""}"
233,788,2,review,support,Review #393,Sample interaction 393 of type review via support.,1,"{""device"":""mobile"",""campaign"":""mobile_push""}"
234,180,7,purchase,web,Purchase #394,Sample interaction 394 of type purchase via web.,4,"{""device"":""desktop"",""campaign"":""spring_sale""}"
202,508,3,support_ticket,web,Support Ticket #395,Sample interaction 395 of type support_ticket via web.,1,"{""device"":""desktop"",""campaign"":""spring_sale""}"
77,582,2,email_open,email,Email Open #396,Sample interaction 396 of type email_open via email.,4,"{""device"":""desktop"",""campaign"":""spring_sale""}"
165,557,9,store_visit,mobile_app,Store Visit #397,Sample interaction 397 of type store_visit via mobile_app.,5,"{""device"":""mobile"",""campaign"":""mobile_push""}"
120,280,4,add_to_cart,email,Add To Cart #398,Sample interaction 398 of type add_to_cart via email.,2,"{""device"":""desktop"",""campaign"":""spring_sale""}"
188,470,5,purchase,web,Purchase #399,Sample interaction 399 of type purchase via web.,3,"{""device"":""desktop"",""campaign"":""spring_sale""}"
203,303,4,purchase,support,Purchase #400,Sample interaction 400 of type purchase via support.,4,"{""device"":""mobile"",""campaign"":""mobile_push""}"
212,438,9,email_open,web,Email Open #401,Sample interaction 401 of type email_open via web.,4,"{""device"":""desktop"",""campaign"":""spring_sale""}"
172,98,3,purchase,store,Purchase #402,Sample interaction 402 of type purchase via store.,3,"{""device"":""mobile"",""campaign"":""mobile_push""}"
240,255,1,support_ticket,store,Support Ticket #403,Sample interaction 403 of type support_ticket via store.,2,"{""device"":""mobile"",""campaign"":""mobile_push""}"
115,772,5,email_open,email,Email Open #404,Sample interaction 404 of type email_open via email.,5,"{""device"":""desktop"",""campaign"":""spring_sale""}"
186,587,1,support_ticket,email,Support Ticket #405,Sample interaction 405 of type support_ticket via email.,2,"{""device"":""desktop"",""campaign"":""spring_sale""}"
16,684,2,store_visit,email,Store Visit #406,Sample interaction 406 of type store_visit via email.,2,"{""device"":""desktop"",""campaign"":""spring_sale""}"
104,703,9,support_ticket,web,Support Ticket #407,Sample interaction 407 of type support_ticket via web.,3,"{""device"":""desktop"",""campaign"":""spring_sale""}"
95,630,4,review,mobile_app,Review #408,Sample interaction 408 of type review via mobile_app.,4,"{""device"":""mobile"",""campaign"":""mobile_push""}"
40,466,6,email_click,support,Email Click #409,Sample interaction 409 of type email_click via support.,4,"{""device"":""mobile"",""campaign"":""mobile_push""}"
194,551,4,review,support,Review #410,Sample interaction 410 of type review via support.,1,"{""device"":""mobile"",""campaign"":""mobile_push""}"
135,458,9,email_open,web,Email Open #411,Sample interaction 411 of type email_open via web.,5,"{""device"":""desktop"",""campaign"":""spring_sale""}"
29,64,9,review,support,Review #412,Sample interaction 412 of type review via support.,5,"{""device"":""mobile"",""campaign"":""mobile_push""}"
39,169,6,store_visit,web,Store Visit #413,Sample interaction 413 of type store_visit via web.,2,"{""device"":""desktop"",""campaign"":""spring_sale""}"
184,598,8,add_to_cart,support,Add To Cart #414,Sample interaction 414 of type add_to_cart via support.,4,"{""device"":""mobile"",""campaign"":""mobile_push""}"
208,57,8,purchase,support,Purchase #415,Sample interaction 415 of type purchase via support.,4,"{""device"":""mobile"",""campaign"":""mobile_push""}"
117,578,1,store_visit,email,Store Visit #416,Sample interaction 416 of type store_visit via email.,1,"{""device"":""desktop"",""campaign"":""spring_sale""}"
102,261,1,review,support,Review #417,Sample interaction 417 of type review via support.,1,"{""device"":""mobile"",""campaign"":""mobile_push""}"
12,434,6,add_to_cart,support,Add To Cart #418,Sample interaction 418 of type add_to_cart via support.,1,"{""device"":""mobile"",""campaign"":""mobile_push""}"
240,71,8,page_view,email,Page View #419,Sample interaction 419 of type page_view via email.,4,"{""device"":""desktop"",""campaign"":""spring_sale""}"
47,788,3,email_click,email,Email Click #420,Sample interaction 420 of type email_click via email.,4,"{""device"":""desktop"",""campaign"":""spring_sale""}"
115,387,7,add_to_cart,support,Add To Cart #421,Sample interaction 421 of type add_to_cart via support.,2,"{""device"":""mobile"",""campaign"":""mobile_push""}"
168,357,2,purchase,support,Purchase #422,Sample interaction 422 of type purchase via support.,4,"{""device"":""mobile"",""campaign"":""mobile_push""}"
136,131,4,page_view,web,Page View #423,Sample interaction 423 of type page_view via web.,3,"{""device"":""desktop"",""campaign"":""spring_sale""}"
119,690,9,email_click,support,Email Click #424,Sample interaction 424 of type email_click via support.,4,"{""device"":""mobile"",""campaign"":""mobile_push""}"
211,236,4,store_visit,email,Store Visit #425,Sample interaction 425 of type store_visit via email.,2,"{""device"":""desktop"",""campaign"":""spring_sale""}"
71,194,2,page_view,store,Page View #426,Sample interaction 426 of type page_view via store.,5,"{""device"":""mobile"",""campaign"":""mobile_push""}"
197,17,4,review,web,Review #427,Sample interaction 427 of type review via web.,1,"{""device"":""desktop"",""campaign"":""spring_sale""}"
153,35,8,page_view,mobile_app,Page View #428,Sample interaction 428 of type page_view via mobile_app.,1,"{""device"":""mobile"",""campaign"":""mobile_push""}"
103,450,4,review,web,Review #429,Sample interaction 429 of type review via web.,2,"{""device"":""desktop"",""campaign"":""spring_sale""}"
129,297,4,email_open,support,Email Open #430,Sample interaction 430 of type email_open via support.,5,"{""device"":""mobile"",""campaign"":""mobile_push""}"
198,689,6,review,email,Review #431,Sample interaction 431 of type review via email.,2,"{""device"":""desktop"",""campaign"":""spring_sale""}"
170,534,4,email_click,email,Email Click #432,Sample interaction 432 of type email_click via email.,3,"{""device"":""desktop"",""campaign"":""spring_sale""}"
16,571,3,email_click,support,Email Click #433,Sample interaction 433 of type email_click via support.,4,"{""device"":""mobile"",""campaign"":""mobile_push""}"
13,353,7,email_open,store,Email Open #434,Sample interaction 434 of type email_open via store.,4,"{""device"":""mobile"",""campaign"":""mobile_push""}"
39,308,7,purchase,support,Purchase #435,Sample interaction 435 of type purchase via support.,4,"{""device"":""mobile"",""campaign"":""mobile_push""}"
62,231,5,purchase,store,Purchase #436,Sample interaction 436 of type purchase via store.,1,"{""device"":""mobile"",""campaign"":""mobile_push""}"
144,423,7,purchase,store,Purchase #437,Sample interaction 437 of type purchase via store.,2,"{""device"":""mobile"",""campaign"":""mobile_push""}"
66,209,6,add_to_cart,store,Add To Cart #438,Sample interaction 438 of type add_to_cart via store.,3,"{""device"":""mobile"",""campaign"":""mobile_push""}"
24,549,4,page_view,email,Page View #439,Sample interaction 439 of type page_view via email.,4,"{""device"":""desktop"",""campaign"":""spring_sale""}"
173,620,1,add_to_cart,mobile_app,Add To Cart #440,Sample interaction 440 of type add_to_cart via mobile_app.,5,"{""device"":""mobile"",""campaign"":""mobile_push""}"
186,688,9,review,store,Review #441,Sample interaction 441 of type review via store.,2,"{""device"":""mobile"",""campaign"":""mobile_push""}"
223,341,5,page_view,mobile_app,Page View #442,Sample interaction 442 of type page_view via mobile_app.,2,"{""device"":""mobile"",""campaign"":""mobile_push""}"
247,760,2,store_visit,mobile_app,Store Visit #443,Sample interaction 443 of type store_visit via mobile_app.,5,"{""device"":""mobile"",""campaign"":""mobile_push""}"
181,210,7,review,support,Review #444,Sample interaction 444 of type review via support.,3,"{""device"":""mobile"",""campaign"":""mobile_push""}"
199,290,7,store_visit,support,Store Visit #445,Sample interaction 445 of type store_visit via support.,3,"{""device"":""mobile"",""campaign"":""mobile_push""}"
79,268,6,store_visit,store,Store Visit #446,Sample interaction 446 of type store_visit via store.,1,"{""device"":""mobile"",""campaign"":""mobile_push""}"
206,740,8,email_open,mobile_app,Email Open #447,Sample interaction 447 of type email_open via mobile_app.,3,"{""device"":""mobile"",""campaign"":""mobile_push""}"
81,424,1,review,mobile_app,Review #448,Sample interaction 448 of type review via mobile_app.,1,"{""device"":""mobile"",""campaign"":""mobile_push""}"
67,567,7,support_ticket,mobile_app,Support Ticket #449,Sample interaction 449 of type support_ticket via mobile_app.,2,"{""device"":""mobile"",""campaign"":""mobile_push""}"
85,236,7,review,store,Review #450,Sample interaction 450 of type review via store.,5,"{""device"":""mobile"",""campaign"":""mobile_push""}"
168,702,6,support_ticket,store,Support Ticket #451,Sample interaction 451 of type support_ticket via store.,4,"{""device"":""mobile"",""campaign"":""mobile_push""}"
118,173,6,purchase,mobile_app,Purchase #452,Sample interaction 452 of type purchase via mobile_app.,5,"{""device"":""mobile"",""campaign"":""mobile_push""}"
126,189,9,page_view,support,Page View #453,Sample interaction 453 of type page_view via support.,1,"{""device"":""mobile"",""campaign"":""mobile_push""}"
215,77,1,page_view,store,Page View #454,Sample interaction 454 of type page_view via store.,2,"{""device"":""mobile"",""campaign"":""mobile_push""}"
216,646,4,add_to_cart,mobile_app,Add To Cart #455,Sample interaction 455 of type add_to_cart via mobile_app.,1,"{""device"":""mobile"",""campaign"":""mobile_push""}"
56,518,8,email_open,web,Email Open #456,Sample interaction 456 of type email_open via web.,5,"{""device"":""desktop"",""campaign"":""spring_sale""}"
164,683,8,store_visit,web,Store Visit #457,Sample interaction 457 of type store_visit via web.,1,"{""device"":""desktop"",""campaign"":""spring_sale""}"
137,565,7,page_view,web,Page View #458,Sample interaction 458 of type page_view via web.,5,"{""device"":""desktop"",""campaign"":""spring_sale""}"
185,282,9,support_ticket,web,Support Ticket #459,Sample interaction 459 of type support_ticket via web.,5,"{""device"":""desktop"",""campaign"":""spring_sale""}"
209,715,7,purchase,web,Purchase #460,Sample interaction 460 of type purchase via web.,1,"{""device"":""desktop"",""campaign"":""spring_sale""}"
135,153,4,review,support,Review #461,Sample interaction 461 of type review via support.,5,"{""device"":""mobile"",""campaign"":""mobile_push""}"
65,363,5,email_click,web,Email Click #462,Sample interaction 462 of type email_click via web.,3,"{""device"":""desktop"",""campaign"":""spring_sale""}"
246,416,8,review,mobile_app,Review #463,Sample interaction 463 of type review via mobile_app.,3,"{""device"":""mobile"",""campaign"":""mobile_push""}"
176,83,1,add_to_cart,store,Add To Cart #464,Sample interaction 464 of type add_to_cart via store.,4,"{""device"":""mobile"",""campaign"":""mobile_push""}"
97,566,8,page_view,web,Page View #465,Sample interaction 465 of type page_view via web.,2,"{""device"":""desktop"",""campaign"":""spring_sale""}"
22,512,7,email_open,support,Email Open #466,Sample interaction 466 of type email_open via support.,1,"{""device"":""mobile"",""campaign"":""mobile_push""}"
230,541,1,review,mobile_app,Review #467,Sample interaction 467 of type review via mobile_app.,5,"{""device"":""mobile"",""campaign"":""mobile_push""}"
122,278,1,add_to_cart,email,Add To Cart #468,Sample interaction 468 of type add_to_cart via email.,5,"{""device"":""desktop"",""campaign"":""spring_sale""}"
145,674,1,purchase,email,Purchase #469,Sample interaction 469 of type purchase via email.,1,"{""device"":""desktop"",""campaign"":""spring_sale""}"
247,213,3,email_click,web,Email Click #470,Sample interaction 470 of type email_click via web.,3,"{""device"":""desktop"",""campaign"":""spring_sale""}"
42,578,4,email_click,support,Email Click #471,Sample interaction 471 of type email_click via support.,3,"{""device"":""mobile"",""campaign"":""mobile_push""}"
99,774,3,add_to_cart,support,Add To Cart #472,Sample interaction 472 of type add_to_cart via support.,3,"{""device"":""mobile"",""campaign"":""mobile_push""}"
14,101,7,review,web,Review #473,Sample interaction 473 of type review via web.,3,"{""device"":""desktop"",""campaign"":""spring_sale""}"
155,788,7,email_open,web,Email Open #474,Sample interaction 474 of type email_open via web.,3,"{""device"":""desktop"",""campaign"":""spring_sale""}"
201,462,8,review,email,Review #475,Sample interaction 475 of type review via email.,5,"{""device"":""desktop"",""campaign"":""spring_sale""}"
241,385,7,purchase,support,Purchase #476,Sample interaction 476 of type purchase via support.,4,"{""device"":""mobile"",""campaign"":""mobile_push""}"
22,791,5,review,web,Review #477,Sample interaction 477 of type review via web.,1,"{""device"":""desktop"",""campaign"":""spring_sale""}"
69,158,7,purchase,store,Purchase #478,Sample interaction 478 of type purchase via store.,3,"{""device"":""mobile"",""campaign"":""mobile_push""}"
93,110,2,page_view,email,Page View #479,Sample interaction 479 of type page_view via email.,4,"{""device"":""desktop"",""campaign"":""spring_sale""}"
93,780,5,add_to_cart,mobile_app,Add To Cart #480,Sample interaction 480 of type add_to_cart via mobile_app.,1,"{""device"":""mobile"",""campaign"":""mobile_push""}"
48,442,8,email_click,web,Email Click #481,Sample interaction 481 of type email_click via web.,1,"{""device"":""desktop"",""campaign"":""spring_sale""}"
23,363,9,add_to_cart,support,Add To Cart #482,Sample interaction 482 of type add_to_cart via support.,5,"{""device"":""mobile"",""campaign"":""mobile_push""}"
201,333,7,page_view,email,Page View #483,Sample interaction 483 of type page_view via email.,4,"{""device"":""desktop"",""campaign"":""spring_sale""}"
100,798,2,review,support,Review #484,Sample interaction 484 of type review via support.,5,"{""device"":""mobile"",""campaign"":""mobile_push""}"
44,702,7,purchase,mobile_app,Purchase #485,Sample interaction 485 of type purchase via mobile_app.,3,"{""device"":""mobile"",""campaign"":""mobile_push""}"
78,275,8,purchase,web,Purchase #486,Sample interaction 486 of type purchase via web.,2,"{""device"":""desktop"",""campaign"":""spring_sale""}"
112,283,7,support_ticket,store,Support Ticket #487,Sample interaction 487 of type support_ticket via store.,1,"{""device"":""mobile"",""campaign"":""mobile_push""}"
93,258,4,store_visit,support,Store Visit #488,Sample interaction 488 of type store_visit via support.,5,"{""device"":""mobile"",""campaign"":""mobile_push""}"
51,469,2,purchase,email,Purchase #489,Sample interaction 489 of type purchase via email.,1,"{""device"":""desktop"",""campaign"":""spring_sale""}"
243,406,6,email_click,email,Email Click #490,Sample interaction 490 of type email_click via email.,4,"{""device"":""desktop"",""campaign"":""spring_sale""}"
86,441,3,support_ticket,email,Support Ticket #491,Sample interaction 491 of type support_ticket via email.,5,"{""device"":""desktop"",""campaign"":""spring_sale""}"
243,712,4,store_visit,email,Store Visit #492,Sample interaction 492 of type store_visit via email.,2,"{""device"":""desktop"",""campaign"":""spring_sale""}"
247,408,6,support_ticket,store,Support Ticket #493,Sample interaction 493 of type support_ticket via store.,5,"{""device"":""mobile"",""campaign"":""mobile_push""}"
201,249,6,email_click,email,Email Click #494,Sample interaction 494 of type email_click via email.,4,"{""device"":""desktop"",""campaign"":""spring_sale""}"
94,117,4,purchase,support,Purchase #495,Sample interaction 495 of type purchase via support.,1,"{""device"":""mobile"",""campaign"":""mobile_push""}"
244,745,8,review,store,Review #496,Sample interaction 496 of type review via store.,3,"{""device"":""mobile"",""campaign"":""mobile_push""}"
213,710,2,email_click,store,Email Click #497,Sample interaction 497 of type email_click via store.,2,"{""device"":""mobile"",""campaign"":""mobile_push""}"
163,311,4,support_ticket,mobile_app,Support Ticket #498,Sample interaction 498 of type support_ticket via mobile_app.,4,"{""device"":""mobile"",""campaign"":""mobile_push""}"
203,387,2,store_visit,support,Store Visit #499,Sample interaction 499 of type store_visit via support.,4,"{""device"":""mobile"",""campaign"":""mobile_push""}"
150,411,9,email_click,support,Email Click #500,Sample interaction 500 of type email_click via support.,1,"{""device"":""mobile"",""campaign"":""mobile_push""}"
203,369,9,add_to_cart,web,Add To Cart #501,Sample interaction 501 of type add_to_cart via web.,2,"{""device"":""desktop"",""campaign"":""spring_sale""}"
169,681,6,purchase,support,Purchase #502,Sample interaction 502 of type purchase via support.,1,"{""device"":""mobile"",""campaign"":""mobile_push""}"
145,661,7,email_open,store,Email Open #503,Sample interaction 503 of type email_open via store.,1,"{""device"":""mobile"",""campaign"":""mobile_push""}"
3,101,5,review,support,Review #504,Sample interaction 504 of type review via support.,5,"{""device"":""mobile"",""campaign"":""mobile_push""}"
143,595,4,store_visit,email,Store Visit #505,Sample interaction 505 of type store_visit via email.,4,"{""device"":""desktop"",""campaign"":""spring_sale""}"
119,791,9,purchase,email,Purchase #506,Sample interaction 506 of type purchase via email.,1,"{""device"":""desktop"",""campaign"":""spring_sale""}"
124,108,5,email_click,web,Email Click #507,Sample interaction 507 of type email_click via web.,1,"{""device"":""desktop"",""campaign"":""spring_sale""}"
213,748,3,email_open,email,Email Open #508,Sample interaction 508 of type email_open via email.,3,"{""device"":""desktop"",""campaign"":""spring_sale""}"
117,212,9,store_visit,email,Store Visit #509,Sample interaction 509 of type store_visit via email.,4,"{""device"":""desktop"",""campaign"":""spring_sale""}"
25,449,8,email_open,web,Email Open #510,Sample interaction 510 of type email_open via web.,3,"{""device"":""desktop"",""campaign"":""spring_sale""}"
12,728,2,page_view,email,Page View #511,Sample interaction 511 of type page_view via email.,1,"{""device"":""desktop"",""campaign"":""spring_sale""}"
174,169,4,purchase,support,Purchase #512,Sample interaction 512 of type purchase via support.,2,"{""device"":""mobile"",""campaign"":""mobile_push""}"
85,574,7,store_visit,mobile_app,Store Visit #513,Sample interaction 513 of type store_visit via mobile_app.,4,"{""device"":""mobile"",""campaign"":""mobile_push""}"
162,189,3,email_click,store,Email Click #514,Sample interaction 514 of type email_click via store.,1,"{""device"":""mobile"",""campaign"":""mobile_push""}"
189,629,4,store_visit,support,Store Visit #515,Sample interaction 515 of type store_visit via support.,4,"{""device"":""mobile"",""campaign"":""mobile_push""}"
100,5,4,review,email,Review #516,Sample interaction 516 of type review via email.,1,"{""device"":""desktop"",""campaign"":""spring_sale""}"
148,105,9,purchase,email,Purchase #517,Sample interaction 517 of type purchase via email.,3,"{""device"":""desktop"",""campaign"":""spring_sale""}"
51,469,2,support_ticket,store,Support Ticket #518,Sample interaction 518 of type support_ticket via store.,5,"{""device"":""mobile"",""campaign"":""mobile_push""}"
248,655,6,email_click,support,Email Click #519,Sample interaction 519 of type email_click via support.,4,"{""device"":""mobile"",""campaign"":""mobile_push""}"
151,117,6,email_open,store,Email Open #520,Sample interaction 520 of type email_open via store.,5,"{""device"":""mobile"",""campaign"":""mobile_push""}"
45,690,5,add_to_cart,mobile_app,Add To Cart #521,Sample interaction 521 of type add_to_cart via mobile_app.,3,"{""device"":""mobile"",""campaign"":""mobile_push""}"
31,245,5,add_to_cart,mobile_app,Add To Cart #522,Sample interaction 522 of type add_to_cart via mobile_app.,3,"{""device"":""mobile"",""campaign"":""mobile_push""}"
178,145,9,email_click,store,Email Click #523,Sample interaction 523 of type email_click via store.,5,"{""device"":""mobile"",""campaign"":""mobile_push""}"
36,589,7,email_click,mobile_app,Email Click #524,Sample interaction 524 of type email_click via mobile_app.,4,"{""device"":""mobile"",""campaign"":""mobile_push""}"
163,551,3,purchase,store,Purchase #525,Sample interaction 525 of type purchase via store.,3,"{""device"":""mobile"",""campaign"":""mobile_push""}"
36,192,6,store_visit,support,Store Visit #526,Sample interaction 526 of type store_visit via support.,1,"{""device"":""mobile"",""campaign"":""mobile_push""}"
222,368,1,store_visit,mobile_app,Store Visit #527,Sample interaction 527 of type store_visit via mobile_app.,2,"{""device"":""mobile"",""campaign"":""mobile_push""}"
209,394,9,store_visit,store,Store Visit #528,Sample interaction 528 of type store_visit via store.,4,"{""device"":""mobile"",""campaign"":""mobile_push""}"
107,728,8,store_visit,mobile_app,Store Visit #529,Sample interaction 529 of type store_visit via mobile_app.,1,"{""device"":""mobile"",""campaign"":""mobile_push""}"
145,32,4,support_ticket,web,Support Ticket #530,Sample interaction 530 of type support_ticket via web.,3,"{""device"":""desktop"",""campaign"":""spring_sale""}"
58,551,5,purchase,store,Purchase #531,Sample interaction 531 of type purchase via store.,5,"{""device"":""mobile"",""campaign"":""mobile_push""}"
191,792,8,add_to_cart,support,Add To Cart #532,Sample interaction 532 of type add_to_cart via support.,1,"{""device"":""mobile"",""campaign"":""mobile_push""}"
69,794,9,email_open,support,Email Open #533,Sample interaction 533 of type email_open via support.,1,"{""device"":""mobile"",""campaign"":""mobile_push""}"
195,737,8,review,store,Review #534,Sample interaction 534 of type review via store.,1,"{""device"":""mobile"",""campaign"":""mobile_push""}"
189,670,4,support_ticket,web,Support Ticket #535,Sample interaction 535 of type support_ticket via web.,4,"{""device"":""desktop"",""campaign"":""spring_sale""}"
68,357,2,store_visit,web,Store Visit #536,Sample interaction 536 of type store_visit via web.,2,"{""device"":""desktop"",""campaign"":""spring_sale""}"
54,756,6,email_click,mobile_app,Email Click #537,Sample interaction 537 of type email_click via mobile_app.,5,"{""device"":""mobile"",""campaign"":""mobile_push""}"
36,212,4,page_view,support,Page View #538,Sample interaction 538 of type page_view via support.,3,"{""device"":""mobile"",""campaign"":""mobile_push""}"
137,288,9,purchase,email,Purchase #539,Sample interaction 539 of type purchase via email.,3,"{""device"":""desktop"",""campaign"":""spring_sale""}"
75,587,5,add_to_cart,mobile_app,Add To Cart #540,Sample interaction 540 of type add_to_cart via mobile_app.,4,"{""device"":""mobile"",""campaign"":""mobile_push""}"
236,61,5,purchase,mobile_app,Purchase #541,Sample interaction 541 of type purchase via mobile_app.,2,"{""device"":""mobile"",""campaign"":""mobile_push""}"
38,729,6,review,store,Review #542,Sample interaction 542 of type review via store.,4,"{""device"":""mobile"",""campaign"":""mobile_push""}"
37,592,5,email_click,store,Email Click #543,Sample interaction 543 of type email_click via store.,4,"{""device"":""mobile"",""campaign"":""mobile_push""}"
20,649,2,email_click,support,Email Click #544,Sample interaction 544 of type email_click via support.,3,"{""device"":""mobile"",""campaign"":""mobile_push""}"
178,378,8,store_visit,email,Store Visit #545,Sample interaction 545 of type store_visit via email.,5,"{""device"":""desktop"",""campaign"":""spring_sale""}"
1,793,2,store_visit,email,Store Visit #546,Sample interaction 546 of type store_visit via email.,1,"{""device"":""desktop"",""campaign"":""spring_sale""}"
204,548,7,review,store,Review #547,Sample interaction 547 of type review via store.,2,"{""device"":""mobile"",""campaign"":""mobile_push""}"
127,275,6,support_ticket,email,Support Ticket #548,Sample interaction 548 of type support_ticket via email.,5,"{""device"":""desktop"",""campaign"":""spring_sale""}"
148,134,8,email_open,web,Email Open #549,Sample interaction 549 of type email_open via web.,1,"{""device"":""desktop"",""campaign"":""spring_sale""}"
26,642,8,page_view,web,Page View #550,Sample interaction 550 of type page_view via web.,2,"{""device"":""desktop"",""campaign"":""spring_sale""}"
113,468,1,email_click,mobile_app,Email Click #551,Sample interaction 551 of type email_click via mobile_app.,2,"{""device"":""mobile"",""campaign"":""mobile_push""}"
226,666,5,purchase,email,Purchase #552,Sample interaction 552 of type purchase via email.,1,"{""device"":""desktop"",""campaign"":""spring_sale""}"
168,370,5,add_to_cart,email,Add To Cart #553,Sample interaction 553 of type add_to_cart via email.,2,"{""device"":""desktop"",""campaign"":""spring_sale""}"
14,406,5,review,store,Review #554,Sample interaction 554 of type review via store.,1,"{""device"":""mobile"",""campaign"":""mobile_push""}"
181,98,1,review,store,Review #555,Sample interaction 555 of type review via store.,1,"{""device"":""mobile"",""campaign"":""mobile_push""}"
34,608,4,store_visit,web,Store Visit #556,Sample interaction 556 of type store_visit via web.,1,"{""device"":""desktop"",""campaign"":""spring_sale""}"
179,352,2,email_click,mobile_app,Email Click #557,Sample interaction 557 of type email_click via mobile_app.,4,"{""device"":""mobile"",""campaign"":""mobile_push""}"
19,235,7,add_to_cart,web,Add To Cart #558,Sample interaction 558 of type add_to_cart via web.,1,"{""device"":""desktop"",""campaign"":""spring_sale""}"
81,377,5,purchase,store,Purchase #559,Sample interaction 559 of type purchase via store.,2,"{""device"":""mobile"",""campaign"":""mobile_push""}"
165,694,3,add_to_cart,support,Add To Cart #560,Sample interaction 560 of type add_to_cart via support.,5,"{""device"":""mobile"",""campaign"":""mobile_push""}"
3,625,3,store_visit,email,Store Visit #561,Sample interaction 561 of type store_visit via email.,2,"{""device"":""desktop"",""campaign"":""spring_sale""}"
161,767,3,email_click,support,Email Click #562,Sample interaction 562 of type email_click via support.,4,"{""device"":""mobile"",""campaign"":""mobile_push""}"
221,223,2,add_to_cart,mobile_app,Add To Cart #563,Sample interaction 563 of type add_to_cart via mobile_app.,1,"{""device"":""mobile"",""campaign"":""mobile_push""}"
151,748,7,email_open,store,Email Open #564,Sample interaction 564 of type email_open via store.,3,"{""device"":""mobile"",""campaign"":""mobile_push""}"
203,144,4,support_ticket,web,Support Ticket #565,Sample interaction 565 of type support_ticket via web.,2,"{""device"":""desktop"",""campaign"":""spring_sale""}"
142,616,5,page_view,email,Page View #566,Sample interaction 566 of type page_view via email.,2,"{""device"":""desktop"",""campaign"":""spring_sale""}"
133,622,9,review,store,Review #567,Sample interaction 567 of type review via store.,3,"{""device"":""mobile"",""campaign"":""mobile_push""}"
166,56,4,store_visit,store,Store Visit #568,Sample interaction 568 of type store_visit via store.,1,"{""device"":""mobile"",""campaign"":""mobile_push""}"
62,512,2,page_view,email,Page View #569,Sample interaction 569 of type page_view via email.,3,"{""device"":""desktop"",""campaign"":""spring_sale""}"
34,397,7,email_open,support,Email Open #570,Sample interaction 570 of type email_open via support.,2,"{""device"":""mobile"",""campaign"":""mobile_push""}"
196,483,2,page_view,support,Page View #571,Sample interaction 571 of type page_view via support.,1,"{""device"":""mobile"",""campaign"":""mobile_push""}"
4,269,4,page_view,web,Page View #572,Sample interaction 572 of type page_view via web.,4,"{""device"":""desktop"",""campaign"":""spring_sale""}"
130,294,9,email_click,store,Email Click #573,Sample interaction 573 of type email_click via store.,4,"{""device"":""mobile"",""campaign"":""mobile_push""}"
22,656,9,purchase,email,Purchase #574,Sample interaction 574 of type purchase via email.,1,"{""device"":""desktop"",""campaign"":""spring_sale""}"
80,81,9,review,mobile_app,Review #575,Sample interaction 575 of type review via mobile_app.,5,"{""device"":""mobile"",""campaign"":""mobile_push""}"
84,401,2,support_ticket,store,Support Ticket #576,Sample interaction 576 of type support_ticket via store.,2,"{""device"":""mobile"",""campaign"":""mobile_push""}"
15,251,2,email_click,web,Email Click #577,Sample interaction 577 of type email_click via web.,4,"{""device"":""desktop"",""campaign"":""spring_sale""}"
157,624,1,support_ticket,mobile_app,Support Ticket #578,Sample interaction 578 of type support_ticket via mobile_app.,1,"{""device"":""mobile"",""campaign"":""mobile_push""}"
4,725,3,page_view,mobile_app,Page View #579,Sample interaction 579 of type page_view via mobile_app.,4,"{""device"":""mobile"",""campaign"":""mobile_push""}"
244,356,9,support_ticket,mobile_app,Support Ticket #580,Sample interaction 580 of type support_ticket via mobile_app.,3,"{""device"":""mobile"",""campaign"":""mobile_push""}"
33,768,5,add_to_cart,web,Add To Cart #581,Sample interaction 581 of type add_to_cart via web.,3,"{""device"":""desktop"",""campaign"":""spring_sale""}"
207,440,5,add_to_cart,email,Add To Cart #582,Sample interaction 582 of type add_to_cart via email.,5,"{""device"":""desktop"",""campaign"":""spring_sale""}"
161,79,8,store_visit,support,Store Visit #583,Sample interaction 583 of type store_visit via support.,3,"{""device"":""mobile"",""campaign"":""mobile_push""}"
15,512,3,email_open,mobile_app,Email Open #584,Sample interaction 584 of type email_open via mobile_app.,3,"{""device"":""mobile"",""campaign"":""mobile_push""}"
198,106,2,review,support,Review #585,Sample interaction 585 of type review via support.,1,"{""device"":""mobile"",""campaign"":""mobile_push""}"
12,13,4,page_view,store,Page View #586,Sample interaction 586 of type page_view via store.,3,"{""device"":""mobile"",""campaign"":""mobile_push""}"
99,154,3,page_view,support,Page View #587,Sample interaction 587 of type page_view via support.,4,"{""device"":""mobile"",""campaign"":""mobile_push""}"
58,330,4,email_click,email,Email Click #588,Sample interaction 588 of type email_click via email.,3,"{""device"":""desktop"",""campaign"":""spring_sale""}"
212,80,6,add_to_cart,support,Add To Cart #589,Sample interaction 589 of type add_to_cart via support.,1,"{""device"":""mobile"",""campaign"":""mobile_push""}"
46,229,9,page_view,store,Page View #590,Sample interaction 590 of type page_view via store.,1,"{""device"":""mobile"",""campaign"":""mobile_push""}"
225,477,5,support_ticket,email,Support Ticket #591,Sample interaction 591 of type support_ticket via email.,1,"{""device"":""desktop"",""campaign"":""spring_sale""}"
142,468,1,email_open,mobile_app,Email Open #592,Sample interaction 592 of type email_open via mobile_app.,3,"{""device"":""mobile"",""campaign"":""mobile_push""}"
145,312,4,store_visit,email,Store Visit #593,Sample interaction 593 of type store_visit via email.,5,"{""device"":""desktop"",""campaign"":""spring_sale""}"
249,506,4,review,mobile_app,Review #594,Sample interaction 594 of type review via mobile_app.,1,"{""device"":""mobile"",""campaign"":""mobile_push""}"
239,420,1,review,support,Review #595,Sample interaction 595 of type review via support.,3,"{""device"":""mobile"",""campaign"":""mobile_push""}"
163,711,1,email_open,web,Email Open #596,Sample interaction 596 of type email_open via web.,4,"{""device"":""desktop"",""campaign"":""spring_sale""}"
218,756,5,add_to_cart,mobile_app,Add To Cart #597,Sample interaction 597 of type add_to_cart via mobile_app.,5,"{""device"":""mobile"",""campaign"":""mobile_push""}"
61,430,8,page_view,mobile_app,Page View #598,Sample interaction 598 of type page_view via mobile_app.,3,"{""device"":""mobile"",""campaign"":""mobile_push""}"
24,45,4,email_click,email,Email Click #599,Sample interaction 599 of type email_click via email.,4,"{""device"":""desktop"",""campaign"":""spring_sale""}"
250,766,2,add_to_cart,support,Add To Cart #600,Sample interaction 600 of type add_to_cart via support.,2,"{""device"":""mobile"",""campaign"":""mobile_push""}"
164,404,2,page_view,store,Page View #601,Sample interaction 601 of type page_view via store.,2,"{""device"":""mobile"",""campaign"":""mobile_push""}"
61,299,5,email_open,store,Email Open #602,Sample interaction 602 of type email_open via store.,3,"{""device"":""mobile"",""campaign"":""mobile_push""}"
82,464,5,review,web,Review #603,Sample interaction 603 of type review via web.,2,"{""device"":""desktop"",""campaign"":""spring_sale""}"
35,799,2,purchase,web,Purchase #604,Sample interaction 604 of type purchase via web.,2,"{""device"":""desktop"",""campaign"":""spring_sale""}"
116,478,6,email_click,web,Email Click #605,Sample interaction 605 of type email_click via web.,5,"{""device"":""desktop"",""campaign"":""spring_sale""}"
92,789,4,store_visit,email,Store Visit #606,Sample interaction 606 of type store_visit via email.,4,"{""device"":""desktop"",""campaign"":""spring_sale""}"
68,123,2,purchase,email,Purchase #607,Sample interaction 607 of type purchase via email.,5,"{""device"":""desktop"",""campaign"":""spring_sale""}"
11,221,6,purchase,web,Purchase #608,Sample interaction 608 of type purchase via web.,2,"{""device"":""desktop"",""campaign"":""spring_sale""}"
248,365,7,page_view,email,Page View #609,Sample interaction 609 of type page_view via email.,3,"{""device"":""desktop"",""campaign"":""spring_sale""}"
210,179,1,email_click,store,Email Click #610,Sample interaction 610 of type email_click via store.,5,"{""device"":""mobile"",""campaign"":""mobile_push""}"
192,564,4,add_to_cart,store,Add To Cart #611,Sample interaction 611 of type add_to_cart via store.,1,"{""device"":""mobile"",""campaign"":""mobile_push""}"
206,144,2,page_view,web,Page View #612,Sample interaction 612 of type page_view via web.,2,"{""device"":""desktop"",""campaign"":""spring_sale""}"
34,203,7,email_open,web,Email Open #613,Sample interaction 613 of type email_open via web.,5,"{""device"":""desktop"",""campaign"":""spring_sale""}"
151,266,2,page_view,web,Page View #614,Sample interaction 614 of type page_view via web.,2,"{""device"":""desktop"",""campaign"":""spring_sale""}"
232,662,8,purchase,web,Purchase #615,Sample interaction 615 of type purchase via web.,3,"{""device"":""desktop"",""campaign"":""spring_sale""}"
32,44,8,page_view,mobile_app,Page View #616,Sample interaction 616 of type page_view via mobile_app.,5,"{""device"":""mobile"",""campaign"":""mobile_push""}"
111,742,7,store_visit,web,Store Visit #617,Sample interaction 617 of type store_visit via web.,4,"{""device"":""desktop"",""campaign"":""spring_sale""}"
175,437,3,email_open,mobile_app,Email Open #618,Sample interaction 618 of type email_open via mobile_app.,2,"{""device"":""mobile"",""campaign"":""mobile_push""}"
71,287,8,purchase,web,Purchase #619,Sample interaction 619 of type purchase via web.,5,"{""device"":""desktop"",""campaign"":""spring_sale""}"
159,632,4,support_ticket,store,Support Ticket #620,Sample interaction 620 of type support_ticket via store.,4,"{""device"":""mobile"",""campaign"":""mobile_push""}"
226,564,8,page_view,web,Page View #621,Sample interaction 621 of type page_view via web.,3,"{""device"":""desktop"",""campaign"":""spring_sale""}"
99,141,7,review,support,Review #622,Sample interaction 622 of type review via support.,2,"{""device"":""mobile"",""campaign"":""mobile_push""}"
162,557,1,email_click,email,Email Click #623,Sample interaction 623 of type email_click via email.,4,"{""device"":""desktop"",""campaign"":""spring_sale""}"
140,497,6,email_open,store,Email Open #624,Sample interaction 624 of type email_open via store.,3,"{""device"":""mobile"",""campaign"":""mobile_push""}"
47,27,6,review,web,Review #625,Sample interaction 625 of type review via web.,3,"{""device"":""desktop"",""campaign"":""spring_sale""}"
15,484,9,email_open,support,Email Open #626,Sample interaction 626 of type email_open via support.,2,"{""device"":""mobile"",""campaign"":""mobile_push""}"
250,164,2,review,mobile_app,Review #627,Sample interaction 627 of type review via mobile_app.,3,"{""device"":""mobile"",""campaign"":""mobile_push""}"
137,755,1,review,support,Review #628,Sample interaction 628 of type review via support.,4,"{""device"":""mobile"",""campaign"":""mobile_push""}"
91,178,3,review,support,Review #629,Sample interaction 629 of type review via support.,3,"{""device"":""mobile"",""campaign"":""mobile_push""}"
207,756,6,page_view,email,Page View #630,Sample interaction 630 of type page_view via email.,5,"{""device"":""desktop"",""campaign"":""spring_sale""}"
145,146,4,store_visit,support,Store Visit #631,Sample interaction 631 of type store_visit via support.,3,"{""device"":""mobile"",""campaign"":""mobile_push""}"
45,503,1,add_to_cart,web,Add To Cart #632,Sample interaction 632 of type add_to_cart via web.,2,"{""device"":""desktop"",""campaign"":""spring_sale""}"
155,225,1,store_visit,web,Store Visit #633,Sample interaction 633 of type store_visit via web.,3,"{""device"":""desktop"",""campaign"":""spring_sale""}"
235,629,4,purchase,email,Purchase #634,Sample interaction 634 of type purchase via email.,2,"{""device"":""desktop"",""campaign"":""spring_sale""}"
236,332,1,page_view,mobile_app,Page View #635,Sample interaction 635 of type page_view via mobile_app.,5,"{""device"":""mobile"",""campaign"":""mobile_push""}"
181,146,2,email_open,web,Email Open #636,Sample interaction 636 of type email_open via web.,3,"{""device"":""desktop"",""campaign"":""spring_sale""}"
181,679,7,add_to_cart,email,Add To Cart #637,Sample interaction 637 of type add_to_cart via email.,3,"{""device"":""desktop"",""campaign"":""spring_sale""}"
83,140,3,email_click,store,Email Click #638,Sample interaction 638 of type email_click via store.,3,"{""device"":""mobile"",""campaign"":""mobile_push""}"
45,725,9,email_open,mobile_app,Email Open #639,Sample interaction 639 of type email_open via mobile_app.,5,"{""device"":""mobile"",""campaign"":""mobile_push""}"
209,180,7,support_ticket,email,Support Ticket #640,Sample interaction 640 of type support_ticket via email.,2,"{""device"":""desktop"",""campaign"":""spring_sale""}"
46,747,1,email_click,support,Email Click #641,Sample interaction 641 of type email_click via support.,1,"{""device"":""mobile"",""campaign"":""mobile_push""}"
47,617,6,review,support,Review #642,Sample interaction 642 of type review via support.,1,"{""device"":""mobile"",""campaign"":""mobile_push""}"
240,509,3,email_open,web,Email Open #643,Sample interaction 643 of type email_open via web.,2,"{""device"":""desktop"",""campaign"":""spring_sale""}"
89,328,3,add_to_cart,email,Add To Cart #644,Sample interaction 644 of type add_to_cart via email.,4,"{""device"":""desktop"",""campaign"":""spring_sale""}"
3,272,4,review,web,Review #645,Sample interaction 645 of type review via web.,3,"{""device"":""desktop"",""campaign"":""spring_sale""}"
66,111,1,page_view,store,Page View #646,Sample interaction 646 of type page_view via store.,4,"{""device"":""mobile"",""campaign"":""mobile_push""}"
188,430,3,email_click,store,Email Click #647,Sample interaction 647 of type email_click via store.,4,"{""device"":""mobile"",""campaign"":""mobile_push""}"
90,560,7,add_to_cart,store,Add To Cart #648,Sample interaction 648 of type add_to_cart via store.,5,"{""device"":""mobile"",""campaign"":""mobile_push""}"
167,777,4,purchase,store,Purchase #649,Sample interaction 649 of type purchase via store.,1,"{""device"":""mobile"",""campaign"":""mobile_push""}"
205,35,5,page_view,email,Page View #650,Sample interaction 650 of type page_view via email.,3,"{""device"":""desktop"",""campaign"":""spring_sale""}"
244,108,2,email_open,mobile_app,Email Open #651,Sample interaction 651 of type email_open via mobile_app.,4,"{""device"":""mobile"",""campaign"":""mobile_push""}"
42,750,2,add_to_cart,email,Add To Cart #652,Sample interaction 652 of type add_to_cart via email.,5,"{""device"":""desktop"",""campaign"":""spring_sale""}"
158,495,1,email_click,mobile_app,Email Click #653,Sample interaction 653 of type email_click via mobile_app.,5,"{""device"":""mobile"",""campaign"":""mobile_push""}"
228,445,3,page_view,web,Page View #654,Sample interaction 654 of type page_view via web.,3,"{""device"":""desktop"",""campaign"":""spring_sale""}"
53,195,7,support_ticket,email,Support Ticket #655,Sample interaction 655 of type support_ticket via email.,3,"{""device"":""desktop"",""campaign"":""spring_sale""}"
61,99,1,email_click,support,Email Click #656,Sample interaction 656 of type email_click via support.,5,"{""device"":""mobile"",""campaign"":""mobile_push""}"
216,503,3,page_view,email,Page View #657,Sample interaction 657 of type page_view via email.,1,"{""device"":""desktop"",""campaign"":""spring_sale""}"
110,90,5,store_visit,mobile_app,Store Visit #658,Sample interaction 658 of type store_visit via mobile_app.,1,"{""device"":""mobile"",""campaign"":""mobile_push""}"
7,212,3,support_ticket,web,Support Ticket #659,Sample interaction 659 of type support_ticket via web.,4,"{""device"":""desktop"",""campaign"":""spring_sale""}"
217,119,5,email_click,store,Email Click #660,Sample interaction 660 of type email_click via store.,4,"{""device"":""mobile"",""campaign"":""mobile_push""}"
230,677,5,add_to_cart,support,Add To Cart #661,Sample interaction 661 of type add_to_cart via support.,4,"{""device"":""mobile"",""campaign"":""mobile_push""}"
48,380,7,email_open,mobile_app,Email Open #662,Sample interaction 662 of type email_open via mobile_app.,4,"{""device"":""mobile"",""campaign"":""mobile_push""}"
12,270,8,store_visit,email,Store Visit #663,Sample interaction 663 of type store_visit via email.,2,"{""device"":""desktop"",""campaign"":""spring_sale""}"
215,276,1,purchase,web,Purchase #664,Sample interaction 664 of type purchase via web.,1,"{""device"":""desktop"",""campaign"":""spring_sale""}"
172,353,9,email_click,support,Email Click #665,Sample interaction 665 of type email_click via support.,2,"{""device"":""mobile"",""campaign"":""mobile_push""}"
142,63,7,email_click,support,Email Click #666,Sample interaction 666 of type email_click via support.,4,"{""device"":""mobile"",""campaign"":""mobile_push""}"
147,242,8,support_ticket,web,Support Ticket #667,Sample interaction 667 of type support_ticket via web.,4,"{""device"":""desktop"",""campaign"":""spring_sale""}"
232,732,1,purchase,web,Purchase #668,Sample interaction 668 of type purchase via web.,4,"{""device"":""desktop"",""campaign"":""spring_sale""}"
45,172,4,review,mobile_app,Review #669,Sample interaction 669 of type review via mobile_app.,1,"{""device"":""mobile"",""campaign"":""mobile_push""}"
109,81,7,review,mobile_app,Review #670,Sample interaction 670 of type review via mobile_app.,5,"{""device"":""mobile"",""campaign"":""mobile_push""}"
67,328,2,add_to_cart,store,Add To Cart #671,Sample interaction 671 of type add_to_cart via store.,5,"{""device"":""mobile"",""campaign"":""mobile_push""}"
102,566,6,support_ticket,support,Support Ticket #672,Sample interaction 672 of type support_ticket via support.,4,"{""device"":""mobile"",""campaign"":""mobile_push""}"
235,13,9,email_click,web,Email Click #673,Sample interaction 673 of type email_click via web.,4,"{""device"":""desktop"",""campaign"":""spring_sale""}"
39,152,2,add_to_cart,support,Add To Cart #674,Sample interaction 674 of type add_to_cart via support.,1,"{""device"":""mobile"",""campaign"":""mobile_push""}"
202,293,9,email_open,store,Email Open #675,Sample interaction 675 of type email_open via store.,3,"{""device"":""mobile"",""campaign"":""mobile_push""}"
99,671,8,store_visit,web,Store Visit #676,Sample interaction 676 of type store_visit via web.,2,"{""device"":""desktop"",""campaign"":""spring_sale""}"
71,413,3,email_click,web,Email Click #677,Sample interaction 677 of type email_click via web.,4,"{""device"":""desktop"",""campaign"":""spring_sale""}"
228,340,4,page_view,store,Page View #678,Sample interaction 678 of type page_view via store.,3,"{""device"":""mobile"",""campaign"":""mobile_push""}"
230,382,1,email_open,email,Email Open #679,Sample interaction 679 of type email_open via email.,3,"{""device"":""desktop"",""campaign"":""spring_sale""}"
72,504,2,review,mobile_app,Review #680,Sample interaction 680 of type review via mobile_app.,3,"{""device"":""mobile"",""campaign"":""mobile_push""}"
250,762,8,email_open,email,Email Open #681,Sample interaction 681 of type email_open via email.,4,"{""device"":""desktop"",""campaign"":""spring_sale""}"
155,662,2,review,store,Review #682,Sample interaction 682 of type review via store.,2,"{""device"":""mobile"",""campaign"":""mobile_push""}"
234,417,8,email_open,web,Email Open #683,Sample interaction 683 of type email_open via web.,5,"{""device"":""desktop"",""campaign"":""spring_sale""}"
203,163,2,support_ticket,support,Support Ticket #684,Sample interaction 684 of type support_ticket via support.,4,"{""device"":""mobile"",""campaign"":""mobile_push""}"
35,800,9,page_view,mobile_app,Page View #685,Sample interaction 685 of type page_view via mobile_app.,2,"{""device"":""mobile"",""campaign"":""mobile_push""}"
225,206,1,review,web,Review #686,Sample interaction 686 of type review via web.,4,"{""device"":""desktop"",""campaign"":""spring_sale""}"
13,370,4,support_ticket,email,Support Ticket #687,Sample interaction 687 of type support_ticket via email.,4,"{""device"":""desktop"",""campaign"":""spring_sale""}"
130,407,2,page_view,mobile_app,Page View #688,Sample interaction 688 of type page_view via mobile_app.,3,"{""device"":""mobile"",""campaign"":""mobile_push""}"
126,609,8,purchase,store,Purchase #689,Sample interaction 689 of type purchase via store.,5,"{""device"":""mobile"",""campaign"":""mobile_push""}"
142,359,6,purchase,email,Purchase #690,Sample interaction 690 of type purchase via email.,1,"{""device"":""desktop"",""campaign"":""spring_sale""}"
73,29,7,page_view,mobile_app,Page View #691,Sample interaction 691 of type page_view via mobile_app.,5,"{""device"":""mobile"",""campaign"":""mobile_push""}"
200,220,4,review,mobile_app,Review #692,Sample interaction 692 of type review via mobile_app.,3,"{""device"":""mobile"",""campaign"":""mobile_push""}"
167,420,9,page_view,web,Page View #693,Sample interaction 693 of type page_view via web.,4,"{""device"":""desktop"",""campaign"":""spring_sale""}"
234,136,3,page_view,mobile_app,Page View #694,Sample interaction 694 of type page_view via mobile_app.,3,"{""device"":""mobile"",""campaign"":""mobile_push""}"
156,313,5,email_click,store,Email Click #695,Sample interaction 695 of type email_click via store.,3,"{""device"":""mobile"",""campaign"":""mobile_push""}"
118,259,4,store_visit,email,Store Visit #696,Sample interaction 696 of type store_visit via email.,5,"{""device"":""desktop"",""campaign"":""spring_sale""}"
212,639,7,add_to_cart,web,Add To Cart #697,Sample interaction 697 of type add_to_cart via web.,5,"{""device"":""desktop"",""campaign"":""spring_sale""}"
170,384,9,support_ticket,email,Support Ticket #698,Sample interaction 698 of type support_ticket via email.,1,"{""device"":""desktop"",""campaign"":""spring_sale""}"
124,66,6,support_ticket,email,Support Ticket #699,Sample interaction 699 of type support_ticket via email.,3,"{""device"":""desktop"",""campaign"":""spring_sale""}"
67,672,5,review,mobile_app,Review #700,Sample interaction 700 of type review via mobile_app.,5,"{""device"":""mobile"",""campaign"":""mobile_push""}"
196,247,1,email_click,email,Email Click #701,Sample interaction 701 of type email_click via email.,2,"{""device"":""desktop"",""campaign"":""spring_sale""}"
185,27,8,support_ticket,email,Support Ticket #702,Sample interaction 702 of type support_ticket via email.,4,"{""device"":""desktop"",""campaign"":""spring_sale""}"
104,398,1,review,email,Review #703,Sample interaction 703 of type review via email.,2,"{""device"":""desktop"",""campaign"":""spring_sale""}"
176,548,8,email_open,support,Email Open #704,Sample interaction 704 of type email_open via support.,3,"{""device"":""mobile"",""campaign"":""mobile_push""}"
217,175,9,purchase,email,Purchase #705,Sample interaction 705 of type purchase via email.,1,"{""device"":""desktop"",""campaign"":""spring_sale""}"
121,132,5,purchase,email,Purchase #706,Sample interaction 706 of type purchase via email.,1,"{""device"":""desktop"",""campaign"":""spring_sale""}"
57,364,4,support_ticket,store,Support Ticket #707,Sample interaction 707 of type support_ticket via store.,3,"{""device"":""mobile"",""campaign"":""mobile_push""}"
96,267,5,store_visit,web,Store Visit #708,Sample interaction 708 of type store_visit via web.,4,"{""device"":""desktop"",""campaign"":""spring_sale""}"
14,650,2,store_visit,mobile_app,Store Visit #709,Sample interaction 709 of type store_visit via mobile_app.,5,"{""device"":""mobile"",""campaign"":""mobile_push""}"
31,698,7,support_ticket,store,Support Ticket #710,Sample interaction 710 of type support_ticket via store.,1,"{""device"":""mobile"",""campaign"":""mobile_push""}"
223,155,3,review,email,Review #711,Sample interaction 711 of type review via email.,4,"{""device"":""desktop"",""campaign"":""spring_sale""}"
146,469,3,email_open,mobile_app,Email Open #712,Sample interaction 712 of type email_open via mobile_app.,1,"{""device"":""mobile"",""campaign"":""mobile_push""}"
125,341,3,email_open,web,Email Open #713,Sample interaction 713 of type email_open via web.,1,"{""device"":""desktop"",""campaign"":""spring_sale""}"
116,281,4,purchase,support,Purchase #714,Sample interaction 714 of type purchase via support.,2,"{""device"":""mobile"",""campaign"":""mobile_push""}"
126,782,2,purchase,support,Purchase #715,Sample interaction 715 of type purchase via support.,4,"{""device"":""mobile"",""campaign"":""mobile_push""}"
163,440,7,email_click,store,Email Click #716,Sample interaction 716 of type email_click via store.,4,"{""device"":""mobile"",""campaign"":""mobile_push""}"
2,39,9,review,email,Review #717,Sample interaction 717 of type review via email.,1,"{""device"":""desktop"",""campaign"":""spring_sale""}"
229,330,9,review,web,Review #718,Sample interaction 718 of type review via web.,1,"{""device"":""desktop"",""campaign"":""spring_sale""}"
161,752,4,review,email,Review #719,Sample interaction 719 of type review via email.,3,"{""device"":""desktop"",""campaign"":""spring_sale""}"
34,106,7,support_ticket,mobile_app,Support Ticket #720,Sample interaction 720 of type support_ticket via mobile_app.,1,"{""device"":""mobile"",""campaign"":""mobile_push""}"
211,47,5,support_ticket,store,Support Ticket #721,Sample interaction 721 of type support_ticket via store.,5,"{""device"":""mobile"",""campaign"":""mobile_push""}"
153,537,6,email_click,mobile_app,Email Click #722,Sample interaction 722 of type email_click via mobile_app.,3,"{""device"":""mobile"",""campaign"":""mobile_push""}"
231,502,6,review,mobile_app,Review #723,Sample interaction 723 of type review via mobile_app.,4,"{""device"":""mobile"",""campaign"":""mobile_push""}"
5,234,4,purchase,mobile_app,Purchase #724,Sample interaction 724 of type purchase via mobile_app.,1,"{""device"":""mobile"",""campaign"":""mobile_push""}"
151,517,3,add_to_cart,email,Add To Cart #725,Sample interaction 725 of type add_to_cart via email.,1,"{""device"":""desktop"",""campaign"":""spring_sale""}"
97,656,5,page_view,support,Page View #726,Sample interaction 726 of type page_view via support.,1,"{""device"":""mobile"",""campaign"":""mobile_push""}"
170,111,1,page_view,web,Page View #727,Sample interaction 727 of type page_view via web.,4,"{""device"":""desktop"",""campaign"":""spring_sale""}"
114,390,2,support_ticket,store,Support Ticket #728,Sample interaction 728 of type support_ticket via store.,2,"{""device"":""mobile"",""campaign"":""mobile_push""}"
53,712,1,support_ticket,store,Support Ticket #729,Sample interaction 729 of type support_ticket via store.,1,"{""device"":""mobile"",""campaign"":""mobile_push""}"
170,533,5,purchase,store,Purchase #730,Sample interaction 730 of type purchase via store.,1,"{""device"":""mobile"",""campaign"":""mobile_push""}"
131,737,2,support_ticket,web,Support Ticket #731,Sample interaction 731 of type support_ticket via web.,1,"{""device"":""desktop"",""campaign"":""spring_sale""}"
128,204,4,support_ticket,support,Support Ticket #732,Sample interaction 732 of type support_ticket via support.,2,"{""device"":""mobile"",""campaign"":""mobile_push""}"
92,721,7,support_ticket,mobile_app,Support Ticket #733,Sample interaction 733 of type support_ticket via mobile_app.,1,"{""device"":""mobile"",""campaign"":""mobile_push""}"
141,509,4,store_visit,email,Store Visit #734,Sample interaction 734 of type store_visit via email.,2,"{""device"":""desktop"",""campaign"":""spring_sale""}"
1,14,2,add_to_cart,support,Add To Cart #735,Sample interaction 735 of type add_to_cart via support.,4,"{""device"":""mobile"",""campaign"":""mobile_push""}"
39,93,9,add_to_cart,web,Add To Cart #736,Sample interaction 736 of type add_to_cart via web.,3,"{""device"":""desktop"",""campaign"":""spring_sale""}"
165,237,8,support_ticket,email,Support Ticket #737,Sample interaction 737 of type support_ticket via email.,4,"{""device"":""desktop"",""campaign"":""spring_sale""}"
13,103,3,page_view,email,Page View #738,Sample interaction 738 of type page_view via email.,3,"{""device"":""desktop"",""campaign"":""spring_sale""}"
206,694,6,email_click,web,Email Click #739,Sample interaction 739 of type email_click via web.,1,"{""device"":""desktop"",""campaign"":""spring_sale""}"
218,777,1,page_view,mobile_app,Page View #740,Sample interaction 740 of type page_view via mobile_app.,2,"{""device"":""mobile"",""campaign"":""mobile_push""}"
85,367,8,support_ticket,web,Support Ticket #741,Sample interaction 741 of type support_ticket via web.,3,"{""device"":""desktop"",""campaign"":""spring_sale""}"
209,351,3,add_to_cart,store,Add To Cart #742,Sample interaction 742 of type add_to_cart via store.,4,"{""device"":""mobile"",""campaign"":""mobile_push""}"
247,468,5,email_click,store,Email Click #743,Sample interaction 743 of type email_click via store.,4,"{""device"":""mobile"",""campaign"":""mobile_push""}"
167,171,2,purchase,web,Purchase #744,Sample interaction 744 of type purchase via web.,2,"{""device"":""desktop"",""campaign"":""spring_sale""}"
27,427,8,store_visit,mobile_app,Store Visit #745,Sample interaction 745 of type store_visit via mobile_app.,5,"{""device"":""mobile"",""campaign"":""mobile_push""}"
98,798,6,page_view,mobile_app,Page View #746,Sample interaction 746 of type page_view via mobile_app.,4,"{""device"":""mobile"",""campaign"":""mobile_push""}"
236,500,2,email_click,store,Email Click #747,Sample interaction 747 of type email_click via store.,1,"{""device"":""mobile"",""campaign"":""mobile_push""}"
17,268,6,page_view,support,Page View #748,Sample interaction 748 of type page_view via support.,5,"{""device"":""mobile"",""campaign"":""mobile_push""}"
186,579,4,email_open,support,Email Open #749,Sample interaction 749 of type email_open via support.,5,"{""device"":""mobile"",""campaign"":""mobile_push""}"
177,718,2,email_click,mobile_app,Email Click #750,Sample interaction 750 of type email_click via mobile_app.,4,"{""device"":""mobile"",""campaign"":""mobile_push""}"
89,680,7,purchase,support,Purchase #751,Sample interaction 751 of type purchase via support.,5,"{""device"":""mobile"",""campaign"":""mobile_push""}"
14,12,3,store_visit,store,Store Visit #752,Sample interaction 752 of type store_visit via store.,2,"{""device"":""mobile"",""campaign"":""mobile_push""}"
20,770,8,email_open,mobile_app,Email Open #753,Sample interaction 753 of type email_open via mobile_app.,3,"{""device"":""mobile"",""campaign"":""mobile_push""}"
249,285,1,review,support,Review #754,Sample interaction 754 of type review via support.,4,"{""device"":""mobile"",""campaign"":""mobile_push""}"
104,241,2,store_visit,store,Store Visit #755,Sample interaction 755 of type store_visit via store.,5,"{""device"":""mobile"",""campaign"":""mobile_push""}"
115,91,8,store_visit,email,Store Visit #756,Sample interaction 756 of type store_visit via email.,1,"{""device"":""desktop"",""campaign"":""spring_sale""}"
128,764,1,add_to_cart,store,Add To Cart #757,Sample interaction 757 of type add_to_cart via store.,4,"{""device"":""mobile"",""campaign"":""mobile_push""}"
10,571,9,page_view,web,Page View #758,Sample interaction 758 of type page_view via web.,5,"{""device"":""desktop"",""campaign"":""spring_sale""}"
247,634,5,review,store,Review #759,Sample interaction 759 of type review via store.,3,"{""device"":""mobile"",""campaign"":""mobile_push""}"
94,56,4,store_visit,email,Store Visit #760,Sample interaction 760 of type store_visit via email.,5,"{""device"":""desktop"",""campaign"":""spring_sale""}"
197,635,8,email_open,store,Email Open #761,Sample interaction 761 of type email_open via store.,1,"{""device"":""mobile"",""campaign"":""mobile_push""}"
25,778,4,page_view,email,Page View #762,Sample interaction 762 of type page_view via email.,3,"{""device"":""desktop"",""campaign"":""spring_sale""}"
213,649,5,email_open,web,Email Open #763,Sample interaction 763 of type email_open via web.,1,"{""device"":""desktop"",""campaign"":""spring_sale""}"
230,169,8,purchase,store,Purchase #764,Sample interaction 764 of type purchase via store.,1,"{""device"":""mobile"",""campaign"":""mobile_push""}"
66,626,4,review,web,Review #765,Sample interaction 765 of type review via web.,4,"{""device"":""desktop"",""campaign"":""spring_sale""}"
56,469,4,email_open,web,Email Open #766,Sample interaction 766 of type email_open via web.,4,"{""device"":""desktop"",""campaign"":""spring_sale""}"
12,649,2,store_visit,store,Store Visit #767,Sample interaction 767 of type store_visit via store.,5,"{""device"":""mobile"",""campaign"":""mobile_push""}"
245,517,3,store_visit,web,Store Visit #768,Sample interaction 768 of type store_visit via web.,5,"{""device"":""desktop"",""campaign"":""spring_sale""}"
189,50,9,email_click,support,Email Click #769,Sample interaction 769 of type email_click via support.,4,"{""device"":""mobile"",""campaign"":""mobile_push""}"
237,521,3,purchase,mobile_app,Purchase #770,Sample interaction 770 of type purchase via mobile_app.,1,"{""device"":""mobile"",""campaign"":""mobile_push""}"
100,674,6,email_click,store,Email Click #771,Sample interaction 771 of type email_click via store.,5,"{""device"":""mobile"",""campaign"":""mobile_push""}"
235,710,4,support_ticket,store,Support Ticket #772,Sample interaction 772 of type support_ticket via store.,3,"{""device"":""mobile"",""campaign"":""mobile_push""}"
249,302,8,purchase,mobile_app,Purchase #773,Sample interaction 773 of type purchase via mobile_app.,4,"{""device"":""mobile"",""campaign"":""mobile_push""}"
155,717,9,support_ticket,support,Support Ticket #774,Sample interaction 774 of type support_ticket via support.,3,"{""device"":""mobile"",""campaign"":""mobile_push""}"
183,755,9,review,mobile_app,Review #775,Sample interaction 775 of type review via mobile_app.,2,"{""device"":""mobile"",""campaign"":""mobile_push""}"
160,732,5,email_open,mobile_app,Email Open #776,Sample interaction 776 of type email_open via mobile_app.,2,"{""device"":""mobile"",""campaign"":""mobile_push""}"
129,556,6,add_to_cart,email,Add To Cart #777,Sample interaction 777 of type add_to_cart via email.,5,"{""device"":""desktop"",""campaign"":""spring_sale""}"
123,597,7,support_ticket,store,Support Ticket #778,Sample interaction 778 of type support_ticket via store.,1,"{""device"":""mobile"",""campaign"":""mobile_push""}"
134,110,1,email_click,mobile_app,Email Click #779,Sample interaction 779 of type email_click via mobile_app.,1,"{""device"":""mobile"",""campaign"":""mobile_push""}"
172,58,4,support_ticket,mobile_app,Support Ticket #780,Sample interaction 780 of type support_ticket via mobile_app.,3,"{""device"":""mobile"",""campaign"":""mobile_push""}"
175,257,3,page_view,email,Page View #781,Sample interaction 781 of type page_view via email.,2,"{""device"":""desktop"",""campaign"":""spring_sale""}"
193,555,1,email_open,store,Email Open #782,Sample interaction 782 of type email_open via store.,1,"{""device"":""mobile"",""campaign"":""mobile_push""}"
158,692,9,review,support,Review #783,Sample interaction 783 of type review via support.,4,"{""device"":""mobile"",""campaign"":""mobile_push""}"
61,524,5,page_view,store,Page View #784,Sample interaction 784 of type page_view via store.,4,"{""device"":""mobile"",""campaign"":""mobile_push""}"
107,702,6,page_view,web,Page View #785,Sample interaction 785 of type page_view via web.,3,"{""device"":""desktop"",""campaign"":""spring_sale""}"
52,636,8,review,email,Review #786,Sample interaction 786 of type review via email.,5,"{""device"":""desktop"",""campaign"":""spring_sale""}"
140,757,4,review,email,Review #787,Sample interaction 787 of type review via email.,4,"{""device"":""desktop"",""campaign"":""spring_sale""}"
46,700,2,purchase,mobile_app,Purchase #788,Sample interaction 788 of type purchase via mobile_app.,5,"{""device"":""mobile"",""campaign"":""mobile_push""}"
31,387,1,email_click,email,Email Click #789,Sample interaction 789 of type email_click via email.,5,"{""device"":""desktop"",""campaign"":""spring_sale""}"
68,134,3,support_ticket,web,Support Ticket #790,Sample interaction 790 of type support_ticket via web.,3,"{""device"":""desktop"",""campaign"":""spring_sale""}"
120,727,3,page_view,mobile_app,Page View #791,Sample interaction 791 of type page_view via mobile_app.,3,"{""device"":""mobile"",""campaign"":""mobile_push""}"
153,53,5,store_visit,support,Store Visit #792,Sample interaction 792 of type store_visit via support.,5,"{""device"":""mobile"",""campaign"":""mobile_push""}"
92,75,6,review,mobile_app,Review #793,Sample interaction 793 of type review via mobile_app.,5,"{""device"":""mobile"",""campaign"":""mobile_push""}"
18,518,3,email_click,support,Email Click #794,Sample interaction 794 of type email_click via support.,5,"{""device"":""mobile"",""campaign"":""mobile_push""}"
104,95,6,review,mobile_app,Review #795,Sample interaction 795 of type review via mobile_app.,3,"{""device"":""mobile"",""campaign"":""mobile_push""}"
85,370,5,review,support,Review #796,Sample interaction 796 of type review via support.,5,"{""device"":""mobile"",""campaign"":""mobile_push""}"
122,575,1,add_to_cart,email,Add To Cart #797,Sample interaction 797 of type add_to_cart via email.,4,"{""device"":""desktop"",""campaign"":""spring_sale""}"
62,658,4,page_view,email,Page View #798,Sample interaction 798 of type page_view via email.,4,"{""device"":""desktop"",""campaign"":""spring_sale""}"
235,117,7,support_ticket,support,Support Ticket #799,Sample interaction 799 of type support_ticket via support.,3,"{""device"":""mobile"",""campaign"":""mobile_push""}"
7,530,6,store_visit,store,Store Visit #800,Sample interaction 800 of type store_visit via store.,1,"{""device"":""mobile"",""campaign"":""mobile_push""}"
76,668,4,email_open,support,Email Open #801,Sample interaction 801 of type email_open via support.,1,"{""device"":""mobile"",""campaign"":""mobile_push""}"
243,99,3,page_view,web,Page View #802,Sample interaction 802 of type page_view via web.,2,"{""device"":""desktop"",""campaign"":""spring_sale""}"
172,645,4,email_click,web,Email Click #803,Sample interaction 803 of type email_click via web.,2,"{""device"":""desktop"",""campaign"":""spring_sale""}"
138,720,7,add_to_cart,mobile_app,Add To Cart #804,Sample interaction 804 of type add_to_cart via mobile_app.,1,"{""device"":""mobile"",""campaign"":""mobile_push""}"
118,735,6,page_view,web,Page View #805,Sample interaction 805 of type page_view via web.,1,"{""device"":""desktop"",""campaign"":""spring_sale""}"
14,183,5,add_to_cart,support,Add To Cart #806,Sample interaction 806 of type add_to_cart via support.,2,"{""device"":""mobile"",""campaign"":""mobile_push""}"
234,265,7,email_click,store,Email Click #807,Sample interaction 807 of type email_click via store.,4,"{""device"":""mobile"",""campaign"":""mobile_push""}"
111,324,1,email_click,web,Email Click #808,Sample interaction 808 of type email_click via web.,5,"{""device"":""desktop"",""campaign"":""spring_sale""}"
2,657,2,page_view,web,Page View #809,Sample interaction 809 of type page_view via web.,3,"{""device"":""desktop"",""campaign"":""spring_sale""}"
238,515,2,support_ticket,email,Support Ticket #810,Sample interaction 810 of type support_ticket via email.,5,"{""device"":""desktop"",""campaign"":""spring_sale""}"
23,289,8,email_click,store,Email Click #811,Sample interaction 811 of type email_click via store.,1,"{""device"":""mobile"",""campaign"":""mobile_push""}"
122,161,9,review,mobile_app,Review #812,Sample interaction 812 of type review via mobile_app.,4,"{""device"":""mobile"",""campaign"":""mobile_push""}"
204,559,5,purchase,email,Purchase #813,Sample interaction 813 of type purchase via email.,3,"{""device"":""desktop"",""campaign"":""spring_sale""}"
246,12,9,purchase,web,Purchase #814,Sample interaction 814 of type purchase via web.,1,"{""device"":""desktop"",""campaign"":""spring_sale""}"
2,587,7,add_to_cart,email,Add To Cart #815,Sample interaction 815 of type add_to_cart via email.,2,"{""device"":""desktop"",""campaign"":""spring_sale""}"
192,760,6,review,store,Review #816,Sample interaction 816 of type review via store.,5,"{""device"":""mobile"",""campaign"":""mobile_push""}"
37,165,3,review,support,Review #817,Sample interaction 817 of type review via support.,3,"{""device"":""mobile"",""campaign"":""mobile_push""}"
50,118,3,page_view,support,Page View #818,Sample interaction 818 of type page_view via support.,4,"{""device"":""mobile"",""campaign"":""mobile_push""}"
166,563,2,support_ticket,web,Support Ticket #819,Sample interaction 819 of type support_ticket via web.,3,"{""device"":""desktop"",""campaign"":""spring_sale""}"
26,203,8,email_open,email,Email Open #820,Sample interaction 820 of type email_open via email.,2,"{""device"":""desktop"",""campaign"":""spring_sale""}"
172,672,4,add_to_cart,email,Add To Cart #821,Sample interaction 821 of type add_to_cart via email.,5,"{""device"":""desktop"",""campaign"":""spring_sale""}"
18,199,6,store_visit,store,Store Visit #822,Sample interaction 822 of type store_visit via store.,3,"{""device"":""mobile"",""campaign"":""mobile_push""}"
158,676,5,purchase,support,Purchase #823,Sample interaction 823 of type purchase via support.,5,"{""device"":""mobile"",""campaign"":""mobile_push""}"
94,324,7,purchase,web,Purchase #824,Sample interaction 824 of type purchase via web.,3,"{""device"":""desktop"",""campaign"":""spring_sale""}"
64,227,7,support_ticket,email,Support Ticket #825,Sample interaction 825 of type support_ticket via email.,2,"{""device"":""desktop"",""campaign"":""spring_sale""}"
174,751,6,store_visit,store,Store Visit #826,Sample interaction 826 of type store_visit via store.,4,"{""device"":""mobile"",""campaign"":""mobile_push""}"
92,794,5,store_visit,support,Store Visit #827,Sample interaction 827 of type store_visit via support.,1,"{""device"":""mobile"",""campaign"":""mobile_push""}"
45,662,2,support_ticket,mobile_app,Support Ticket #828,Sample interaction 828 of type support_ticket via mobile_app.,5,"{""device"":""mobile"",""campaign"":""mobile_push""}"
51,270,2,add_to_cart,web,Add To Cart #829,Sample interaction 829 of type add_to_cart via web.,5,"{""device"":""desktop"",""campaign"":""spring_sale""}"
162,32,7,review,web,Review #830,Sample interaction 830 of type review via web.,5,"{""device"":""desktop"",""campaign"":""spring_sale""}"
67,557,9,store_visit,mobile_app,Store Visit #831,Sample interaction 831 of type store_visit via mobile_app.,3,"{""device"":""mobile"",""campaign"":""mobile_push""}"
101,229,5,purchase,store,Purchase #832,Sample interaction 832 of type purchase via store.,5,"{""device"":""mobile"",""campaign"":""mobile_push""}"
131,93,7,email_open,support,Email Open #833,Sample interaction 833 of type email_open via support.,1,"{""device"":""mobile"",""campaign"":""mobile_push""}"
170,245,3,purchase,store,Purchase #834,Sample interaction 834 of type purchase via store.,2,"{""device"":""mobile"",""campaign"":""mobile_push""}"
46,580,3,store_visit,email,Store Visit #835,Sample interaction 835 of type store_visit via email.,1,"{""device"":""desktop"",""campaign"":""spring_sale""}"
57,780,8,review,web,Review #836,Sample interaction 836 of type review via web.,3,"{""device"":""desktop"",""campaign"":""spring_sale""}"
95,240,1,review,support,Review #837,Sample interaction 837 of type review via support.,3,"{""device"":""mobile"",""campaign"":""mobile_push""}"
100,481,8,page_view,web,Page View #838,Sample interaction 838 of type page_view via web.,3,"{""device"":""desktop"",""campaign"":""spring_sale""}"
27,721,9,support_ticket,email,Support Ticket #839,Sample interaction 839 of type support_ticket via email.,5,"{""device"":""desktop"",""campaign"":""spring_sale""}"
140,584,3,email_click,store,Email Click #840,Sample interaction 840 of type email_click via store.,3,"{""device"":""mobile"",""campaign"":""mobile_push""}"
151,670,2,support_ticket,store,Support Ticket #841,Sample interaction 841 of type support_ticket via store.,2,"{""device"":""mobile"",""campaign"":""mobile_push""}"
133,416,6,email_open,store,Email Open #842,Sample interaction 842 of type email_open via store.,4,"{""device"":""mobile"",""campaign"":""mobile_push""}"
228,619,1,purchase,store,Purchase #843,Sample interaction 843 of type purchase via store.,2,"{""device"":""mobile"",""campaign"":""mobile_push""}"
59,79,9,support_ticket,mobile_app,Support Ticket #844,Sample interaction 844 of type support_ticket via mobile_app.,2,"{""device"":""mobile"",""campaign"":""mobile_push""}"
48,162,6,add_to_cart,mobile_app,Add To Cart #845,Sample interaction 845 of type add_to_cart via mobile_app.,4,"{""device"":""mobile"",""campaign"":""mobile_push""}"
208,339,2,store_visit,store,Store Visit #846,Sample interaction 846 of type store_visit via store.,4,"{""device"":""mobile"",""campaign"":""mobile_push""}"
54,605,3,email_click,web,Email Click #847,Sample interaction 847 of type email_click via web.,2,"{""device"":""desktop"",""campaign"":""spring_sale""}"
12,131,3,purchase,support,Purchase #848,Sample interaction 848 of type purchase via support.,1,"{""device"":""mobile"",""campaign"":""mobile_push""}"
229,587,3,page_view,mobile_app,Page View #849,Sample interaction 849 of type page_view via mobile_app.,3,"{""device"":""mobile"",""campaign"":""mobile_push""}"
237,185,9,email_click,support,Email Click #850,Sample interaction 850 of type email_click via support.,5,"{""device"":""mobile"",""campaign"":""mobile_push""}"
164,20,5,add_to_cart,mobile_app,Add To Cart #851,Sample interaction 851 of type add_to_cart via mobile_app.,4,"{""device"":""mobile"",""campaign"":""mobile_push""}"
156,483,8,purchase,mobile_app,Purchase #852,Sample interaction 852 of type purchase via mobile_app.,4,"{""device"":""mobile"",""campaign"":""mobile_push""}"
154,147,3,support_ticket,mobile_app,Support Ticket #853,Sample interaction 853 of type support_ticket via mobile_app.,3,"{""device"":""mobile"",""campaign"":""mobile_push""}"
237,465,2,review,store,Review #854,Sample interaction 854 of type review via store.,4,"{""device"":""mobile"",""campaign"":""mobile_push""}"
34,112,1,review,support,Review #855,Sample interaction 855 of type review via support.,5,"{""device"":""mobile"",""campaign"":""mobile_push""}"
176,430,3,add_to_cart,mobile_app,Add To Cart #856,Sample interaction 856 of type add_to_cart via mobile_app.,4,"{""device"":""mobile"",""campaign"":""mobile_push""}"
231,630,1,add_to_cart,web,Add To Cart #857,Sample interaction 857 of type add_to_cart via web.,4,"{""device"":""desktop"",""campaign"":""spring_sale""}"
169,134,9,page_view,store,Page View #858,Sample interaction 858 of type page_view via store.,5,"{""device"":""mobile"",""campaign"":""mobile_push""}"
108,380,1,email_click,mobile_app,Email Click #859,Sample interaction 859 of type email_click via mobile_app.,4,"{""device"":""mobile"",""campaign"":""mobile_push""}"
203,788,7,email_open,support,Email Open #860,Sample interaction 860 of type email_open via support.,5,"{""device"":""mobile"",""campaign"":""mobile_push""}"
26,436,3,support_ticket,store,Support Ticket #861,Sample interaction 861 of type support_ticket via store.,2,"{""device"":""mobile"",""campaign"":""mobile_push""}"
233,86,5,email_click,email,Email Click #862,Sample interaction 862 of type email_click via email.,2,"{""device"":""desktop"",""campaign"":""spring_sale""}"
2,727,1,add_to_cart,support,Add To Cart #863,Sample interaction 863 of type add_to_cart via support.,1,"{""device"":""mobile"",""campaign"":""mobile_push""}"
97,671,4,email_open,store,Email Open #864,Sample interaction 864 of type email_open via store.,3,"{""device"":""mobile"",""campaign"":""mobile_push""}"
28,159,7,support_ticket,email,Support Ticket #865,Sample interaction 865 of type support_ticket via email.,5,"{""device"":""desktop"",""campaign"":""spring_sale""}"
109,579,6,support_ticket,store,Support Ticket #866,Sample interaction 866 of type support_ticket via store.,2,"{""device"":""mobile"",""campaign"":""mobile_push""}"
106,566,9,store_visit,mobile_app,Store Visit #867,Sample interaction 867 of type store_visit via mobile_app.,3,"{""device"":""mobile"",""campaign"":""mobile_push""}"
144,569,8,support_ticket,email,Support Ticket #868,Sample interaction 868 of type support_ticket via email.,5,"{""device"":""desktop"",""campaign"":""spring_sale""}"
89,793,7,purchase,web,Purchase #869,Sample interaction 869 of type purchase via web.,2,"{""device"":""desktop"",""campaign"":""spring_sale""}"
115,717,3,add_to_cart,mobile_app,Add To Cart #870,Sample interaction 870 of type add_to_cart via mobile_app.,5,"{""device"":""mobile"",""campaign"":""mobile_push""}"
103,347,9,page_view,mobile_app,Page View #871,Sample interaction 871 of type page_view via mobile_app.,4,"{""device"":""mobile"",""campaign"":""mobile_push""}"
247,652,1,add_to_cart,mobile_app,Add To Cart #872,Sample interaction 872 of type add_to_cart via mobile_app.,4,"{""device"":""mobile"",""campaign"":""mobile_push""}"
238,615,7,add_to_cart,web,Add To Cart #873,Sample interaction 873 of type add_to_cart via web.,3,"{""device"":""desktop"",""campaign"":""spring_sale""}"
57,380,2,page_view,store,Page View #874,Sample interaction 874 of type page_view via store.,4,"{""device"":""mobile"",""campaign"":""mobile_push""}"
158,672,9,support_ticket,support,Support Ticket #875,Sample interaction 875 of type support_ticket via support.,1,"{""device"":""mobile"",""campaign"":""mobile_push""}"
243,793,3,store_visit,store,Store Visit #876,Sample interaction 876 of type store_visit via store.,1,"{""device"":""mobile"",""campaign"":""mobile_push""}"
52,673,9,support_ticket,mobile_app,Support Ticket #877,Sample interaction 877 of type support_ticket via mobile_app.,1,"{""device"":""mobile"",""campaign"":""mobile_push""}"
201,614,9,review,support,Review #878,Sample interaction 878 of type review via support.,2,"{""device"":""mobile"",""campaign"":""mobile_push""}"
173,37,6,review,web,Review #879,Sample interaction 879 of type review via web.,2,"{""device"":""desktop"",""campaign"":""spring_sale""}"
23,283,7,email_open,store,Email Open #880,Sample interaction 880 of type email_open via store.,4,"{""device"":""mobile"",""campaign"":""mobile_push""}"
151,206,9,page_view,web,Page View #881,Sample interaction 881 of type page_view via web.,1,"{""device"":""desktop"",""campaign"":""spring_sale""}"
141,292,9,email_open,email,Email Open #882,Sample interaction 882 of type email_open via email.,3,"{""device"":""desktop"",""campaign"":""spring_sale""}"
58,621,4,store_visit,store,Store Visit #883,Sample interaction 883 of type store_visit via store.,5,"{""device"":""mobile"",""campaign"":""mobile_push""}"
2,268,3,email_click,support,Email Click #884,Sample interaction 884 of type email_click via support.,1,"{""device"":""mobile"",""campaign"":""mobile_push""}"
144,75,9,support_ticket,email,Support Ticket #885,Sample interaction 885 of type support_ticket via email.,1,"{""device"":""desktop"",""campaign"":""spring_sale""}"
206,526,5,support_ticket,store,Support Ticket #886,Sample interaction 886 of type support_ticket via store.,4,"{""device"":""mobile"",""campaign"":""mobile_push""}"
145,496,4,email_open,store,Email Open #887,Sample interaction 887 of type email_open via store.,4,"{""device"":""mobile"",""campaign"":""mobile_push""}"
230,601,1,store_visit,web,Store Visit #888,Sample interaction 888 of type store_visit via web.,3,"{""device"":""desktop"",""campaign"":""spring_sale""}"
18,392,4,review,email,Review #889,Sample interaction 889 of type review via email.,4,"{""device"":""desktop"",""campaign"":""spring_sale""}"
245,362,9,page_view,email,Page View #890,Sample interaction 890 of type page_view via email.,2,"{""device"":""desktop"",""campaign"":""spring_sale""}"
74,96,7,email_open,web,Email Open #891,Sample interaction 891 of type email_open via web.,5,"{""device"":""desktop"",""campaign"":""spring_sale""}"
239,183,8,email_open,email,Email Open #892,Sample interaction 892 of type email_open via email.,2,"{""device"":""desktop"",""campaign"":""spring_sale""}"
229,588,5,purchase,mobile_app,Purchase #893,Sample interaction 893 of type purchase via mobile_app.,4,"{""device"":""mobile"",""campaign"":""mobile_push""}"
189,205,4,review,email,Review #894,Sample interaction 894 of type review via email.,2,"{""device"":""desktop"",""campaign"":""spring_sale""}"
59,208,4,email_open,mobile_app,Email Open #895,Sample interaction 895 of type email_open via mobile_app.,1,"{""device"":""mobile"",""campaign"":""mobile_push""}"
31,81,8,page_view,support,Page View #896,Sample interaction 896 of type page_view via support.,1,"{""device"":""mobile"",""campaign"":""mobile_push""}"
218,494,6,email_open,store,Email Open #897,Sample interaction 897 of type email_open via store.,5,"{""device"":""mobile"",""campaign"":""mobile_push""}"
223,282,8,purchase,support,Purchase #898,Sample interaction 898 of type purchase via support.,3,"{""device"":""mobile"",""campaign"":""mobile_push""}"
102,228,3,page_view,support,Page View #899,Sample interaction 899 of type page_view via support.,4,"{""device"":""mobile"",""campaign"":""mobile_push""}"
123,554,1,email_open,store,Email Open #900,Sample interaction 900 of type email_open via store.,2,"{""device"":""mobile"",""campaign"":""mobile_push""}"
118,124,9,store_visit,email,Store Visit #901,Sample interaction 901 of type store_visit via email.,1,"{""device"":""desktop"",""campaign"":""spring_sale""}"
4,691,4,email_click,support,Email Click #902,Sample interaction 902 of type email_click via support.,1,"{""device"":""mobile"",""campaign"":""mobile_push""}"
84,371,5,purchase,support,Purchase #903,Sample interaction 903 of type purchase via support.,3,"{""device"":""mobile"",""campaign"":""mobile_push""}"
61,276,8,email_open,email,Email Open #904,Sample interaction 904 of type email_open via email.,2,"{""device"":""desktop"",""campaign"":""spring_sale""}"
128,435,4,email_click,email,Email Click #905,Sample interaction 905 of type email_click via email.,3,"{""device"":""desktop"",""campaign"":""spring_sale""}"
219,411,5,store_visit,mobile_app,Store Visit #906,Sample interaction 906 of type store_visit via mobile_app.,5,"{""device"":""mobile"",""campaign"":""mobile_push""}"
34,590,4,add_to_cart,email,Add To Cart #907,Sample interaction 907 of type add_to_cart via email.,2,"{""device"":""desktop"",""campaign"":""spring_sale""}"
143,443,7,review,mobile_app,Review #908,Sample interaction 908 of type review via mobile_app.,2,"{""device"":""mobile"",""campaign"":""mobile_push""}"
122,10,3,email_click,store,Email Click #909,Sample interaction 909 of type email_click via store.,2,"{""device"":""mobile"",""campaign"":""mobile_push""}"
229,646,9,email_open,store,Email Open #910,Sample interaction 910 of type email_open via store.,3,"{""device"":""mobile"",""campaign"":""mobile_push""}"
65,576,1,email_click,web,Email Click #911,Sample interaction 911 of type email_click via web.,2,"{""device"":""desktop"",""campaign"":""spring_sale""}"
16,221,5,store_visit,web,Store Visit #912,Sample interaction 912 of type store_visit via web.,4,"{""device"":""desktop"",""campaign"":""spring_sale""}"
191,343,5,email_open,email,Email Open #913,Sample interaction 913 of type email_open via email.,5,"{""device"":""desktop"",""campaign"":""spring_sale""}"
143,264,6,page_view,store,Page View #914,Sample interaction 914 of type page_view via store.,1,"{""device"":""mobile"",""campaign"":""mobile_push""}"
90,696,4,purchase,email,Purchase #915,Sample interaction 915 of type purchase via email.,3,"{""device"":""desktop"",""campaign"":""spring_sale""}"
84,690,9,store_visit,store,Store Visit #916,Sample interaction 916 of type store_visit via store.,1,"{""device"":""mobile"",""campaign"":""mobile_push""}"
98,629,5,store_visit,mobile_app,Store Visit #917,Sample interaction 917 of type store_visit via mobile_app.,2,"{""device"":""mobile"",""campaign"":""mobile_push""}"
164,346,7,email_click,web,Email Click #918,Sample interaction 918 of type email_click via web.,1,"{""device"":""desktop"",""campaign"":""spring_sale""}"
42,352,4,email_open,email,Email Open #919,Sample interaction 919 of type email_open via email.,3,"{""device"":""desktop"",""campaign"":""spring_sale""}"
182,274,7,support_ticket,store,Support Ticket #920,Sample interaction 920 of type support_ticket via store.,3,"{""device"":""mobile"",""campaign"":""mobile_push""}"
192,602,9,store_visit,store,Store Visit #921,Sample interaction 921 of type store_visit via store.,2,"{""device"":""mobile"",""campaign"":""mobile_push""}"
48,24,3,review,email,Review #922,Sample interaction 922 of type review via email.,1,"{""device"":""desktop"",""campaign"":""spring_sale""}"
54,171,7,add_to_cart,web,Add To Cart #923,Sample interaction 923 of type add_to_cart via web.,1,"{""device"":""desktop"",""campaign"":""spring_sale""}"
240,485,9,page_view,web,Page View #924,Sample interaction 924 of type page_view via web.,4,"{""device"":""desktop"",""campaign"":""spring_sale""}"
135,784,2,add_to_cart,email,Add To Cart #925,Sample interaction 925 of type add_to_cart via email.,5,"{""device"":""desktop"",""campaign"":""spring_sale""}"
40,87,7,support_ticket,mobile_app,Support Ticket #926,Sample interaction 926 of type support_ticket via mobile_app.,2,"{""device"":""mobile"",""campaign"":""mobile_push""}"
189,291,8,purchase,mobile_app,Purchase #927,Sample interaction 927 of type purchase via mobile_app.,5,"{""device"":""mobile"",""campaign"":""mobile_push""}"
215,175,1,page_view,email,Page View #928,Sample interaction 928 of type page_view via email.,3,"{""device"":""desktop"",""campaign"":""spring_sale""}"
222,488,8,support_ticket,support,Support Ticket #929,Sample interaction 929 of type support_ticket via support.,4,"{""device"":""mobile"",""campaign"":""mobile_push""}"
35,715,9,purchase,support,Purchase #930,Sample interaction 930 of type purchase via support.,5,"{""device"":""mobile"",""campaign"":""mobile_push""}"
117,647,7,support_ticket,email,Support Ticket #931,Sample interaction 931 of type support_ticket via email.,4,"{""device"":""desktop"",""campaign"":""spring_sale""}"
139,233,2,store_visit,email,Store Visit #932,Sample interaction 932 of type store_visit via email.,3,"{""device"":""desktop"",""campaign"":""spring_sale""}"
106,267,3,support_ticket,web,Support Ticket #933,Sample interaction 933 of type support_ticket via web.,1,"{""device"":""desktop"",""campaign"":""spring_sale""}"
134,777,3,email_open,email,Email Open #934,Sample interaction 934 of type email_open via email.,4,"{""device"":""desktop"",""campaign"":""spring_sale""}"
137,9,8,store_visit,email,Store Visit #935,Sample interaction 935 of type store_visit via email.,1,"{""device"":""desktop"",""campaign"":""spring_sale""}"
197,441,5,review,web,Review #936,Sample interaction 936 of type review via web.,5,"{""device"":""desktop"",""campaign"":""spring_sale""}"
96,194,7,email_click,store,Email Click #937,Sample interaction 937 of type email_click via store.,2,"{""device"":""mobile"",""campaign"":""mobile_push""}"
42,733,7,email_click,mobile_app,Email Click #938,Sample interaction 938 of type email_click via mobile_app.,3,"{""device"":""mobile"",""campaign"":""mobile_push""}"
21,433,4,support_ticket,email,Support Ticket #939,Sample interaction 939 of type support_ticket via email.,5,"{""device"":""desktop"",""campaign"":""spring_sale""}"
208,276,7,review,web,Review #940,Sample interaction 940 of type review via web.,2,"{""device"":""desktop"",""campaign"":""spring_sale""}"
35,297,2,store_visit,support,Store Visit #941,Sample interaction 941 of type store_visit via support.,4,"{""device"":""mobile"",""campaign"":""mobile_push""}"
70,718,8,review,email,Review #942,Sample interaction 942 of type review via email.,1,"{""device"":""desktop"",""campaign"":""spring_sale""}"
39,51,9,page_view,mobile_app,Page View #943,Sample interaction 943 of type page_view via mobile_app.,1,"{""device"":""mobile"",""campaign"":""mobile_push""}"
73,276,3,store_visit,web,Store Visit #944,Sample interaction 944 of type store_visit via web.,2,"{""device"":""desktop"",""campaign"":""spring_sale""}"
24,155,1,store_visit,mobile_app,Store Visit #945,Sample interaction 945 of type store_visit via mobile_app.,3,"{""device"":""mobile"",""campaign"":""mobile_push""}"
108,320,8,email_open,store,Email Open #946,Sample interaction 946 of type email_open via store.,1,"{""device"":""mobile"",""campaign"":""mobile_push""}"
85,83,3,page_view,email,Page View #947,Sample interaction 947 of type page_view via email.,4,"{""device"":""desktop"",""campaign"":""spring_sale""}"
19,557,8,purchase,mobile_app,Purchase #948,Sample interaction 948 of type purchase via mobile_app.,3,"{""device"":""mobile"",""campaign"":""mobile_push""}"
210,391,1,add_to_cart,mobile_app,Add To Cart #949,Sample interaction 949 of type add_to_cart via mobile_app.,4,"{""device"":""mobile"",""campaign"":""mobile_push""}"
198,454,4,page_view,mobile_app,Page View #950,Sample interaction 950 of type page_view via mobile_app.,4,"{""device"":""mobile"",""campaign"":""mobile_push""}"
189,790,2,review,store,Review #951,Sample interaction 951 of type review via store.,4,"{""device"":""mobile"",""campaign"":""mobile_push""}"
175,320,6,purchase,web,Purchase #952,Sample interaction 952 of type purchase via web.,5,"{""device"":""desktop"",""campaign"":""spring_sale""}"
134,126,5,store_visit,email,Store Visit #953,Sample interaction 953 of type store_visit via email.,2,"{""device"":""desktop"",""campaign"":""spring_sale""}"
93,54,4,add_to_cart,mobile_app,Add To Cart #954,Sample interaction 954 of type add_to_cart via mobile_app.,4,"{""device"":""mobile"",""campaign"":""mobile_push""}"
84,16,3,support_ticket,support,Support Ticket #955,Sample interaction 955 of type support_ticket via support.,1,"{""device"":""mobile"",""campaign"":""mobile_push""}"
102,249,1,page_view,support,Page View #956,Sample interaction 956 of type page_view via support.,4,"{""device"":""mobile"",""campaign"":""mobile_push""}"
177,611,3,email_open,web,Email Open #957,Sample interaction 957 of type email_open via web.,2,"{""device"":""desktop"",""campaign"":""spring_sale""}"
41,512,2,email_open,web,Email Open #958,Sample interaction 958 of type email_open via web.,1,"{""device"":""desktop"",""campaign"":""spring_sale""}"
92,661,3,add_to_cart,mobile_app,Add To Cart #959,Sample interaction 959 of type add_to_cart via mobile_app.,4,"{""device"":""mobile"",""campaign"":""mobile_push""}"
60,325,9,email_open,store,Email Open #960,Sample interaction 960 of type email_open via store.,2,"{""device"":""mobile"",""campaign"":""mobile_push""}"
6,706,7,email_open,mobile_app,Email Open #961,Sample interaction 961 of type email_open via mobile_app.,3,"{""device"":""mobile"",""campaign"":""mobile_push""}"
231,41,8,store_visit,support,Store Visit #962,Sample interaction 962 of type store_visit via support.,3,"{""device"":""mobile"",""campaign"":""mobile_push""}"
139,714,8,review,support,Review #963,Sample interaction 963 of type review via support.,2,"{""device"":""mobile"",""campaign"":""mobile_push""}"
140,357,6,store_visit,email,Store Visit #964,Sample interaction 964 of type store_visit via email.,5,"{""device"":""desktop"",""campaign"":""spring_sale""}"
235,568,3,add_to_cart,support,Add To Cart #965,Sample interaction 965 of type add_to_cart via support.,2,"{""device"":""mobile"",""campaign"":""mobile_push""}"
116,303,5,email_open,store,Email Open #966,Sample interaction 966 of type email_open via store.,1,"{""device"":""mobile"",""campaign"":""mobile_push""}"
199,654,9,email_click,mobile_app,Email Click #967,Sample interaction 967 of type email_click via mobile_app.,1,"{""device"":""mobile"",""campaign"":""mobile_push""}"
159,373,4,email_open,web,Email Open #968,Sample interaction 968 of type email_open via web.,5,"{""device"":""desktop"",""campaign"":""spring_sale""}"
210,397,4,store_visit,support,Store Visit #969,Sample interaction 969 of type store_visit via support.,2,"{""device"":""mobile"",""campaign"":""mobile_push""}"
157,290,6,email_click,email,Email Click #970,Sample interaction 970 of type email_click via email.,1,"{""device"":""desktop"",""campaign"":""spring_sale""}"
25,536,2,page_view,mobile_app,Page View #971,Sample interaction 971 of type page_view via mobile_app.,2,"{""device"":""mobile"",""campaign"":""mobile_push""}"
224,33,4,add_to_cart,store,Add To Cart #972,Sample interaction 972 of type add_to_cart via store.,2,"{""device"":""mobile"",""campaign"":""mobile_push""}"
26,33,7,store_visit,support,Store Visit #973,Sample interaction 973 of type store_visit via support.,5,"{""device"":""mobile"",""campaign"":""mobile_push""}"
180,605,5,page_view,email,Page View #974,Sample interaction 974 of type page_view via email.,2,"{""device"":""desktop"",""campaign"":""spring_sale""}"
156,736,2,page_view,mobile_app,Page View #975,Sample interaction 975 of type page_view via mobile_app.,4,"{""device"":""mobile"",""campaign"":""mobile_push""}"
238,82,8,page_view,email,Page View #976,Sample interaction 976 of type page_view via email.,5,"{""device"":""desktop"",""campaign"":""spring_sale""}"
191,426,6,page_view,support,Page View #977,Sample interaction 977 of type page_view via support.,3,"{""device"":""mobile"",""campaign"":""mobile_push""}"
136,42,2,support_ticket,web,Support Ticket #978,Sample interaction 978 of type support_ticket via web.,2,"{""device"":""desktop"",""campaign"":""spring_sale""}"
246,532,2,add_to_cart,mobile_app,Add To Cart #979,Sample interaction 979 of type add_to_cart via mobile_app.,5,"{""device"":""mobile"",""campaign"":""mobile_push""}"
99,195,4,review,support,Review #980,Sample interaction 980 of type review via support.,2,"{""device"":""mobile"",""campaign"":""mobile_push""}"
143,768,9,email_click,web,Email Click #981,Sample interaction 981 of type email_click via web.,5,"{""device"":""desktop"",""campaign"":""spring_sale""}"
92,691,8,email_click,web,Email Click #982,Sample interaction 982 of type email_click via web.,2,"{""device"":""desktop"",""campaign"":""spring_sale""}"
203,185,9,email_click,support,Email Click #983,Sample interaction 983 of type email_click via support.,3,"{""device"":""mobile"",""campaign"":""mobile_push""}"
169,162,9,store_visit,email,Store Visit #984,Sample interaction 984 of type store_visit via email.,3,"{""device"":""desktop"",""campaign"":""spring_sale""}"
141,333,6,email_click,store,Email Click #985,Sample interaction 985 of type email_click via store.,3,"{""device"":""mobile"",""campaign"":""mobile_push""}"
156,247,9,review,store,Review #986,Sample interaction 986 of type review via store.,5,"{""device"":""mobile"",""campaign"":""mobile_push""}"
238,763,5,email_open,store,Email Open #987,Sample interaction 987 of type email_open via store.,4,"{""device"":""mobile"",""campaign"":""mobile_push""}"
246,407,1,page_view,email,Page View #988,Sample interaction 988 of type page_view via email.,5,"{""device"":""desktop"",""campaign"":""spring_sale""}"
5,531,3,support_ticket,web,Support Ticket #989,Sample interaction 989 of type support_ticket via web.,3,"{""device"":""desktop"",""campaign"":""spring_sale""}"
57,220,6,page_view,email,Page View #990,Sample interaction 990 of type page_view via email.,5,"{""device"":""desktop"",""campaign"":""spring_sale""}"
131,570,3,add_to_cart,web,Add To Cart #991,Sample interaction 991 of type add_to_cart via web.,4,"{""device"":""desktop"",""campaign"":""spring_sale""}"
92,160,3,support_ticket,email,Support Ticket #992,Sample interaction 992 of type support_ticket via email.,5,"{""device"":""desktop"",""campaign"":""spring_sale""}"
64,239,5,support_ticket,web,Support Ticket #993,Sample interaction 993 of type support_ticket via web.,5,"{""device"":""desktop"",""campaign"":""spring_sale""}"
103,583,4,add_to_cart,email,Add To Cart #994,Sample interaction 994 of type add_to_cart via email.,4,"{""device"":""desktop"",""campaign"":""spring_sale""}"
45,500,2,support_ticket,web,Support Ticket #995,Sample interaction 995 of type support_ticket via web.,5,"{""device"":""desktop"",""campaign"":""spring_sale""}"
98,81,1,email_open,email,Email Open #996,Sample interaction 996 of type email_open via email.,4,"{""device"":""desktop"",""campaign"":""spring_sale""}"
107,124,4,page_view,store,Page View #997,Sample interaction 997 of type page_view via store.,1,"{""device"":""mobile"",""campaign"":""mobile_push""}"
79,537,1,email_open,support,Email Open #998,Sample interaction 998 of type email_open via support.,5,"{""device"":""mobile"",""campaign"":""mobile_push""}"
39,335,9,review,mobile_app,Review #999,Sample interaction 999 of type review via mobile_app.,1,"{""device"":""mobile"",""campaign"":""mobile_push""}"
173,750,7,store_visit,support,Store Visit #1000,Sample interaction 1000 of type store_visit via support.,5,"{""device"":""mobile"",""campaign"":""mobile_push""}"
130,93,4,email_click,email,Email Click #1001,Sample interaction 1001 of type email_click via email.,4,"{""device"":""desktop"",""campaign"":""spring_sale""}"
38,136,6,add_to_cart,store,Add To Cart #1002,Sample interaction 1002 of type add_to_cart via store.,5,"{""device"":""mobile"",""campaign"":""mobile_push""}"
191,51,9,email_click,email,Email Click #1003,Sample interaction 1003 of type email_click via email.,1,"{""device"":""desktop"",""campaign"":""spring_sale""}"
103,514,7,purchase,mobile_app,Purchase #1004,Sample interaction 1004 of type purchase via mobile_app.,4,"{""device"":""mobile"",""campaign"":""mobile_push""}"
144,203,8,email_click,support,Email Click #1005,Sample interaction 1005 of type email_click via support.,2,"{""device"":""mobile"",""campaign"":""mobile_push""}"
144,631,9,review,mobile_app,Review #1006,Sample interaction 1006 of type review via mobile_app.,1,"{""device"":""mobile"",""campaign"":""mobile_push""}"
69,796,7,email_open,support,Email Open #1007,Sample interaction 1007 of type email_open via support.,1,"{""device"":""mobile"",""campaign"":""mobile_push""}"
29,688,7,email_click,email,Email Click #1008,Sample interaction 1008 of type email_click via email.,3,"{""device"":""desktop"",""campaign"":""spring_sale""}"
49,329,6,page_view,email,Page View #1009,Sample interaction 1009 of type page_view via email.,2,"{""device"":""desktop"",""campaign"":""spring_sale""}"
90,632,8,purchase,store,Purchase #1010,Sample interaction 1010 of type purchase via store.,1,"{""device"":""mobile"",""campaign"":""mobile_push""}"
237,240,4,email_open,mobile_app,Email Open #1011,Sample interaction 1011 of type email_open via mobile_app.,1,"{""device"":""mobile"",""campaign"":""mobile_push""}"
29,758,1,review,support,Review #1012,Sample interaction 1012 of type review via support.,2,"{""device"":""mobile"",""campaign"":""mobile_push""}"
223,295,1,email_open,web,Email Open #1013,Sample interaction 1013 of type email_open via web.,3,"{""device"":""desktop"",""campaign"":""spring_sale""}"
116,483,1,email_open,mobile_app,Email Open #1014,Sample interaction 1014 of type email_open via mobile_app.,5,"{""device"":""mobile"",""campaign"":""mobile_push""}"
55,209,9,support_ticket,support,Support Ticket #1015,Sample interaction 1015 of type support_ticket via support.,4,"{""device"":""mobile"",""campaign"":""mobile_push""}"
160,748,3,page_view,store,Page View #1016,Sample interaction 1016 of type page_view via store.,5,"{""device"":""mobile"",""campaign"":""mobile_push""}"
232,680,9,page_view,email,Page View #1017,Sample interaction 1017 of type page_view via email.,2,"{""device"":""desktop"",""campaign"":""spring_sale""}"
16,291,4,support_ticket,web,Support Ticket #1018,Sample interaction 1018 of type support_ticket via web.,4,"{""device"":""desktop"",""campaign"":""spring_sale""}"
168,9,2,email_click,email,Email Click #1019,Sample interaction 1019 of type email_click via email.,3,"{""device"":""desktop"",""campaign"":""spring_sale""}"
222,111,1,support_ticket,store,Support Ticket #1020,Sample interaction 1020 of type support_ticket via store.,2,"{""device"":""mobile"",""campaign"":""mobile_push""}"
98,521,2,email_open,store,Email Open #1021,Sample interaction 1021 of type email_open via store.,5,"{""device"":""mobile"",""campaign"":""mobile_push""}"
137,91,3,review,support,Review #1022,Sample interaction 1022 of type review via support.,4,"{""device"":""mobile"",""campaign"":""mobile_push""}"
144,730,1,page_view,mobile_app,Page View #1023,Sample interaction 1023 of type page_view via mobile_app.,5,"{""device"":""mobile"",""campaign"":""mobile_push""}"
79,342,8,email_click,mobile_app,Email Click #1024,Sample interaction 1024 of type email_click via mobile_app.,1,"{""device"":""mobile"",""campaign"":""mobile_push""}"
89,701,6,email_open,email,Email Open #1025,Sample interaction 1025 of type email_open via email.,2,"{""device"":""desktop"",""campaign"":""spring_sale""}"
129,283,1,support_ticket,store,Support Ticket #1026,Sample interaction 1026 of type support_ticket via store.,1,"{""device"":""mobile"",""campaign"":""mobile_push""}"
242,569,5,review,mobile_app,Review #1027,Sample interaction 1027 of type review via mobile_app.,3,"{""device"":""mobile"",""campaign"":""mobile_push""}"
230,403,3,add_to_cart,store,Add To Cart #1028,Sample interaction 1028 of type add_to_cart via store.,5,"{""device"":""mobile"",""campaign"":""mobile_push""}"
246,695,4,email_click,mobile_app,Email Click #1029,Sample interaction 1029 of type email_click via mobile_app.,5,"{""device"":""mobile"",""campaign"":""mobile_push""}"
40,437,5,email_open,store,Email Open #1030,Sample interaction 1030 of type email_open via store.,5,"{""device"":""mobile"",""campaign"":""mobile_push""}"
34,212,3,review,mobile_app,Review #1031,Sample interaction 1031 of type review via mobile_app.,3,"{""device"":""mobile"",""campaign"":""mobile_push""}"
177,723,9,purchase,store,Purchase #1032,Sample interaction 1032 of type purchase via store.,2,"{""device"":""mobile"",""campaign"":""mobile_push""}"
168,579,3,email_open,web,Email Open #1033,Sample interaction 1033 of type email_open via web.,5,"{""device"":""desktop"",""campaign"":""spring_sale""}"
137,737,2,purchase,email,Purchase #1034,Sample interaction 1034 of type purchase via email.,2,"{""device"":""desktop"",""campaign"":""spring_sale""}"
187,31,6,email_click,store,Email Click #1035,Sample interaction 1035 of type email_click via store.,3,"{""device"":""mobile"",""campaign"":""mobile_push""}"
114,764,5,purchase,mobile_app,Purchase #1036,Sample interaction 1036 of type purchase via mobile_app.,1,"{""device"":""mobile"",""campaign"":""mobile_push""}"
34,190,1,support_ticket,support,Support Ticket #1037,Sample interaction 1037 of type support_ticket via support.,5,"{""device"":""mobile"",""campaign"":""mobile_push""}"
157,237,4,review,web,Review #1038,Sample interaction 1038 of type review via web.,3,"{""device"":""desktop"",""campaign"":""spring_sale""}"
21,705,8,purchase,support,Purchase #1039,Sample interaction 1039 of type purchase via support.,5,"{""device"":""mobile"",""campaign"":""mobile_push""}"
121,730,6,purchase,store,Purchase #1040,Sample interaction 1040 of type purchase via store.,4,"{""device"":""mobile"",""campaign"":""mobile_push""}"
122,141,3,review,mobile_app,Review #1041,Sample interaction 1041 of type review via mobile_app.,1,"{""device"":""mobile"",""campaign"":""mobile_push""}"
105,783,1,support_ticket,store,Support Ticket #1042,Sample interaction 1042 of type support_ticket via store.,2,"{""device"":""mobile"",""campaign"":""mobile_push""}"
191,688,4,review,web,Review #1043,Sample interaction 1043 of type review via web.,2,"{""device"":""desktop"",""campaign"":""spring_sale""}"
238,450,8,email_open,store,Email Open #1044,Sample interaction 1044 of type email_open via store.,2,"{""device"":""mobile"",""campaign"":""mobile_push""}"
110,415,1,email_click,email,Email Click #1045,Sample interaction 1045 of type email_click via email.,4,"{""device"":""desktop"",""campaign"":""spring_sale""}"
157,761,9,page_view,support,Page View #1046,Sample interaction 1046 of type page_view via support.,1,"{""device"":""mobile"",""campaign"":""mobile_push""}"
116,468,1,review,support,Review #1047,Sample interaction 1047 of type review via support.,5,"{""device"":""mobile"",""campaign"":""mobile_push""}"
102,753,1,email_click,support,Email Click #1048,Sample interaction 1048 of type email_click via support.,1,"{""device"":""mobile"",""campaign"":""mobile_push""}"
49,299,8,email_click,email,Email Click #1049,Sample interaction 1049 of type email_click via email.,3,"{""device"":""desktop"",""campaign"":""spring_sale""}"
119,171,7,support_ticket,support,Support Ticket #1050,Sample interaction 1050 of type support_ticket via support.,1,"{""device"":""mobile"",""campaign"":""mobile_push""}"
177,530,3,store_visit,store,Store Visit #1051,Sample interaction 1051 of type store_visit via store.,1,"{""device"":""mobile"",""campaign"":""mobile_push""}"
185,513,2,purchase,support,Purchase #1052,Sample interaction 1052 of type purchase via support.,5,"{""device"":""mobile"",""campaign"":""mobile_push""}"
35,403,7,email_open,store,Email Open #1053,Sample interaction 1053 of type email_open via store.,1,"{""device"":""mobile"",""campaign"":""mobile_push""}"
46,465,4,store_visit,web,Store Visit #1054,Sample interaction 1054 of type store_visit via web.,3,"{""device"":""desktop"",""campaign"":""spring_sale""}"
83,709,3,add_to_cart,web,Add To Cart #1055,Sample interaction 1055 of type add_to_cart via web.,1,"{""device"":""desktop"",""campaign"":""spring_sale""}"
181,461,6,add_to_cart,support,Add To Cart #1056,Sample interaction 1056 of type add_to_cart via support.,4,"{""device"":""mobile"",""campaign"":""mobile_push""}"
187,524,3,email_click,support,Email Click #1057,Sample interaction 1057 of type email_click via support.,4,"{""device"":""mobile"",""campaign"":""mobile_push""}"
12,787,3,email_open,support,Email Open #1058,Sample interaction 1058 of type email_open via support.,2,"{""device"":""mobile"",""campaign"":""mobile_push""}"
42,149,3,page_view,store,Page View #1059,Sample interaction 1059 of type page_view via store.,3,"{""device"":""mobile"",""campaign"":""mobile_push""}"
80,748,8,support_ticket,mobile_app,Support Ticket #1060,Sample interaction 1060 of type support_ticket via mobile_app.,1,"{""device"":""mobile"",""campaign"":""mobile_push""}"
231,135,4,page_view,support,Page View #1061,Sample interaction 1061 of type page_view via support.,3,"{""device"":""mobile"",""campaign"":""mobile_push""}"
4,470,8,store_visit,support,Store Visit #1062,Sample interaction 1062 of type store_visit via support.,1,"{""device"":""mobile"",""campaign"":""mobile_push""}"
156,506,4,review,support,Review #1063,Sample interaction 1063 of type review via support.,4,"{""device"":""mobile"",""campaign"":""mobile_push""}"
117,420,8,add_to_cart,support,Add To Cart #1064,Sample interaction 1064 of type add_to_cart via support.,5,"{""device"":""mobile"",""campaign"":""mobile_push""}"
2,251,9,support_ticket,support,Support Ticket #1065,Sample interaction 1065 of type support_ticket via support.,5,"{""device"":""mobile"",""campaign"":""mobile_push""}"
210,213,1,purchase,mobile_app,Purchase #1066,Sample interaction 1066 of type purchase via mobile_app.,1,"{""device"":""mobile"",""campaign"":""mobile_push""}"
168,358,1,purchase,web,Purchase #1067,Sample interaction 1067 of type purchase via web.,5,"{""device"":""desktop"",""campaign"":""spring_sale""}"
215,618,5,email_open,web,Email Open #1068,Sample interaction 1068 of type email_open via web.,1,"{""device"":""desktop"",""campaign"":""spring_sale""}"
28,427,3,purchase,email,Purchase #1069,Sample interaction 1069 of type purchase via email.,5,"{""device"":""desktop"",""campaign"":""spring_sale""}"
170,709,9,purchase,store,Purchase #1070,Sample interaction 1070 of type purchase via store.,5,"{""device"":""mobile"",""campaign"":""mobile_push""}"
93,37,2,support_ticket,email,Support Ticket #1071,Sample interaction 1071 of type support_ticket via email.,3,"{""device"":""desktop"",""campaign"":""spring_sale""}"
230,389,2,email_click,support,Email Click #1072,Sample interaction 1072 of type email_click via support.,1,"{""device"":""mobile"",""campaign"":""mobile_push""}"
75,483,3,add_to_cart,email,Add To Cart #1073,Sample interaction 1073 of type add_to_cart via email.,3,"{""device"":""desktop"",""campaign"":""spring_sale""}"
135,424,9,review,mobile_app,Review #1074,Sample interaction 1074 of type review via mobile_app.,5,"{""device"":""mobile"",""campaign"":""mobile_push""}"
15,112,9,add_to_cart,store,Add To Cart #1075,Sample interaction 1075 of type add_to_cart via store.,5,"{""device"":""mobile"",""campaign"":""mobile_push""}"
240,724,5,email_click,support,Email Click #1076,Sample interaction 1076 of type email_click via support.,3,"{""device"":""mobile"",""campaign"":""mobile_push""}"
67,539,6,purchase,support,Purchase #1077,Sample interaction 1077 of type purchase via support.,5,"{""device"":""mobile"",""campaign"":""mobile_push""}"
128,533,8,store_visit,mobile_app,Store Visit #1078,Sample interaction 1078 of type store_visit via mobile_app.,5,"{""device"":""mobile"",""campaign"":""mobile_push""}"
60,726,5,review,web,Review #1079,Sample interaction 1079 of type review via web.,1,"{""device"":""desktop"",""campaign"":""spring_sale""}"
7,477,2,review,support,Review #1080,Sample interaction 1080 of type review via support.,4,"{""device"":""mobile"",""campaign"":""mobile_push""}"
106,47,6,email_open,support,Email Open #1081,Sample interaction 1081 of type email_open via support.,2,"{""device"":""mobile"",""campaign"":""mobile_push""}"
3,656,4,support_ticket,email,Support Ticket #1082,Sample interaction 1082 of type support_ticket via email.,1,"{""device"":""desktop"",""campaign"":""spring_sale""}"
79,308,9,email_open,web,Email Open #1083,Sample interaction 1083 of type email_open via web.,1,"{""device"":""desktop"",""campaign"":""spring_sale""}"
176,342,6,email_click,support,Email Click #1084,Sample interaction 1084 of type email_click via support.,5,"{""device"":""mobile"",""campaign"":""mobile_push""}"
246,30,3,review,email,Review #1085,Sample interaction 1085 of type review via email.,3,"{""device"":""desktop"",""campaign"":""spring_sale""}"
237,689,8,store_visit,web,Store Visit #1086,Sample interaction 1086 of type store_visit via web.,2,"{""device"":""desktop"",""campaign"":""spring_sale""}"
124,160,8,email_open,store,Email Open #1087,Sample interaction 1087 of type email_open via store.,4,"{""device"":""mobile"",""campaign"":""mobile_push""}"
238,761,1,support_ticket,support,Support Ticket #1088,Sample interaction 1088 of type support_ticket via support.,3,"{""device"":""mobile"",""campaign"":""mobile_push""}"
143,549,1,review,support,Review #1089,Sample interaction 1089 of type review via support.,3,"{""device"":""mobile"",""campaign"":""mobile_push""}"
205,363,2,purchase,email,Purchase #1090,Sample interaction 1090 of type purchase via email.,1,"{""device"":""desktop"",""campaign"":""spring_sale""}"
87,385,9,purchase,support,Purchase #1091,Sample interaction 1091 of type purchase via support.,5,"{""device"":""mobile"",""campaign"":""mobile_push""}"
100,192,2,support_ticket,email,Support Ticket #1092,Sample interaction 1092 of type support_ticket via email.,1,"{""device"":""desktop"",""campaign"":""spring_sale""}"
70,424,2,store_visit,mobile_app,Store Visit #1093,Sample interaction 1093 of type store_visit via mobile_app.,3,"{""device"":""mobile"",""campaign"":""mobile_push""}"
116,310,4,support_ticket,mobile_app,Support Ticket #1094,Sample interaction 1094 of type support_ticket via mobile_app.,1,"{""device"":""mobile"",""campaign"":""mobile_push""}"
96,39,4,add_to_cart,store,Add To Cart #1095,Sample interaction 1095 of type add_to_cart via store.,5,"{""device"":""mobile"",""campaign"":""mobile_push""}"
7,495,9,purchase,mobile_app,Purchase #1096,Sample interaction 1096 of type purchase via mobile_app.,3,"{""device"":""mobile"",""campaign"":""mobile_push""}"
237,496,9,support_ticket,email,Support Ticket #1097,Sample interaction 1097 of type support_ticket via email.,2,"{""device"":""desktop"",""campaign"":""spring_sale""}"
197,101,9,purchase,mobile_app,Purchase #1098,Sample interaction 1098 of type purchase via mobile_app.,1,"{""device"":""mobile"",""campaign"":""mobile_push""}"
118,397,9,add_to_cart,web,Add To Cart #1099,Sample interaction 1099 of type add_to_cart via web.,3,"{""device"":""desktop"",""campaign"":""spring_sale""}"
239,46,2,email_open,store,Email Open #1100,Sample interaction 1100 of type email_open via store.,1,"{""device"":""mobile"",""campaign"":""mobile_push""}"
27,534,5,page_view,support,Page View #1101,Sample interaction 1101 of type page_view via support.,3,"{""device"":""mobile"",""campaign"":""mobile_push""}"
164,215,6,review,mobile_app,Review #1102,Sample interaction 1102 of type review via mobile_app.,3,"{""device"":""mobile"",""campaign"":""mobile_push""}"
71,546,6,store_visit,web,Store Visit #1103,Sample interaction 1103 of type store_visit via web.,3,"{""device"":""desktop"",""campaign"":""spring_sale""}"
39,162,5,add_to_cart,web,Add To Cart #1104,Sample interaction 1104 of type add_to_cart via web.,5,"{""device"":""desktop"",""campaign"":""spring_sale""}"
144,527,2,review,support,Review #1105,Sample interaction 1105 of type review via support.,3,"{""device"":""mobile"",""campaign"":""mobile_push""}"
141,327,5,purchase,email,Purchase #1106,Sample interaction 1106 of type purchase via email.,5,"{""device"":""desktop"",""campaign"":""spring_sale""}"
63,176,2,support_ticket,support,Support Ticket #1107,Sample interaction 1107 of type support_ticket via support.,3,"{""device"":""mobile"",""campaign"":""mobile_push""}"
139,455,1,purchase,web,Purchase #1108,Sample interaction 1108 of type purchase via web.,4,"{""device"":""desktop"",""campaign"":""spring_sale""}"
232,692,1,add_to_cart,store,Add To Cart #1109,Sample interaction 1109 of type add_to_cart via store.,1,"{""device"":""mobile"",""campaign"":""mobile_push""}"
23,437,7,purchase,support,Purchase #1110,Sample interaction 1110 of type purchase via support.,5,"{""device"":""mobile"",""campaign"":""mobile_push""}"
162,707,8,email_open,email,Email Open #1111,Sample interaction 1111 of type email_open via email.,3,"{""device"":""desktop"",""campaign"":""spring_sale""}"
210,203,9,add_to_cart,store,Add To Cart #1112,Sample interaction 1112 of type add_to_cart via store.,5,"{""device"":""mobile"",""campaign"":""mobile_push""}"
34,96,8,add_to_cart,store,Add To Cart #1113,Sample interaction 1113 of type add_to_cart via store.,3,"{""device"":""mobile"",""campaign"":""mobile_push""}"
176,660,8,store_visit,mobile_app,Store Visit #1114,Sample interaction 1114 of type store_visit via mobile_app.,2,"{""device"":""mobile"",""campaign"":""mobile_push""}"
37,632,5,email_open,store,Email Open #1115,Sample interaction 1115 of type email_open via store.,2,"{""device"":""mobile"",""campaign"":""mobile_push""}"
180,682,6,email_open,store,Email Open #1116,Sample interaction 1116 of type email_open via store.,4,"{""device"":""mobile"",""campaign"":""mobile_push""}"
8,67,8,add_to_cart,email,Add To Cart #1117,Sample interaction 1117 of type add_to_cart via email.,4,"{""device"":""desktop"",""campaign"":""spring_sale""}"
119,175,5,email_open,support,Email Open #1118,Sample interaction 1118 of type email_open via support.,5,"{""device"":""mobile"",""campaign"":""mobile_push""}"
33,521,2,email_click,web,Email Click #1119,Sample interaction 1119 of type email_click via web.,3,"{""device"":""desktop"",""campaign"":""spring_sale""}"
143,666,2,support_ticket,support,Support Ticket #1120,Sample interaction 1120 of type support_ticket via support.,4,"{""device"":""mobile"",""campaign"":""mobile_push""}"
103,605,7,review,support,Review #1121,Sample interaction 1121 of type review via support.,2,"{""device"":""mobile"",""campaign"":""mobile_push""}"
141,163,8,email_click,web,Email Click #1122,Sample interaction 1122 of type email_click via web.,3,"{""device"":""desktop"",""campaign"":""spring_sale""}"
54,711,7,email_click,support,Email Click #1123,Sample interaction 1123 of type email_click via support.,3,"{""device"":""mobile"",""campaign"":""mobile_push""}"
140,711,4,purchase,web,Purchase #1124,Sample interaction 1124 of type purchase via web.,5,"{""device"":""desktop"",""campaign"":""spring_sale""}"
215,499,2,store_visit,email,Store Visit #1125,Sample interaction 1125 of type store_visit via email.,5,"{""device"":""desktop"",""campaign"":""spring_sale""}"
25,456,3,support_ticket,store,Support Ticket #1126,Sample interaction 1126 of type support_ticket via store.,1,"{""device"":""mobile"",""campaign"":""mobile_push""}"
154,112,7,email_open,store,Email Open #1127,Sample interaction 1127 of type email_open via store.,1,"{""device"":""mobile"",""campaign"":""mobile_push""}"
24,223,3,page_view,mobile_app,Page View #1128,Sample interaction 1128 of type page_view via mobile_app.,2,"{""device"":""mobile"",""campaign"":""mobile_push""}"
116,545,5,email_click,support,Email Click #1129,Sample interaction 1129 of type email_click via support.,5,"{""device"":""mobile"",""campaign"":""mobile_push""}"
115,201,4,email_open,email,Email Open #1130,Sample interaction 1130 of type email_open via email.,5,"{""device"":""desktop"",""campaign"":""spring_sale""}"
204,696,5,email_click,email,Email Click #1131,Sample interaction 1131 of type email_click via email.,1,"{""device"":""desktop"",""campaign"":""spring_sale""}"
150,9,9,email_click,mobile_app,Email Click #1132,Sample interaction 1132 of type email_click via mobile_app.,3,"{""device"":""mobile"",""campaign"":""mobile_push""}"
16,379,9,page_view,web,Page View #1133,Sample interaction 1133 of type page_view via web.,5,"{""device"":""desktop"",""campaign"":""spring_sale""}"
211,368,2,support_ticket,web,Support Ticket #1134,Sample interaction 1134 of type support_ticket via web.,2,"{""device"":""desktop"",""campaign"":""spring_sale""}"
111,720,7,email_open,store,Email Open #1135,Sample interaction 1135 of type email_open via store.,4,"{""device"":""mobile"",""campaign"":""mobile_push""}"
98,446,9,review,mobile_app,Review #1136,Sample interaction 1136 of type review via mobile_app.,4,"{""device"":""mobile"",""campaign"":""mobile_push""}"
36,193,9,email_click,email,Email Click #1137,Sample interaction 1137 of type email_click via email.,4,"{""device"":""desktop"",""campaign"":""spring_sale""}"
40,296,3,purchase,web,Purchase #1138,Sample interaction 1138 of type purchase via web.,1,"{""device"":""desktop"",""campaign"":""spring_sale""}"
166,17,3,store_visit,store,Store Visit #1139,Sample interaction 1139 of type store_visit via store.,2,"{""device"":""mobile"",""campaign"":""mobile_push""}"
22,141,7,store_visit,support,Store Visit #1140,Sample interaction 1140 of type store_visit via support.,4,"{""device"":""mobile"",""campaign"":""mobile_push""}"
160,185,8,email_click,support,Email Click #1141,Sample interaction 1141 of type email_click via support.,4,"{""device"":""mobile"",""campaign"":""mobile_push""}"
99,364,4,purchase,store,Purchase #1142,Sample interaction 1142 of type purchase via store.,5,"{""device"":""mobile"",""campaign"":""mobile_push""}"
2,592,8,review,support,Review #1143,Sample interaction 1143 of type review via support.,3,"{""device"":""mobile"",""campaign"":""mobile_push""}"
106,560,6,page_view,web,Page View #1144,Sample interaction 1144 of type page_view via web.,5,"{""device"":""desktop"",""campaign"":""spring_sale""}"
124,722,6,add_to_cart,support,Add To Cart #1145,Sample interaction 1145 of type add_to_cart via support.,4,"{""device"":""mobile"",""campaign"":""mobile_push""}"
247,708,2,purchase,support,Purchase #1146,Sample interaction 1146 of type purchase via support.,3,"{""device"":""mobile"",""campaign"":""mobile_push""}"
120,530,2,add_to_cart,mobile_app,Add To Cart #1147,Sample interaction 1147 of type add_to_cart via mobile_app.,4,"{""device"":""mobile"",""campaign"":""mobile_push""}"
162,760,2,support_ticket,support,Support Ticket #1148,Sample interaction 1148 of type support_ticket via support.,1,"{""device"":""mobile"",""campaign"":""mobile_push""}"
232,352,9,page_view,store,Page View #1149,Sample interaction 1149 of type page_view via store.,4,"{""device"":""mobile"",""campaign"":""mobile_push""}"
132,481,6,email_click,email,Email Click #1150,Sample interaction 1150 of type email_click via email.,3,"{""device"":""desktop"",""campaign"":""spring_sale""}"
75,172,1,support_ticket,support,Support Ticket #1151,Sample interaction 1151 of type support_ticket via support.,3,"{""device"":""mobile"",""campaign"":""mobile_push""}"
16,645,8,purchase,support,Purchase #1152,Sample interaction 1152 of type purchase via support.,1,"{""device"":""mobile"",""campaign"":""mobile_push""}"
169,299,1,support_ticket,store,Support Ticket #1153,Sample interaction 1153 of type support_ticket via store.,1,"{""device"":""mobile"",""campaign"":""mobile_push""}"
33,518,2,support_ticket,email,Support Ticket #1154,Sample interaction 1154 of type support_ticket via email.,2,"{""device"":""desktop"",""campaign"":""spring_sale""}"
158,288,5,support_ticket,web,Support Ticket #1155,Sample interaction 1155 of type support_ticket via web.,1,"{""device"":""desktop"",""campaign"":""spring_sale""}"
155,179,3,store_visit,email,Store Visit #1156,Sample interaction 1156 of type store_visit via email.,2,"{""device"":""desktop"",""campaign"":""spring_sale""}"
67,718,4,store_visit,mobile_app,Store Visit #1157,Sample interaction 1157 of type store_visit via mobile_app.,5,"{""device"":""mobile"",""campaign"":""mobile_push""}"
221,34,6,add_to_cart,mobile_app,Add To Cart #1158,Sample interaction 1158 of type add_to_cart via mobile_app.,5,"{""device"":""mobile"",""campaign"":""mobile_push""}"
240,158,8,email_click,store,Email Click #1159,Sample interaction 1159 of type email_click via store.,2,"{""device"":""mobile"",""campaign"":""mobile_push""}"
170,451,3,review,support,Review #1160,Sample interaction 1160 of type review via support.,3,"{""device"":""mobile"",""campaign"":""mobile_push""}"
14,658,5,add_to_cart,web,Add To Cart #1161,Sample interaction 1161 of type add_to_cart via web.,2,"{""device"":""desktop"",""campaign"":""spring_sale""}"
119,409,8,support_ticket,store,Support Ticket #1162,Sample interaction 1162 of type support_ticket via store.,5,"{""device"":""mobile"",""campaign"":""mobile_push""}"
60,389,7,store_visit,email,Store Visit #1163,Sample interaction 1163 of type store_visit via email.,2,"{""device"":""desktop"",""campaign"":""spring_sale""}"
136,446,1,support_ticket,store,Support Ticket #1164,Sample interaction 1164 of type support_ticket via store.,4,"{""device"":""mobile"",""campaign"":""mobile_push""}"
174,324,9,page_view,web,Page View #1165,Sample interaction 1165 of type page_view via web.,5,"{""device"":""desktop"",""campaign"":""spring_sale""}"
164,363,7,support_ticket,email,Support Ticket #1166,Sample interaction 1166 of type support_ticket via email.,3,"{""device"":""desktop"",""campaign"":""spring_sale""}"
69,101,5,email_click,store,Email Click #1167,Sample interaction 1167 of type email_click via store.,2,"{""device"":""mobile"",""campaign"":""mobile_push""}"
188,689,4,email_open,mobile_app,Email Open #1168,Sample interaction 1168 of type email_open via mobile_app.,3,"{""device"":""mobile"",""campaign"":""mobile_push""}"
141,11,1,add_to_cart,web,Add To Cart #1169,Sample interaction 1169 of type add_to_cart via web.,4,"{""device"":""desktop"",""campaign"":""spring_sale""}"
26,538,2,store_visit,email,Store Visit #1170,Sample interaction 1170 of type store_visit via email.,2,"{""device"":""desktop"",""campaign"":""spring_sale""}"
186,291,5,review,web,Review #1171,Sample interaction 1171 of type review via web.,1,"{""device"":""desktop"",""campaign"":""spring_sale""}"
159,95,1,review,support,Review #1172,Sample interaction 1172 of type review via support.,1,"{""device"":""mobile"",""campaign"":""mobile_push""}"
182,123,2,purchase,store,Purchase #1173,Sample interaction 1173 of type purchase via store.,5,"{""device"":""mobile"",""campaign"":""mobile_push""}"
206,190,2,purchase,email,Purchase #1174,Sample interaction 1174 of type purchase via email.,3,"{""device"":""desktop"",""campaign"":""spring_sale""}"
120,677,2,store_visit,email,Store Visit #1175,Sample interaction 1175 of type store_visit via email.,4,"{""device"":""desktop"",""campaign"":""spring_sale""}"
178,684,6,support_ticket,mobile_app,Support Ticket #1176,Sample interaction 1176 of type support_ticket via mobile_app.,1,"{""device"":""mobile"",""campaign"":""mobile_push""}"
71,796,1,email_click,store,Email Click #1177,Sample interaction 1177 of type email_click via store.,3,"{""device"":""mobile"",""campaign"":""mobile_push""}"
16,265,5,purchase,store,Purchase #1178,Sample interaction 1178 of type purchase via store.,1,"{""device"":""mobile"",""campaign"":""mobile_push""}"
126,206,7,purchase,store,Purchase #1179,Sample interaction 1179 of type purchase via store.,1,"{""device"":""mobile"",""campaign"":""mobile_push""}"
37,554,7,review,support,Review #1180,Sample interaction 1180 of type review via support.,1,"{""device"":""mobile"",""campaign"":""mobile_push""}"
234,453,5,add_to_cart,web,Add To Cart #1181,Sample interaction 1181 of type add_to_cart via web.,1,"{""device"":""desktop"",""campaign"":""spring_sale""}"
19,586,5,store_visit,web,Store Visit #1182,Sample interaction 1182 of type store_visit via web.,4,"{""device"":""desktop"",""campaign"":""spring_sale""}"
39,669,1,page_view,store,Page View #1183,Sample interaction 1183 of type page_view via store.,3,"{""device"":""mobile"",""campaign"":""mobile_push""}"
39,717,6,email_click,support,Email Click #1184,Sample interaction 1184 of type email_click via support.,1,"{""device"":""mobile"",""campaign"":""mobile_push""}"
132,725,8,store_visit,store,Store Visit #1185,Sample interaction 1185 of type store_visit via store.,4,"{""device"":""mobile"",""campaign"":""mobile_push""}"
217,746,2,review,web,Review #1186,Sample interaction 1186 of type review via web.,4,"{""device"":""desktop"",""campaign"":""spring_sale""}"
245,706,8,add_to_cart,support,Add To Cart #1187,Sample interaction 1187 of type add_to_cart via support.,5,"{""device"":""mobile"",""campaign"":""mobile_push""}"
240,368,6,support_ticket,store,Support Ticket #1188,Sample interaction 1188 of type support_ticket via store.,1,"{""device"":""mobile"",""campaign"":""mobile_push""}"
162,663,2,email_open,support,Email Open #1189,Sample interaction 1189 of type email_open via support.,3,"{""device"":""mobile"",""campaign"":""mobile_push""}"
21,471,5,review,mobile_app,Review #1190,Sample interaction 1190 of type review via mobile_app.,5,"{""device"":""mobile"",""campaign"":""mobile_push""}"
11,394,4,support_ticket,store,Support Ticket #1191,Sample interaction 1191 of type support_ticket via store.,1,"{""device"":""mobile"",""campaign"":""mobile_push""}"
162,706,6,store_visit,web,Store Visit #1192,Sample interaction 1192 of type store_visit via web.,4,"{""device"":""desktop"",""campaign"":""spring_sale""}"
189,195,3,page_view,mobile_app,Page View #1193,Sample interaction 1193 of type page_view via mobile_app.,1,"{""device"":""mobile"",""campaign"":""mobile_push""}"
185,608,4,store_visit,store,Store Visit #1194,Sample interaction 1194 of type store_visit via store.,1,"{""device"":""mobile"",""campaign"":""mobile_push""}"
203,554,5,store_visit,support,Store Visit #1195,Sample interaction 1195 of type store_visit via support.,4,"{""device"":""mobile"",""campaign"":""mobile_push""}"
248,17,1,email_open,web,Email Open #1196,Sample interaction 1196 of type email_open via web.,3,"{""device"":""desktop"",""campaign"":""spring_sale""}"
202,739,1,email_click,web,Email Click #1197,Sample interaction 1197 of type email_click via web.,2,"{""device"":""desktop"",""campaign"":""spring_sale""}"
207,670,9,store_visit,support,Store Visit #1198,Sample interaction 1198 of type store_visit via support.,2,"{""device"":""mobile"",""campaign"":""mobile_push""}"
190,594,4,add_to_cart,web,Add To Cart #1199,Sample interaction 1199 of type add_to_cart via web.,2,"{""device"":""desktop"",""campaign"":""spring_sale""}"
126,670,1,store_visit,support,Store Visit #1200,Sample interaction 1200 of type store_visit via support.,1,"{""device"":""mobile"",""campaign"":""mobile_push""}"
63,719,3,page_view,mobile_app,Page View #1201,Sample interaction 1201 of type page_view via mobile_app.,1,"{""device"":""mobile"",""campaign"":""mobile_push""}"
232,315,2,store_visit,support,Store Visit #1202,Sample interaction 1202 of type store_visit via support.,2,"{""device"":""mobile"",""campaign"":""mobile_push""}"
214,606,2,add_to_cart,web,Add To Cart #1203,Sample interaction 1203 of type add_to_cart via web.,4,"{""device"":""desktop"",""campaign"":""spring_sale""}"
153,631,4,add_to_cart,mobile_app,Add To Cart #1204,Sample interaction 1204 of type add_to_cart via mobile_app.,4,"{""device"":""mobile"",""campaign"":""mobile_push""}"
87,756,7,email_open,web,Email Open #1205,Sample interaction 1205 of type email_open via web.,5,"{""device"":""desktop"",""campaign"":""spring_sale""}"
140,141,6,review,web,Review #1206,Sample interaction 1206 of type review via web.,5,"{""device"":""desktop"",""campaign"":""spring_sale""}"
45,344,2,add_to_cart,email,Add To Cart #1207,Sample interaction 1207 of type add_to_cart via email.,2,"{""device"":""desktop"",""campaign"":""spring_sale""}"
194,426,3,email_open,support,Email Open #1208,Sample interaction 1208 of type email_open via support.,2,"{""device"":""mobile"",""campaign"":""mobile_push""}"
113,250,1,purchase,web,Purchase #1209,Sample interaction 1209 of type purchase via web.,5,"{""device"":""desktop"",""campaign"":""spring_sale""}"
97,797,3,page_view,store,Page View #1210,Sample interaction 1210 of type page_view via store.,1,"{""device"":""mobile"",""campaign"":""mobile_push""}"
2,8,3,add_to_cart,support,Add To Cart #1211,Sample interaction 1211 of type add_to_cart via support.,3,"{""device"":""mobile"",""campaign"":""mobile_push""}"
107,711,8,purchase,mobile_app,Purchase #1212,Sample interaction 1212 of type purchase via mobile_app.,2,"{""device"":""mobile"",""campaign"":""mobile_push""}"
164,278,9,store_visit,store,Store Visit #1213,Sample interaction 1213 of type store_visit via store.,2,"{""device"":""mobile"",""campaign"":""mobile_push""}"
241,179,1,purchase,store,Purchase #1214,Sample interaction 1214 of type purchase via store.,5,"{""device"":""mobile"",""campaign"":""mobile_push""}"
244,91,5,email_open,store,Email Open #1215,Sample interaction 1215 of type email_open via store.,1,"{""device"":""mobile"",""campaign"":""mobile_push""}"
143,242,4,add_to_cart,support,Add To Cart #1216,Sample interaction 1216 of type add_to_cart via support.,1,"{""device"":""mobile"",""campaign"":""mobile_push""}"
159,371,9,review,store,Review #1217,Sample interaction 1217 of type review via store.,2,"{""device"":""mobile"",""campaign"":""mobile_push""}"
71,55,4,add_to_cart,mobile_app,Add To Cart #1218,Sample interaction 1218 of type add_to_cart via mobile_app.,4,"{""device"":""mobile"",""campaign"":""mobile_push""}"
128,181,3,page_view,web,Page View #1219,Sample interaction 1219 of type page_view via web.,3,"{""device"":""desktop"",""campaign"":""spring_sale""}"
73,215,7,support_ticket,email,Support Ticket #1220,Sample interaction 1220 of type support_ticket via email.,5,"{""device"":""desktop"",""campaign"":""spring_sale""}"
207,777,8,page_view,web,Page View #1221,Sample interaction 1221 of type page_view via web.,1,"{""device"":""desktop"",""campaign"":""spring_sale""}"
237,551,3,purchase,web,Purchase #1222,Sample interaction 1222 of type purchase via web.,4,"{""device"":""desktop"",""campaign"":""spring_sale""}"
132,119,2,review,store,Review #1223,Sample interaction 1223 of type review via store.,5,"{""device"":""mobile"",""campaign"":""mobile_push""}"
149,334,7,review,email,Review #1224,Sample interaction 1224 of type review via email.,2,"{""device"":""desktop"",""campaign"":""spring_sale""}"
200,113,6,review,web,Review #1225,Sample interaction 1225 of type review via web.,2,"{""device"":""desktop"",""campaign"":""spring_sale""}"
189,423,4,email_click,mobile_app,Email Click #1226,Sample interaction 1226 of type email_click via mobile_app.,1,"{""device"":""mobile"",""campaign"":""mobile_push""}"
121,600,8,page_view,store,Page View #1227,Sample interaction 1227 of type page_view via store.,2,"{""device"":""mobile"",""campaign"":""mobile_push""}"
56,625,8,purchase,store,Purchase #1228,Sample interaction 1228 of type purchase via store.,3,"{""device"":""mobile"",""campaign"":""mobile_push""}"
35,469,4,email_open,email,Email Open #1229,Sample interaction 1229 of type email_open via email.,2,"{""device"":""desktop"",""campaign"":""spring_sale""}"
86,131,1,page_view,email,Page View #1230,Sample interaction 1230 of type page_view via email.,2,"{""device"":""desktop"",""campaign"":""spring_sale""}"
29,477,8,email_click,mobile_app,Email Click #1231,Sample interaction 1231 of type email_click via mobile_app.,3,"{""device"":""mobile"",""campaign"":""mobile_push""}"
57,303,3,purchase,support,Purchase #1232,Sample interaction 1232 of type purchase via support.,5,"{""device"":""mobile"",""campaign"":""mobile_push""}"
219,236,2,email_click,support,Email Click #1233,Sample interaction 1233 of type email_click via support.,4,"{""device"":""mobile"",""campaign"":""mobile_push""}"
221,222,8,store_visit,email,Store Visit #1234,Sample interaction 1234 of type store_visit via email.,1,"{""device"":""desktop"",""campaign"":""spring_sale""}"
187,439,4,review,email,Review #1235,Sample interaction 1235 of type review via email.,4,"{""device"":""desktop"",""campaign"":""spring_sale""}"
149,228,3,page_view,store,Page View #1236,Sample interaction 1236 of type page_view via store.,1,"{""device"":""mobile"",""campaign"":""mobile_push""}"
11,482,9,page_view,store,Page View #1237,Sample interaction 1237 of type page_view via store.,5,"{""device"":""mobile"",""campaign"":""mobile_push""}"
101,491,2,store_visit,store,Store Visit #1238,Sample interaction 1238 of type store_visit via store.,2,"{""device"":""mobile"",""campaign"":""mobile_push""}"
22,572,1,email_click,mobile_app,Email Click #1239,Sample interaction 1239 of type email_click via mobile_app.,2,"{""device"":""mobile"",""campaign"":""mobile_push""}"
92,303,4,add_to_cart,web,Add To Cart #1240,Sample interaction 1240 of type add_to_cart via web.,4,"{""device"":""desktop"",""campaign"":""spring_sale""}"
172,313,3,store_visit,support,Store Visit #1241,Sample interaction 1241 of type store_visit via support.,5,"{""device"":""mobile"",""campaign"":""mobile_push""}"
7,466,8,purchase,store,Purchase #1242,Sample interaction 1242 of type purchase via store.,2,"{""device"":""mobile"",""campaign"":""mobile_push""}"
203,380,8,page_view,web,Page View #1243,Sample interaction 1243 of type page_view via web.,4,"{""device"":""desktop"",""campaign"":""spring_sale""}"
229,708,6,page_view,email,Page View #1244,Sample interaction 1244 of type page_view via email.,4,"{""device"":""desktop"",""campaign"":""spring_sale""}"
193,277,9,review,web,Review #1245,Sample interaction 1245 of type review via web.,5,"{""device"":""desktop"",""campaign"":""spring_sale""}"
226,344,1,email_open,web,Email Open #1246,Sample interaction 1246 of type email_open via web.,1,"{""device"":""desktop"",""campaign"":""spring_sale""}"
99,375,8,page_view,email,Page View #1247,Sample interaction 1247 of type page_view via email.,3,"{""device"":""desktop"",""campaign"":""spring_sale""}"
45,664,9,add_to_cart,support,Add To Cart #1248,Sample interaction 1248 of type add_to_cart via support.,2,"{""device"":""mobile"",""campaign"":""mobile_push""}"
36,343,4,add_to_cart,store,Add To Cart #1249,Sample interaction 1249 of type add_to_cart via store.,5,"{""device"":""mobile"",""campaign"":""mobile_push""}"
224,720,4,review,email,Review #1250,Sample interaction 1250 of type review via email.,3,"{""device"":""desktop"",""campaign"":""spring_sale""}"
230,274,9,email_click,email,Email Click #1251,Sample interaction 1251 of type email_click via email.,1,"{""device"":""desktop"",""campaign"":""spring_sale""}"
17,382,6,store_visit,store,Store Visit #1252,Sample interaction 1252 of type store_visit via store.,5,"{""device"":""mobile"",""campaign"":""mobile_push""}"
135,126,8,support_ticket,store,Support Ticket #1253,Sample interaction 1253 of type support_ticket via store.,5,"{""device"":""mobile"",""campaign"":""mobile_push""}"
95,690,2,review,store,Review #1254,Sample interaction 1254 of type review via store.,1,"{""device"":""mobile"",""campaign"":""mobile_push""}"
21,401,3,support_ticket,web,Support Ticket #1255,Sample interaction 1255 of type support_ticket via web.,1,"{""device"":""desktop"",""campaign"":""spring_sale""}"
43,283,2,purchase,store,Purchase #1256,Sample interaction 1256 of type purchase via store.,2,"{""device"":""mobile"",""campaign"":""mobile_push""}"
224,210,9,page_view,email,Page View #1257,Sample interaction 1257 of type page_view via email.,4,"{""device"":""desktop"",""campaign"":""spring_sale""}"
249,699,9,purchase,store,Purchase #1258,Sample interaction 1258 of type purchase via store.,3,"{""device"":""mobile"",""campaign"":""mobile_push""}"
108,455,1,support_ticket,mobile_app,Support Ticket #1259,Sample interaction 1259 of type support_ticket via mobile_app.,1,"{""device"":""mobile"",""campaign"":""mobile_push""}"
6,238,9,email_open,store,Email Open #1260,Sample interaction 1260 of type email_open via store.,5,"{""device"":""mobile"",""campaign"":""mobile_push""}"
88,672,6,store_visit,support,Store Visit #1261,Sample interaction 1261 of type store_visit via support.,5,"{""device"":""mobile"",""campaign"":""mobile_push""}"
216,562,8,store_visit,email,Store Visit #1262,Sample interaction 1262 of type store_visit via email.,5,"{""device"":""desktop"",""campaign"":""spring_sale""}"
34,314,3,support_ticket,mobile_app,Support Ticket #1263,Sample interaction 1263 of type support_ticket via mobile_app.,4,"{""device"":""mobile"",""campaign"":""mobile_push""}"
96,296,1,purchase,email,Purchase #1264,Sample interaction 1264 of type purchase via email.,3,"{""device"":""desktop"",""campaign"":""spring_sale""}"
117,171,3,support_ticket,mobile_app,Support Ticket #1265,Sample interaction 1265 of type support_ticket via mobile_app.,2,"{""device"":""mobile"",""campaign"":""mobile_push""}"
215,726,3,purchase,mobile_app,Purchase #1266,Sample interaction 1266 of type purchase via mobile_app.,1,"{""device"":""mobile"",""campaign"":""mobile_push""}"
11,325,3,store_visit,email,Store Visit #1267,Sample interaction 1267 of type store_visit via email.,3,"{""device"":""desktop"",""campaign"":""spring_sale""}"
48,211,9,page_view,email,Page View #1268,Sample interaction 1268 of type page_view via email.,3,"{""device"":""desktop"",""campaign"":""spring_sale""}"
38,382,8,purchase,support,Purchase #1269,Sample interaction 1269 of type purchase via support.,3,"{""device"":""mobile"",""campaign"":""mobile_push""}"
32,26,7,store_visit,mobile_app,Store Visit #1270,Sample interaction 1270 of type store_visit via mobile_app.,4,"{""device"":""mobile"",""campaign"":""mobile_push""}"
238,328,3,page_view,support,Page View #1271,Sample interaction 1271 of type page_view via support.,5,"{""device"":""mobile"",""campaign"":""mobile_push""}"
85,663,5,store_visit,email,Store Visit #1272,Sample interaction 1272 of type store_visit via email.,5,"{""device"":""desktop"",""campaign"":""spring_sale""}"
171,151,8,email_open,web,Email Open #1273,Sample interaction 1273 of type email_open via web.,4,"{""device"":""desktop"",""campaign"":""spring_sale""}"
231,42,3,add_to_cart,email,Add To Cart #1274,Sample interaction 1274 of type add_to_cart via email.,1,"{""device"":""desktop"",""campaign"":""spring_sale""}"
103,633,4,store_visit,email,Store Visit #1275,Sample interaction 1275 of type store_visit via email.,1,"{""device"":""desktop"",""campaign"":""spring_sale""}"
84,57,4,review,email,Review #1276,Sample interaction 1276 of type review via email.,2,"{""device"":""desktop"",""campaign"":""spring_sale""}"
6,86,9,store_visit,web,Store Visit #1277,Sample interaction 1277 of type store_visit via web.,5,"{""device"":""desktop"",""campaign"":""spring_sale""}"
101,200,8,email_open,support,Email Open #1278,Sample interaction 1278 of type email_open via support.,5,"{""device"":""mobile"",""campaign"":""mobile_push""}"
131,58,6,email_click,mobile_app,Email Click #1279,Sample interaction 1279 of type email_click via mobile_app.,4,"{""device"":""mobile"",""campaign"":""mobile_push""}"
95,396,6,page_view,email,Page View #1280,Sample interaction 1280 of type page_view via email.,3,"{""device"":""desktop"",""campaign"":""spring_sale""}"
90,316,8,add_to_cart,mobile_app,Add To Cart #1281,Sample interaction 1281 of type add_to_cart via mobile_app.,4,"{""device"":""mobile"",""campaign"":""mobile_push""}"
190,426,8,support_ticket,mobile_app,Support Ticket #1282,Sample interaction 1282 of type support_ticket via mobile_app.,4,"{""device"":""mobile"",""campaign"":""mobile_push""}"
187,425,3,add_to_cart,mobile_app,Add To Cart #1283,Sample interaction 1283 of type add_to_cart via mobile_app.,2,"{""device"":""mobile"",""campaign"":""mobile_push""}"
78,487,9,email_open,web,Email Open #1284,Sample interaction 1284 of type email_open via web.,5,"{""device"":""desktop"",""campaign"":""spring_sale""}"
194,385,2,page_view,store,Page View #1285,Sample interaction 1285 of type page_view via store.,3,"{""device"":""mobile"",""campaign"":""mobile_push""}"
107,180,9,store_visit,support,Store Visit #1286,Sample interaction 1286 of type store_visit via support.,2,"{""device"":""mobile"",""campaign"":""mobile_push""}"
52,191,7,support_ticket,support,Support Ticket #1287,Sample interaction 1287 of type support_ticket via support.,4,"{""device"":""mobile"",""campaign"":""mobile_push""}"
11,310,5,store_visit,support,Store Visit #1288,Sample interaction 1288 of type store_visit via support.,4,"{""device"":""mobile"",""campaign"":""mobile_push""}"
58,28,1,purchase,email,Purchase #1289,Sample interaction 1289 of type purchase via email.,3,"{""device"":""desktop"",""campaign"":""spring_sale""}"
245,656,8,add_to_cart,email,Add To Cart #1290,Sample interaction 1290 of type add_to_cart via email.,4,"{""device"":""desktop"",""campaign"":""spring_sale""}"
46,504,4,page_view,web,Page View #1291,Sample interaction 1291 of type page_view via web.,3,"{""device"":""desktop"",""campaign"":""spring_sale""}"
127,69,6,store_visit,support,Store Visit #1292,Sample interaction 1292 of type store_visit via support.,4,"{""device"":""mobile"",""campaign"":""mobile_push""}"
223,265,8,add_to_cart,email,Add To Cart #1293,Sample interaction 1293 of type add_to_cart via email.,5,"{""device"":""desktop"",""campaign"":""spring_sale""}"
188,590,1,support_ticket,mobile_app,Support Ticket #1294,Sample interaction 1294 of type support_ticket via mobile_app.,5,"{""device"":""mobile"",""campaign"":""mobile_push""}"
15,150,6,store_visit,mobile_app,Store Visit #1295,Sample interaction 1295 of type store_visit via mobile_app.,3,"{""device"":""mobile"",""campaign"":""mobile_push""}"
42,55,5,email_open,store,Email Open #1296,Sample interaction 1296 of type email_open via store.,3,"{""device"":""mobile"",""campaign"":""mobile_push""}"
13,297,5,add_to_cart,support,Add To Cart #1297,Sample interaction 1297 of type add_to_cart via support.,2,"{""device"":""mobile"",""campaign"":""mobile_push""}"
197,644,3,add_to_cart,support,Add To Cart #1298,Sample interaction 1298 of type add_to_cart via support.,2,"{""device"":""mobile"",""campaign"":""mobile_push""}"
140,331,6,support_ticket,email,Support Ticket #1299,Sample interaction 1299 of type support_ticket via email.,3,"{""device"":""desktop"",""campaign"":""spring_sale""}"
25,548,6,purchase,web,Purchase #1300,Sample interaction 1300 of type purchase via web.,2,"{""device"":""desktop"",""campaign"":""spring_sale""}"
133,289,6,store_visit,store,Store Visit #1301,Sample interaction 1301 of type store_visit via store.,3,"{""device"":""mobile"",""campaign"":""mobile_push""}"
236,167,2,review,mobile_app,Review #1302,Sample interaction 1302 of type review via mobile_app.,5,"{""device"":""mobile"",""campaign"":""mobile_push""}"
57,193,9,add_to_cart,store,Add To Cart #1303,Sample interaction 1303 of type add_to_cart via store.,4,"{""device"":""mobile"",""campaign"":""mobile_push""}"
235,79,2,purchase,web,Purchase #1304,Sample interaction 1304 of type purchase via web.,4,"{""device"":""desktop"",""campaign"":""spring_sale""}"
90,320,6,purchase,store,Purchase #1305,Sample interaction 1305 of type purchase via store.,5,"{""device"":""mobile"",""campaign"":""mobile_push""}"
134,782,6,purchase,email,Purchase #1306,Sample interaction 1306 of type purchase via email.,1,"{""device"":""desktop"",""campaign"":""spring_sale""}"
191,122,4,purchase,mobile_app,Purchase #1307,Sample interaction 1307 of type purchase via mobile_app.,2,"{""device"":""mobile"",""campaign"":""mobile_push""}"
79,129,4,purchase,web,Purchase #1308,Sample interaction 1308 of type purchase via web.,4,"{""device"":""desktop"",""campaign"":""spring_sale""}"
177,782,2,add_to_cart,web,Add To Cart #1309,Sample interaction 1309 of type add_to_cart via web.,4,"{""device"":""desktop"",""campaign"":""spring_sale""}"
194,442,1,review,web,Review #1310,Sample interaction 1310 of type review via web.,1,"{""device"":""desktop"",""campaign"":""spring_sale""}"
204,676,9,page_view,store,Page View #1311,Sample interaction 1311 of type page_view via store.,1,"{""device"":""mobile"",""campaign"":""mobile_push""}"
233,260,1,add_to_cart,email,Add To Cart #1312,Sample interaction 1312 of type add_to_cart via email.,1,"{""device"":""desktop"",""campaign"":""spring_sale""}"
194,99,2,review,support,Review #1313,Sample interaction 1313 of type review via support.,2,"{""device"":""mobile"",""campaign"":""mobile_push""}"
48,687,6,page_view,web,Page View #1314,Sample interaction 1314 of type page_view via web.,2,"{""device"":""desktop"",""campaign"":""spring_sale""}"
217,765,5,email_open,email,Email Open #1315,Sample interaction 1315 of type email_open via email.,2,"{""device"":""desktop"",""campaign"":""spring_sale""}"
219,513,4,add_to_cart,web,Add To Cart #1316,Sample interaction 1316 of type add_to_cart via web.,5,"{""device"":""desktop"",""campaign"":""spring_sale""}"
196,15,9,review,mobile_app,Review #1317,Sample interaction 1317 of type review via mobile_app.,3,"{""device"":""mobile"",""campaign"":""mobile_push""}"
44,773,9,page_view,web,Page View #1318,Sample interaction 1318 of type page_view via web.,2,"{""device"":""desktop"",""campaign"":""spring_sale""}"
236,517,8,email_open,support,Email Open #1319,Sample interaction 1319 of type email_open via support.,2,"{""device"":""mobile"",""campaign"":""mobile_push""}"
113,690,2,purchase,email,Purchase #1320,Sample interaction 1320 of type purchase via email.,4,"{""device"":""desktop"",""campaign"":""spring_sale""}"
109,220,9,review,store,Review #1321,Sample interaction 1321 of type review via store.,1,"{""device"":""mobile"",""campaign"":""mobile_push""}"
195,322,2,store_visit,web,Store Visit #1322,Sample interaction 1322 of type store_visit via web.,5,"{""device"":""desktop"",""campaign"":""spring_sale""}"
35,508,6,support_ticket,support,Support Ticket #1323,Sample interaction 1323 of type support_ticket via support.,1,"{""device"":""mobile"",""campaign"":""mobile_push""}"
22,336,8,add_to_cart,store,Add To Cart #1324,Sample interaction 1324 of type add_to_cart via store.,3,"{""device"":""mobile"",""campaign"":""mobile_push""}"
117,615,5,store_visit,mobile_app,Store Visit #1325,Sample interaction 1325 of type store_visit via mobile_app.,5,"{""device"":""mobile"",""campaign"":""mobile_push""}"
105,298,7,review,web,Review #1326,Sample interaction 1326 of type review via web.,4,"{""device"":""desktop"",""campaign"":""spring_sale""}"
241,696,6,purchase,web,Purchase #1327,Sample interaction 1327 of type purchase via web.,4,"{""device"":""desktop"",""campaign"":""spring_sale""}"
173,108,7,store_visit,support,Store Visit #1328,Sample interaction 1328 of type store_visit via support.,1,"{""device"":""mobile"",""campaign"":""mobile_push""}"
31,147,7,email_click,support,Email Click #1329,Sample interaction 1329 of type email_click via support.,1,"{""device"":""mobile"",""campaign"":""mobile_push""}"
190,173,2,email_open,mobile_app,Email Open #1330,Sample interaction 1330 of type email_open via mobile_app.,3,"{""device"":""mobile"",""campaign"":""mobile_push""}"
52,610,7,add_to_cart,mobile_app,Add To Cart #1331,Sample interaction 1331 of type add_to_cart via mobile_app.,4,"{""device"":""mobile"",""campaign"":""mobile_push""}"
186,512,5,support_ticket,store,Support Ticket #1332,Sample interaction 1332 of type support_ticket via store.,3,"{""device"":""mobile"",""campaign"":""mobile_push""}"
122,683,7,store_visit,support,Store Visit #1333,Sample interaction 1333 of type store_visit via support.,3,"{""device"":""mobile"",""campaign"":""mobile_push""}"
38,787,8,add_to_cart,web,Add To Cart #1334,Sample interaction 1334 of type add_to_cart via web.,3,"{""device"":""desktop"",""campaign"":""spring_sale""}"
126,510,4,purchase,web,Purchase #1335,Sample interaction 1335 of type purchase via web.,1,"{""device"":""desktop"",""campaign"":""spring_sale""}"
189,55,2,store_visit,web,Store Visit #1336,Sample interaction 1336 of type store_visit via web.,2,"{""device"":""desktop"",""campaign"":""spring_sale""}"
98,620,6,purchase,email,Purchase #1337,Sample interaction 1337 of type purchase via email.,5,"{""device"":""desktop"",""campaign"":""spring_sale""}"
160,99,2,store_visit,store,Store Visit #1338,Sample interaction 1338 of type store_visit via store.,2,"{""device"":""mobile"",""campaign"":""mobile_push""}"
76,678,8,store_visit,support,Store Visit #1339,Sample interaction 1339 of type store_visit via support.,3,"{""device"":""mobile"",""campaign"":""mobile_push""}"
139,352,9,page_view,web,Page View #1340,Sample interaction 1340 of type page_view via web.,4,"{""device"":""desktop"",""campaign"":""spring_sale""}"
226,122,7,store_visit,email,Store Visit #1341,Sample interaction 1341 of type store_visit via email.,4,"{""device"":""desktop"",""campaign"":""spring_sale""}"
114,471,1,page_view,mobile_app,Page View #1342,Sample interaction 1342 of type page_view via mobile_app.,5,"{""device"":""mobile"",""campaign"":""mobile_push""}"
169,799,5,purchase,store,Purchase #1343,Sample interaction 1343 of type purchase via store.,4,"{""device"":""mobile"",""campaign"":""mobile_push""}"
35,320,7,store_visit,web,Store Visit #1344,Sample interaction 1344 of type store_visit via web.,5,"{""device"":""desktop"",""campaign"":""spring_sale""}"
173,503,9,store_visit,store,Store Visit #1345,Sample interaction 1345 of type store_visit via store.,5,"{""device"":""mobile"",""campaign"":""mobile_push""}"
219,161,9,page_view,store,Page View #1346,Sample interaction 1346 of type page_view via store.,3,"{""device"":""mobile"",""campaign"":""mobile_push""}"
127,606,7,email_open,email,Email Open #1347,Sample interaction 1347 of type email_open via email.,3,"{""device"":""desktop"",""campaign"":""spring_sale""}"
16,29,1,purchase,email,Purchase #1348,Sample interaction 1348 of type purchase via email.,3,"{""device"":""desktop"",""campaign"":""spring_sale""}"
208,760,1,email_open,store,Email Open #1349,Sample interaction 1349 of type email_open via store.,1,"{""device"":""mobile"",""campaign"":""mobile_push""}"
110,354,6,email_click,email,Email Click #1350,Sample interaction 1350 of type email_click via email.,1,"{""device"":""desktop"",""campaign"":""spring_sale""}"
170,251,4,review,email,Review #1351,Sample interaction 1351 of type review via email.,5,"{""device"":""desktop"",""campaign"":""spring_sale""}"
22,705,2,support_ticket,web,Support Ticket #1352,Sample interaction 1352 of type support_ticket via web.,3,"{""device"":""desktop"",""campaign"":""spring_sale""}"
44,21,9,email_open,web,Email Open #1353,Sample interaction 1353 of type email_open via web.,4,"{""device"":""desktop"",""campaign"":""spring_sale""}"
169,433,9,email_click,email,Email Click #1354,Sample interaction 1354 of type email_click via email.,1,"{""device"":""desktop"",""campaign"":""spring_sale""}"
179,481,1,email_open,store,Email Open #1355,Sample interaction 1355 of type email_open via store.,5,"{""device"":""mobile"",""campaign"":""mobile_push""}"
100,331,2,store_visit,web,Store Visit #1356,Sample interaction 1356 of type store_visit via web.,2,"{""device"":""desktop"",""campaign"":""spring_sale""}"
87,509,9,email_open,mobile_app,Email Open #1357,Sample interaction 1357 of type email_open via mobile_app.,5,"{""device"":""mobile"",""campaign"":""mobile_push""}"
77,373,7,review,store,Review #1358,Sample interaction 1358 of type review via store.,1,"{""device"":""mobile"",""campaign"":""mobile_push""}"
216,549,4,support_ticket,email,Support Ticket #1359,Sample interaction 1359 of type support_ticket via email.,1,"{""device"":""desktop"",""campaign"":""spring_sale""}"
77,588,7,review,support,Review #1360,Sample interaction 1360 of type review via support.,1,"{""device"":""mobile"",""campaign"":""mobile_push""}"
184,593,2,email_open,email,Email Open #1361,Sample interaction 1361 of type email_open via email.,1,"{""device"":""desktop"",""campaign"":""spring_sale""}"
146,544,8,email_click,mobile_app,Email Click #1362,Sample interaction 1362 of type email_click via mobile_app.,3,"{""device"":""mobile"",""campaign"":""mobile_push""}"
204,79,5,support_ticket,store,Support Ticket #1363,Sample interaction 1363 of type support_ticket via store.,5,"{""device"":""mobile"",""campaign"":""mobile_push""}"
81,205,7,email_click,email,Email Click #1364,Sample interaction 1364 of type email_click via email.,5,"{""device"":""desktop"",""campaign"":""spring_sale""}"
132,465,9,purchase,web,Purchase #1365,Sample interaction 1365 of type purchase via web.,5,"{""device"":""desktop"",""campaign"":""spring_sale""}"
221,192,8,review,store,Review #1366,Sample interaction 1366 of type review via store.,3,"{""device"":""mobile"",""campaign"":""mobile_push""}"
240,654,9,email_click,support,Email Click #1367,Sample interaction 1367 of type email_click via support.,1,"{""device"":""mobile"",""campaign"":""mobile_push""}"
134,206,6,store_visit,mobile_app,Store Visit #1368,Sample interaction 1368 of type store_visit via mobile_app.,2,"{""device"":""mobile"",""campaign"":""mobile_push""}"
39,765,5,email_click,store,Email Click #1369,Sample interaction 1369 of type email_click via store.,3,"{""device"":""mobile"",""campaign"":""mobile_push""}"
221,66,4,email_click,email,Email Click #1370,Sample interaction 1370 of type email_click via email.,3,"{""device"":""desktop"",""campaign"":""spring_sale""}"
166,165,5,review,store,Review #1371,Sample interaction 1371 of type review via store.,2,"{""device"":""mobile"",""campaign"":""mobile_push""}"
30,154,4,page_view,mobile_app,Page View #1372,Sample interaction 1372 of type page_view via mobile_app.,3,"{""device"":""mobile"",""campaign"":""mobile_push""}"
119,498,9,email_click,store,Email Click #1373,Sample interaction 1373 of type email_click via store.,1,"{""device"":""mobile"",""campaign"":""mobile_push""}"
52,164,5,purchase,web,Purchase #1374,Sample interaction 1374 of type purchase via web.,3,"{""device"":""desktop"",""campaign"":""spring_sale""}"
203,285,9,purchase,web,Purchase #1375,Sample interaction 1375 of type purchase via web.,4,"{""device"":""desktop"",""campaign"":""spring_sale""}"
201,21,1,add_to_cart,email,Add To Cart #1376,Sample interaction 1376 of type add_to_cart via email.,5,"{""device"":""desktop"",""campaign"":""spring_sale""}"
77,66,7,email_open,web,Email Open #1377,Sample interaction 1377 of type email_open via web.,4,"{""device"":""desktop"",""campaign"":""spring_sale""}"
242,742,3,review,web,Review #1378,Sample interaction 1378 of type review via web.,5,"{""device"":""desktop"",""campaign"":""spring_sale""}"
189,513,2,support_ticket,store,Support Ticket #1379,Sample interaction 1379 of type support_ticket via store.,1,"{""device"":""mobile"",""campaign"":""mobile_push""}"
61,615,2,email_open,email,Email Open #1380,Sample interaction 1380 of type email_open via email.,5,"{""device"":""desktop"",""campaign"":""spring_sale""}"
189,400,4,email_click,mobile_app,Email Click #1381,Sample interaction 1381 of type email_click via mobile_app.,2,"{""device"":""mobile"",""campaign"":""mobile_push""}"
28,180,4,support_ticket,store,Support Ticket #1382,Sample interaction 1382 of type support_ticket via store.,4,"{""device"":""mobile"",""campaign"":""mobile_push""}"
66,604,1,store_visit,support,Store Visit #1383,Sample interaction 1383 of type store_visit via support.,3,"{""device"":""mobile"",""campaign"":""mobile_push""}"
180,116,6,email_click,store,Email Click #1384,Sample interaction 1384 of type email_click via store.,2,"{""device"":""mobile"",""campaign"":""mobile_push""}"
247,285,3,email_open,store,Email Open #1385,Sample interaction 1385 of type email_open via store.,3,"{""device"":""mobile"",""campaign"":""mobile_push""}"
211,316,1,page_view,web,Page View #1386,Sample interaction 1386 of type page_view via web.,2,"{""device"":""desktop"",""campaign"":""spring_sale""}"
65,566,7,support_ticket,email,Support Ticket #1387,Sample interaction 1387 of type support_ticket via email.,1,"{""device"":""desktop"",""campaign"":""spring_sale""}"
137,243,8,email_click,web,Email Click #1388,Sample interaction 1388 of type email_click via web.,4,"{""device"":""desktop"",""campaign"":""spring_sale""}"
238,262,5,add_to_cart,mobile_app,Add To Cart #1389,Sample interaction 1389 of type add_to_cart via mobile_app.,3,"{""device"":""mobile"",""campaign"":""mobile_push""}"
54,165,8,email_open,store,Email Open #1390,Sample interaction 1390 of type email_open via store.,1,"{""device"":""mobile"",""campaign"":""mobile_push""}"
71,83,8,store_visit,store,Store Visit #1391,Sample interaction 1391 of type store_visit via store.,3,"{""device"":""mobile"",""campaign"":""mobile_push""}"
184,433,2,purchase,email,Purchase #1392,Sample interaction 1392 of type purchase via email.,5,"{""device"":""desktop"",""campaign"":""spring_sale""}"
17,361,7,email_open,store,Email Open #1393,Sample interaction 1393 of type email_open via store.,1,"{""device"":""mobile"",""campaign"":""mobile_push""}"
196,54,3,store_visit,mobile_app,Store Visit #1394,Sample interaction 1394 of type store_visit via mobile_app.,1,"{""device"":""mobile"",""campaign"":""mobile_push""}"
103,205,5,email_open,support,Email Open #1395,Sample interaction 1395 of type email_open via support.,1,"{""device"":""mobile"",""campaign"":""mobile_push""}"
29,162,4,purchase,support,Purchase #1396,Sample interaction 1396 of type purchase via support.,4,"{""device"":""mobile"",""campaign"":""mobile_push""}"
203,328,8,store_visit,mobile_app,Store Visit #1397,Sample interaction 1397 of type store_visit via mobile_app.,3,"{""device"":""mobile"",""campaign"":""mobile_push""}"
45,704,6,support_ticket,mobile_app,Support Ticket #1398,Sample interaction 1398 of type support_ticket via mobile_app.,1,"{""device"":""mobile"",""campaign"":""mobile_push""}"
107,377,3,email_click,store,Email Click #1399,Sample interaction 1399 of type email_click via store.,5,"{""device"":""mobile"",""campaign"":""mobile_push""}"
58,22,1,review,web,Review #1400,Sample interaction 1400 of type review via web.,4,"{""device"":""desktop"",""campaign"":""spring_sale""}"
51,269,3,page_view,store,Page View #1401,Sample interaction 1401 of type page_view via store.,5,"{""device"":""mobile"",""campaign"":""mobile_push""}"
110,615,5,purchase,web,Purchase #1402,Sample interaction 1402 of type purchase via web.,3,"{""device"":""desktop"",""campaign"":""spring_sale""}"
44,581,2,page_view,support,Page View #1403,Sample interaction 1403 of type page_view via support.,4,"{""device"":""mobile"",""campaign"":""mobile_push""}"
198,465,8,add_to_cart,mobile_app,Add To Cart #1404,Sample interaction 1404 of type add_to_cart via mobile_app.,2,"{""device"":""mobile"",""campaign"":""mobile_push""}"
49,273,5,store_visit,store,Store Visit #1405,Sample interaction 1405 of type store_visit via store.,2,"{""device"":""mobile"",""campaign"":""mobile_push""}"
111,212,4,support_ticket,mobile_app,Support Ticket #1406,Sample interaction 1406 of type support_ticket via mobile_app.,4,"{""device"":""mobile"",""campaign"":""mobile_push""}"
47,419,3,page_view,email,Page View #1407,Sample interaction 1407 of type page_view via email.,3,"{""device"":""desktop"",""campaign"":""spring_sale""}"
61,633,8,review,email,Review #1408,Sample interaction 1408 of type review via email.,5,"{""device"":""desktop"",""campaign"":""spring_sale""}"
176,663,8,add_to_cart,web,Add To Cart #1409,Sample interaction 1409 of type add_to_cart via web.,4,"{""device"":""desktop"",""campaign"":""spring_sale""}"
35,332,7,review,store,Review #1410,Sample interaction 1410 of type review via store.,4,"{""device"":""mobile"",""campaign"":""mobile_push""}"
189,612,5,add_to_cart,web,Add To Cart #1411,Sample interaction 1411 of type add_to_cart via web.,5,"{""device"":""desktop"",""campaign"":""spring_sale""}"
16,54,6,review,store,Review #1412,Sample interaction 1412 of type review via store.,3,"{""device"":""mobile"",""campaign"":""mobile_push""}"
156,687,1,page_view,email,Page View #1413,Sample interaction 1413 of type page_view via email.,5,"{""device"":""desktop"",""campaign"":""spring_sale""}"
159,391,5,email_click,email,Email Click #1414,Sample interaction 1414 of type email_click via email.,2,"{""device"":""desktop"",""campaign"":""spring_sale""}"
248,573,1,purchase,email,Purchase #1415,Sample interaction 1415 of type purchase via email.,2,"{""device"":""desktop"",""campaign"":""spring_sale""}"
129,505,6,store_visit,mobile_app,Store Visit #1416,Sample interaction 1416 of type store_visit via mobile_app.,1,"{""device"":""mobile"",""campaign"":""mobile_push""}"
82,728,9,email_click,mobile_app,Email Click #1417,Sample interaction 1417 of type email_click via mobile_app.,3,"{""device"":""mobile"",""campaign"":""mobile_push""}"
30,321,1,purchase,store,Purchase #1418,Sample interaction 1418 of type purchase via store.,3,"{""device"":""mobile"",""campaign"":""mobile_push""}"
192,370,7,support_ticket,email,Support Ticket #1419,Sample interaction 1419 of type support_ticket via email.,5,"{""device"":""desktop"",""campaign"":""spring_sale""}"
213,780,5,email_open,store,Email Open #1420,Sample interaction 1420 of type email_open via store.,2,"{""device"":""mobile"",""campaign"":""mobile_push""}"
81,755,8,purchase,support,Purchase #1421,Sample interaction 1421 of type purchase via support.,4,"{""device"":""mobile"",""campaign"":""mobile_push""}"
14,194,3,page_view,mobile_app,Page View #1422,Sample interaction 1422 of type page_view via mobile_app.,2,"{""device"":""mobile"",""campaign"":""mobile_push""}"
10,482,5,purchase,store,Purchase #1423,Sample interaction 1423 of type purchase via store.,4,"{""device"":""mobile"",""campaign"":""mobile_push""}"
30,507,1,store_visit,email,Store Visit #1424,Sample interaction 1424 of type store_visit via email.,5,"{""device"":""desktop"",""campaign"":""spring_sale""}"
125,469,8,add_to_cart,mobile_app,Add To Cart #1425,Sample interaction 1425 of type add_to_cart via mobile_app.,1,"{""device"":""mobile"",""campaign"":""mobile_push""}"
90,96,4,support_ticket,mobile_app,Support Ticket #1426,Sample interaction 1426 of type support_ticket via mobile_app.,2,"{""device"":""mobile"",""campaign"":""mobile_push""}"
192,521,5,review,support,Review #1427,Sample interaction 1427 of type review via support.,1,"{""device"":""mobile"",""campaign"":""mobile_push""}"
135,786,3,email_click,web,Email Click #1428,Sample interaction 1428 of type email_click via web.,2,"{""device"":""desktop"",""campaign"":""spring_sale""}"
197,511,2,email_open,web,Email Open #1429,Sample interaction 1429 of type email_open via web.,3,"{""device"":""desktop"",""campaign"":""spring_sale""}"
175,697,2,email_click,email,Email Click #1430,Sample interaction 1430 of type email_click via email.,5,"{""device"":""desktop"",""campaign"":""spring_sale""}"
238,109,6,purchase,web,Purchase #1431,Sample interaction 1431 of type purchase via web.,1,"{""device"":""desktop"",""campaign"":""spring_sale""}"
118,725,8,store_visit,email,Store Visit #1432,Sample interaction 1432 of type store_visit via email.,5,"{""device"":""desktop"",""campaign"":""spring_sale""}"
169,6,6,page_view,support,Page View #1433,Sample interaction 1433 of type page_view via support.,4,"{""device"":""mobile"",""campaign"":""mobile_push""}"
84,750,3,review,web,Review #1434,Sample interaction 1434 of type review via web.,3,"{""device"":""desktop"",""campaign"":""spring_sale""}"
83,57,2,email_click,web,Email Click #1435,Sample interaction 1435 of type email_click via web.,4,"{""device"":""desktop"",""campaign"":""spring_sale""}"
66,183,4,email_click,web,Email Click #1436,Sample interaction 1436 of type email_click via web.,1,"{""device"":""desktop"",""campaign"":""spring_sale""}"
219,214,3,email_click,store,Email Click #1437,Sample interaction 1437 of type email_click via store.,3,"{""device"":""mobile"",""campaign"":""mobile_push""}"
166,771,3,add_to_cart,email,Add To Cart #1438,Sample interaction 1438 of type add_to_cart via email.,4,"{""device"":""desktop"",""campaign"":""spring_sale""}"
206,443,5,purchase,email,Purchase #1439,Sample interaction 1439 of type purchase via email.,1,"{""device"":""desktop"",""campaign"":""spring_sale""}"
214,377,9,review,store,Review #1440,Sample interaction 1440 of type review via store.,4,"{""device"":""mobile"",""campaign"":""mobile_push""}"
227,398,8,support_ticket,support,Support Ticket #1441,Sample interaction 1441 of type support_ticket via support.,5,"{""device"":""mobile"",""campaign"":""mobile_push""}"
109,93,7,email_open,support,Email Open #1442,Sample interaction 1442 of type email_open via support.,2,"{""device"":""mobile"",""campaign"":""mobile_push""}"
112,646,7,add_to_cart,web,Add To Cart #1443,Sample interaction 1443 of type add_to_cart via web.,5,"{""device"":""desktop"",""campaign"":""spring_sale""}"
88,475,4,purchase,store,Purchase #1444,Sample interaction 1444 of type purchase via store.,5,"{""device"":""mobile"",""campaign"":""mobile_push""}"
162,663,9,add_to_cart,email,Add To Cart #1445,Sample interaction 1445 of type add_to_cart via email.,4,"{""device"":""desktop"",""campaign"":""spring_sale""}"
112,82,8,support_ticket,mobile_app,Support Ticket #1446,Sample interaction 1446 of type support_ticket via mobile_app.,2,"{""device"":""mobile"",""campaign"":""mobile_push""}"
176,308,4,email_click,email,Email Click #1447,Sample interaction 1447 of type email_click via email.,5,"{""device"":""desktop"",""campaign"":""spring_sale""}"
13,565,2,page_view,support,Page View #1448,Sample interaction 1448 of type page_view via support.,1,"{""device"":""mobile"",""campaign"":""mobile_push""}"
131,436,7,add_to_cart,store,Add To Cart #1449,Sample interaction 1449 of type add_to_cart via store.,5,"{""device"":""mobile"",""campaign"":""mobile_push""}"
209,260,6,support_ticket,support,Support Ticket #1450,Sample interaction 1450 of type support_ticket via support.,1,"{""device"":""mobile"",""campaign"":""mobile_push""}"
197,516,1,add_to_cart,store,Add To Cart #1451,Sample interaction 1451 of type add_to_cart via store.,2,"{""device"":""mobile"",""campaign"":""mobile_push""}"
202,187,7,page_view,web,Page View #1452,Sample interaction 1452 of type page_view via web.,4,"{""device"":""desktop"",""campaign"":""spring_sale""}"
225,722,5,email_open,support,Email Open #1453,Sample interaction 1453 of type email_open via support.,4,"{""device"":""mobile"",""campaign"":""mobile_push""}"
194,687,8,support_ticket,email,Support Ticket #1454,Sample interaction 1454 of type support_ticket via email.,2,"{""device"":""desktop"",""campaign"":""spring_sale""}"
55,190,2,support_ticket,web,Support Ticket #1455,Sample interaction 1455 of type support_ticket via web.,4,"{""device"":""desktop"",""campaign"":""spring_sale""}"
137,19,1,email_click,web,Email Click #1456,Sample interaction 1456 of type email_click via web.,1,"{""device"":""desktop"",""campaign"":""spring_sale""}"
44,672,8,store_visit,store,Store Visit #1457,Sample interaction 1457 of type store_visit via store.,5,"{""device"":""mobile"",""campaign"":""mobile_push""}"
186,499,5,email_open,store,Email Open #1458,Sample interaction 1458 of type email_open via store.,3,"{""device"":""mobile"",""campaign"":""mobile_push""}"
23,129,3,page_view,mobile_app,Page View #1459,Sample interaction 1459 of type page_view via mobile_app.,1,"{""device"":""mobile"",""campaign"":""mobile_push""}"
209,17,4,page_view,mobile_app,Page View #1460,Sample interaction 1460 of type page_view via mobile_app.,4,"{""device"":""mobile"",""campaign"":""mobile_push""}"
167,149,4,email_click,support,Email Click #1461,Sample interaction 1461 of type email_click via support.,2,"{""device"":""mobile"",""campaign"":""mobile_push""}"
23,309,8,purchase,store,Purchase #1462,Sample interaction 1462 of type purchase via store.,4,"{""device"":""mobile"",""campaign"":""mobile_push""}"
6,120,3,purchase,store,Purchase #1463,Sample interaction 1463 of type purchase via store.,4,"{""device"":""mobile"",""campaign"":""mobile_push""}"
121,21,8,review,mobile_app,Review #1464,Sample interaction 1464 of type review via mobile_app.,3,"{""device"":""mobile"",""campaign"":""mobile_push""}"
146,402,1,email_open,web,Email Open #1465,Sample interaction 1465 of type email_open via web.,1,"{""device"":""desktop"",""campaign"":""spring_sale""}"
162,731,7,email_click,store,Email Click #1466,Sample interaction 1466 of type email_click via store.,5,"{""device"":""mobile"",""campaign"":""mobile_push""}"
153,749,9,support_ticket,web,Support Ticket #1467,Sample interaction 1467 of type support_ticket via web.,4,"{""device"":""desktop"",""campaign"":""spring_sale""}"
103,498,9,store_visit,mobile_app,Store Visit #1468,Sample interaction 1468 of type store_visit via mobile_app.,1,"{""device"":""mobile"",""campaign"":""mobile_push""}"
136,20,7,email_open,support,Email Open #1469,Sample interaction 1469 of type email_open via support.,1,"{""device"":""mobile"",""campaign"":""mobile_push""}"
69,664,7,store_visit,web,Store Visit #1470,Sample interaction 1470 of type store_visit via web.,4,"{""device"":""desktop"",""campaign"":""spring_sale""}"
160,662,6,store_visit,store,Store Visit #1471,Sample interaction 1471 of type store_visit via store.,1,"{""device"":""mobile"",""campaign"":""mobile_push""}"
42,295,4,store_visit,email,Store Visit #1472,Sample interaction 1472 of type store_visit via email.,4,"{""device"":""desktop"",""campaign"":""spring_sale""}"
60,520,4,email_open,support,Email Open #1473,Sample interaction 1473 of type email_open via support.,4,"{""device"":""mobile"",""campaign"":""mobile_push""}"
34,301,7,email_click,email,Email Click #1474,Sample interaction 1474 of type email_click via email.,4,"{""device"":""desktop"",""campaign"":""spring_sale""}"
205,166,4,support_ticket,web,Support Ticket #1475,Sample interaction 1475 of type support_ticket via web.,4,"{""device"":""desktop"",""campaign"":""spring_sale""}"
34,178,4,purchase,support,Purchase #1476,Sample interaction 1476 of type purchase via support.,4,"{""device"":""mobile"",""campaign"":""mobile_push""}"
26,426,8,support_ticket,mobile_app,Support Ticket #1477,Sample interaction 1477 of type support_ticket via mobile_app.,2,"{""device"":""mobile"",""campaign"":""mobile_push""}"
143,49,1,email_open,email,Email Open #1478,Sample interaction 1478 of type email_open via email.,3,"{""device"":""desktop"",""campaign"":""spring_sale""}"
174,163,3,page_view,web,Page View #1479,Sample interaction 1479 of type page_view via web.,3,"{""device"":""desktop"",""campaign"":""spring_sale""}"
111,117,4,add_to_cart,support,Add To Cart #1480,Sample interaction 1480 of type add_to_cart via support.,2,"{""device"":""mobile"",""campaign"":""mobile_push""}"
125,265,6,email_open,web,Email Open #1481,Sample interaction 1481 of type email_open via web.,5,"{""device"":""desktop"",""campaign"":""spring_sale""}"
69,155,9,add_to_cart,web,Add To Cart #1482,Sample interaction 1482 of type add_to_cart via web.,4,"{""device"":""desktop"",""campaign"":""spring_sale""}"
205,469,2,add_to_cart,support,Add To Cart #1483,Sample interaction 1483 of type add_to_cart via support.,5,"{""device"":""mobile"",""campaign"":""mobile_push""}"
201,105,9,page_view,support,Page View #1484,Sample interaction 1484 of type page_view via support.,1,"{""device"":""mobile"",""campaign"":""mobile_push""}"
43,646,2,review,email,Review #1485,Sample interaction 1485 of type review via email.,2,"{""device"":""desktop"",""campaign"":""spring_sale""}"
187,300,8,store_visit,web,Store Visit #1486,Sample interaction 1486 of type store_visit via web.,2,"{""device"":""desktop"",""campaign"":""spring_sale""}"
166,373,6,purchase,web,Purchase #1487,Sample interaction 1487 of type purchase via web.,2,"{""device"":""desktop"",""campaign"":""spring_sale""}"
113,426,1,review,store,Review #1488,Sample interaction 1488 of type review via store.,3,"{""device"":""mobile"",""campaign"":""mobile_push""}"
74,518,3,add_to_cart,email,Add To Cart #1489,Sample interaction 1489 of type add_to_cart via email.,3,"{""device"":""desktop"",""campaign"":""spring_sale""}"
184,773,7,email_open,mobile_app,Email Open #1490,Sample interaction 1490 of type email_open via mobile_app.,2,"{""device"":""mobile"",""campaign"":""mobile_push""}"
193,772,9,email_click,mobile_app,Email Click #1491,Sample interaction 1491 of type email_click via mobile_app.,2,"{""device"":""mobile"",""campaign"":""mobile_push""}"
206,440,7,email_click,store,Email Click #1492,Sample interaction 1492 of type email_click via store.,5,"{""device"":""mobile"",""campaign"":""mobile_push""}"
204,699,6,page_view,store,Page View #1493,Sample interaction 1493 of type page_view via store.,2,"{""device"":""mobile"",""campaign"":""mobile_push""}"
198,11,9,add_to_cart,web,Add To Cart #1494,Sample interaction 1494 of type add_to_cart via web.,3,"{""device"":""desktop"",""campaign"":""spring_sale""}"
81,412,3,email_click,web,Email Click #1495,Sample interaction 1495 of type email_click via web.,4,"{""device"":""desktop"",""campaign"":""spring_sale""}"
195,38,3,page_view,support,Page View #1496,Sample interaction 1496 of type page_view via support.,3,"{""device"":""mobile"",""campaign"":""mobile_push""}"
108,412,9,support_ticket,email,Support Ticket #1497,Sample interaction 1497 of type support_ticket via email.,3,"{""device"":""desktop"",""campaign"":""spring_sale""}"
3,287,9,purchase,store,Purchase #1498,Sample interaction 1498 of type purchase via store.,4,"{""device"":""mobile"",""campaign"":""mobile_push""}"
165,211,9,store_visit,email,Store Visit #1499,Sample interaction 1499 of type store_visit via email.,4,"{""device"":""desktop"",""campaign"":""spring_sale""}"
199,203,5,add_to_cart,web,Add To Cart #1500,Sample interaction 1500 of type add_to_cart via web.,5,"{""device"":""desktop"",""campaign"":""spring_sale""}"
86,400,3,support_ticket,mobile_app,Support Ticket #1501,Sample interaction 1501 of type support_ticket via mobile_app.,1,"{""device"":""mobile"",""campaign"":""mobile_push""}"
131,566,5,email_open,mobile_app,Email Open #1502,Sample interaction 1502 of type email_open via mobile_app.,1,"{""device"":""mobile"",""campaign"":""mobile_push""}"
8,553,5,review,email,Review #1503,Sample interaction 1503 of type review via email.,4,"{""device"":""desktop"",""campaign"":""spring_sale""}"
130,114,1,email_open,email,Email Open #1504,Sample interaction 1504 of type email_open via email.,5,"{""device"":""desktop"",""campaign"":""spring_sale""}"
91,127,1,add_to_cart,store,Add To Cart #1505,Sample interaction 1505 of type add_to_cart via store.,3,"{""device"":""mobile"",""campaign"":""mobile_push""}"
147,755,1,store_visit,email,Store Visit #1506,Sample interaction 1506 of type store_visit via email.,2,"{""device"":""desktop"",""campaign"":""spring_sale""}"
207,764,9,review,email,Review #1507,Sample interaction 1507 of type review via email.,3,"{""device"":""desktop"",""campaign"":""spring_sale""}"
73,683,3,email_click,support,Email Click #1508,Sample interaction 1508 of type email_click via support.,2,"{""device"":""mobile"",""campaign"":""mobile_push""}"
27,336,9,review,email,Review #1509,Sample interaction 1509 of type review via email.,4,"{""device"":""desktop"",""campaign"":""spring_sale""}"
26,151,7,email_click,web,Email Click #1510,Sample interaction 1510 of type email_click via web.,1,"{""device"":""desktop"",""campaign"":""spring_sale""}"
16,436,3,store_visit,mobile_app,Store Visit #1511,Sample interaction 1511 of type store_visit via mobile_app.,4,"{""device"":""mobile"",""campaign"":""mobile_push""}"
20,379,9,email_click,support,Email Click #1512,Sample interaction 1512 of type email_click via support.,5,"{""device"":""mobile"",""campaign"":""mobile_push""}"
133,798,7,support_ticket,support,Support Ticket #1513,Sample interaction 1513 of type support_ticket via support.,4,"{""device"":""mobile"",""campaign"":""mobile_push""}"
163,434,8,store_visit,store,Store Visit #1514,Sample interaction 1514 of type store_visit via store.,2,"{""device"":""mobile"",""campaign"":""mobile_push""}"
37,518,3,store_visit,store,Store Visit #1515,Sample interaction 1515 of type store_visit via store.,2,"{""device"":""mobile"",""campaign"":""mobile_push""}"
248,722,9,add_to_cart,mobile_app,Add To Cart #1516,Sample interaction 1516 of type add_to_cart via mobile_app.,4,"{""device"":""mobile"",""campaign"":""mobile_push""}"
122,34,3,email_open,web,Email Open #1517,Sample interaction 1517 of type email_open via web.,5,"{""device"":""desktop"",""campaign"":""spring_sale""}"
219,419,2,add_to_cart,email,Add To Cart #1518,Sample interaction 1518 of type add_to_cart via email.,5,"{""device"":""desktop"",""campaign"":""spring_sale""}"
75,42,9,purchase,web,Purchase #1519,Sample interaction 1519 of type purchase via web.,3,"{""device"":""desktop"",""campaign"":""spring_sale""}"
79,384,5,support_ticket,store,Support Ticket #1520,Sample interaction 1520 of type support_ticket via store.,1,"{""device"":""mobile"",""campaign"":""mobile_push""}"
203,147,3,email_click,web,Email Click #1521,Sample interaction 1521 of type email_click via web.,3,"{""device"":""desktop"",""campaign"":""spring_sale""}"
228,291,4,purchase,store,Purchase #1522,Sample interaction 1522 of type purchase via store.,1,"{""device"":""mobile"",""campaign"":""mobile_push""}"
32,561,6,add_to_cart,web,Add To Cart #1523,Sample interaction 1523 of type add_to_cart via web.,4,"{""device"":""desktop"",""campaign"":""spring_sale""}"
124,587,5,store_visit,email,Store Visit #1524,Sample interaction 1524 of type store_visit via email.,4,"{""device"":""desktop"",""campaign"":""spring_sale""}"
122,738,3,purchase,support,Purchase #1525,Sample interaction 1525 of type purchase via support.,4,"{""device"":""mobile"",""campaign"":""mobile_push""}"
195,461,8,purchase,email,Purchase #1526,Sample interaction 1526 of type purchase via email.,1,"{""device"":""desktop"",""campaign"":""spring_sale""}"
205,640,7,email_click,mobile_app,Email Click #1527,Sample interaction 1527 of type email_click via mobile_app.,4,"{""device"":""mobile"",""campaign"":""mobile_push""}"
87,554,1,store_visit,email,Store Visit #1528,Sample interaction 1528 of type store_visit via email.,1,"{""device"":""desktop"",""campaign"":""spring_sale""}"
222,170,1,support_ticket,support,Support Ticket #1529,Sample interaction 1529 of type support_ticket via support.,1,"{""device"":""mobile"",""campaign"":""mobile_push""}"
165,573,2,review,support,Review #1530,Sample interaction 1530 of type review via support.,5,"{""device"":""mobile"",""campaign"":""mobile_push""}"
148,776,1,review,store,Review #1531,Sample interaction 1531 of type review via store.,5,"{""device"":""mobile"",""campaign"":""mobile_push""}"
230,20,2,purchase,web,Purchase #1532,Sample interaction 1532 of type purchase via web.,3,"{""device"":""desktop"",""campaign"":""spring_sale""}"
202,211,4,store_visit,web,Store Visit #1533,Sample interaction 1533 of type store_visit via web.,5,"{""device"":""desktop"",""campaign"":""spring_sale""}"
156,329,7,page_view,store,Page View #1534,Sample interaction 1534 of type page_view via store.,1,"{""device"":""mobile"",""campaign"":""mobile_push""}"
88,448,3,email_click,web,Email Click #1535,Sample interaction 1535 of type email_click via web.,5,"{""device"":""desktop"",""campaign"":""spring_sale""}"
82,392,5,add_to_cart,web,Add To Cart #1536,Sample interaction 1536 of type add_to_cart via web.,1,"{""device"":""desktop"",""campaign"":""spring_sale""}"
139,173,5,purchase,mobile_app,Purchase #1537,Sample interaction 1537 of type purchase via mobile_app.,3,"{""device"":""mobile"",""campaign"":""mobile_push""}"
197,92,3,support_ticket,store,Support Ticket #1538,Sample interaction 1538 of type support_ticket via store.,2,"{""device"":""mobile"",""campaign"":""mobile_push""}"
16,630,6,purchase,web,Purchase #1539,Sample interaction 1539 of type purchase via web.,1,"{""device"":""desktop"",""campaign"":""spring_sale""}"
77,400,2,email_open,mobile_app,Email Open #1540,Sample interaction 1540 of type email_open via mobile_app.,4,"{""device"":""mobile"",""campaign"":""mobile_push""}"
229,332,5,email_click,web,Email Click #1541,Sample interaction 1541 of type email_click via web.,1,"{""device"":""desktop"",""campaign"":""spring_sale""}"
52,246,4,store_visit,support,Store Visit #1542,Sample interaction 1542 of type store_visit via support.,5,"{""device"":""mobile"",""campaign"":""mobile_push""}"
99,118,5,page_view,email,Page View #1543,Sample interaction 1543 of type page_view via email.,4,"{""device"":""desktop"",""campaign"":""spring_sale""}"
142,417,2,store_visit,web,Store Visit #1544,Sample interaction 1544 of type store_visit via web.,4,"{""device"":""desktop"",""campaign"":""spring_sale""}"
163,240,1,support_ticket,support,Support Ticket #1545,Sample interaction 1545 of type support_ticket via support.,5,"{""device"":""mobile"",""campaign"":""mobile_push""}"
173,104,4,purchase,email,Purchase #1546,Sample interaction 1546 of type purchase via email.,5,"{""device"":""desktop"",""campaign"":""spring_sale""}"
105,457,2,review,mobile_app,Review #1547,Sample interaction 1547 of type review via mobile_app.,3,"{""device"":""mobile"",""campaign"":""mobile_push""}"
139,173,4,email_click,support,Email Click #1548,Sample interaction 1548 of type email_click via support.,4,"{""device"":""mobile"",""campaign"":""mobile_push""}"
11,2,8,support_ticket,mobile_app,Support Ticket #1549,Sample interaction 1549 of type support_ticket via mobile_app.,1,"{""device"":""mobile"",""campaign"":""mobile_push""}"
16,494,5,support_ticket,store,Support Ticket #1550,Sample interaction 1550 of type support_ticket via store.,3,"{""device"":""mobile"",""campaign"":""mobile_push""}"
216,648,4,support_ticket,web,Support Ticket #1551,Sample interaction 1551 of type support_ticket via web.,2,"{""device"":""desktop"",""campaign"":""spring_sale""}"
190,547,2,support_ticket,web,Support Ticket #1552,Sample interaction 1552 of type support_ticket via web.,4,"{""device"":""desktop"",""campaign"":""spring_sale""}"
179,126,3,support_ticket,store,Support Ticket #1553,Sample interaction 1553 of type support_ticket via store.,2,"{""device"":""mobile"",""campaign"":""mobile_push""}"
157,517,6,email_open,email,Email Open #1554,Sample interaction 1554 of type email_open via email.,4,"{""device"":""desktop"",""campaign"":""spring_sale""}"
70,252,6,email_open,mobile_app,Email Open #1555,Sample interaction 1555 of type email_open via mobile_app.,4,"{""device"":""mobile"",""campaign"":""mobile_push""}"
246,614,6,page_view,mobile_app,Page View #1556,Sample interaction 1556 of type page_view via mobile_app.,1,"{""device"":""mobile"",""campaign"":""mobile_push""}"
156,488,1,page_view,mobile_app,Page View #1557,Sample interaction 1557 of type page_view via mobile_app.,4,"{""device"":""mobile"",""campaign"":""mobile_push""}"
143,714,8,email_click,support,Email Click #1558,Sample interaction 1558 of type email_click via support.,1,"{""device"":""mobile"",""campaign"":""mobile_push""}"
202,665,2,page_view,store,Page View #1559,Sample interaction 1559 of type page_view via store.,1,"{""device"":""mobile"",""campaign"":""mobile_push""}"
91,386,6,email_click,mobile_app,Email Click #1560,Sample interaction 1560 of type email_click via mobile_app.,1,"{""device"":""mobile"",""campaign"":""mobile_push""}"
32,474,6,review,store,Review #1561,Sample interaction 1561 of type review via store.,1,"{""device"":""mobile"",""campaign"":""mobile_push""}"
57,761,1,support_ticket,email,Support Ticket #1562,Sample interaction 1562 of type support_ticket via email.,2,"{""device"":""desktop"",""campaign"":""spring_sale""}"
24,629,5,review,mobile_app,Review #1563,Sample interaction 1563 of type review via mobile_app.,4,"{""device"":""mobile"",""campaign"":""mobile_push""}"
248,372,1,support_ticket,store,Support Ticket #1564,Sample interaction 1564 of type support_ticket via store.,5,"{""device"":""mobile"",""campaign"":""mobile_push""}"
54,8,4,email_click,web,Email Click #1565,Sample interaction 1565 of type email_click via web.,3,"{""device"":""desktop"",""campaign"":""spring_sale""}"
146,513,8,purchase,support,Purchase #1566,Sample interaction 1566 of type purchase via support.,2,"{""device"":""mobile"",""campaign"":""mobile_push""}"
169,757,3,add_to_cart,support,Add To Cart #1567,Sample interaction 1567 of type add_to_cart via support.,2,"{""device"":""mobile"",""campaign"":""mobile_push""}"
191,67,3,support_ticket,support,Support Ticket #1568,Sample interaction 1568 of type support_ticket via support.,2,"{""device"":""mobile"",""campaign"":""mobile_push""}"
226,536,5,review,web,Review #1569,Sample interaction 1569 of type review via web.,5,"{""device"":""desktop"",""campaign"":""spring_sale""}"
158,259,9,store_visit,web,Store Visit #1570,Sample interaction 1570 of type store_visit via web.,4,"{""device"":""desktop"",""campaign"":""spring_sale""}"
165,690,1,email_open,store,Email Open #1571,Sample interaction 1571 of type email_open via store.,4,"{""device"":""mobile"",""campaign"":""mobile_push""}"
71,125,9,store_visit,store,Store Visit #1572,Sample interaction 1572 of type store_visit via store.,3,"{""device"":""mobile"",""campaign"":""mobile_push""}"
133,778,1,review,web,Review #1573,Sample interaction 1573 of type review via web.,3,"{""device"":""desktop"",""campaign"":""spring_sale""}"
236,431,9,store_visit,email,Store Visit #1574,Sample interaction 1574 of type store_visit via email.,1,"{""device"":""desktop"",""campaign"":""spring_sale""}"
101,200,6,add_to_cart,support,Add To Cart #1575,Sample interaction 1575 of type add_to_cart via support.,1,"{""device"":""mobile"",""campaign"":""mobile_push""}"
189,232,7,add_to_cart,mobile_app,Add To Cart #1576,Sample interaction 1576 of type add_to_cart via mobile_app.,2,"{""device"":""mobile"",""campaign"":""mobile_push""}"
43,338,5,add_to_cart,web,Add To Cart #1577,Sample interaction 1577 of type add_to_cart via web.,1,"{""device"":""desktop"",""campaign"":""spring_sale""}"
123,443,1,email_open,email,Email Open #1578,Sample interaction 1578 of type email_open via email.,2,"{""device"":""desktop"",""campaign"":""spring_sale""}"
28,485,4,email_open,web,Email Open #1579,Sample interaction 1579 of type email_open via web.,3,"{""device"":""desktop"",""campaign"":""spring_sale""}"
134,243,2,store_visit,web,Store Visit #1580,Sample interaction 1580 of type store_visit via web.,4,"{""device"":""desktop"",""campaign"":""spring_sale""}"
149,128,2,page_view,web,Page View #1581,Sample interaction 1581 of type page_view via web.,4,"{""device"":""desktop"",""campaign"":""spring_sale""}"
81,711,2,purchase,web,Purchase #1582,Sample interaction 1582 of type purchase via web.,4,"{""device"":""desktop"",""campaign"":""spring_sale""}"
15,309,7,add_to_cart,web,Add To Cart #1583,Sample interaction 1583 of type add_to_cart via web.,1,"{""device"":""desktop"",""campaign"":""spring_sale""}"
144,54,5,email_click,store,Email Click #1584,Sample interaction 1584 of type email_click via store.,1,"{""device"":""mobile"",""campaign"":""mobile_push""}"
159,771,7,review,support,Review #1585,Sample interaction 1585 of type review via support.,5,"{""device"":""mobile"",""campaign"":""mobile_push""}"
3,465,7,store_visit,store,Store Visit #1586,Sample interaction 1586 of type store_visit via store.,5,"{""device"":""mobile"",""campaign"":""mobile_push""}"
159,104,6,page_view,store,Page View #1587,Sample interaction 1587 of type page_view via store.,5,"{""device"":""mobile"",""campaign"":""mobile_push""}"
85,602,4,add_to_cart,web,Add To Cart #1588,Sample interaction 1588 of type add_to_cart via web.,1,"{""device"":""desktop"",""campaign"":""spring_sale""}"
153,731,2,review,support,Review #1589,Sample interaction 1589 of type review via support.,2,"{""device"":""mobile"",""campaign"":""mobile_push""}"
164,522,5,email_open,store,Email Open #1590,Sample interaction 1590 of type email_open via store.,4,"{""device"":""mobile"",""campaign"":""mobile_push""}"
186,636,8,purchase,mobile_app,Purchase #1591,Sample interaction 1591 of type purchase via mobile_app.,2,"{""device"":""mobile"",""campaign"":""mobile_push""}"
205,46,1,purchase,email,Purchase #1592,Sample interaction 1592 of type purchase via email.,5,"{""device"":""desktop"",""campaign"":""spring_sale""}"
112,526,6,support_ticket,support,Support Ticket #1593,Sample interaction 1593 of type support_ticket via support.,5,"{""device"":""mobile"",""campaign"":""mobile_push""}"
199,150,3,store_visit,email,Store Visit #1594,Sample interaction 1594 of type store_visit via email.,5,"{""device"":""desktop"",""campaign"":""spring_sale""}"
88,299,6,page_view,support,Page View #1595,Sample interaction 1595 of type page_view via support.,5,"{""device"":""mobile"",""campaign"":""mobile_push""}"
169,695,3,page_view,mobile_app,Page View #1596,Sample interaction 1596 of type page_view via mobile_app.,5,"{""device"":""mobile"",""campaign"":""mobile_push""}"
210,573,1,email_click,email,Email Click #1597,Sample interaction 1597 of type email_click via email.,2,"{""device"":""desktop"",""campaign"":""spring_sale""}"
250,206,4,add_to_cart,email,Add To Cart #1598,Sample interaction 1598 of type add_to_cart via email.,2,"{""device"":""desktop"",""campaign"":""spring_sale""}"
171,488,8,email_open,support,Email Open #1599,Sample interaction 1599 of type email_open via support.,5,"{""device"":""mobile"",""campaign"":""mobile_push""}"
247,344,5,email_click,email,Email Click #1600,Sample interaction 1600 of type email_click via email.,2,"{""device"":""desktop"",""campaign"":""spring_sale""}"
27,466,1,store_visit,mobile_app,Store Visit #1601,Sample interaction 1601 of type store_visit via mobile_app.,1,"{""device"":""mobile"",""campaign"":""mobile_push""}"
164,229,4,store_visit,support,Store Visit #1602,Sample interaction 1602 of type store_visit via support.,2,"{""device"":""mobile"",""campaign"":""mobile_push""}"
62,493,6,email_click,mobile_app,Email Click #1603,Sample interaction 1603 of type email_click via mobile_app.,4,"{""device"":""mobile"",""campaign"":""mobile_push""}"
48,7,6,page_view,web,Page View #1604,Sample interaction 1604 of type page_view via web.,3,"{""device"":""desktop"",""campaign"":""spring_sale""}"
8,569,2,purchase,email,Purchase #1605,Sample interaction 1605 of type purchase via email.,4,"{""device"":""desktop"",""campaign"":""spring_sale""}"
50,647,6,page_view,web,Page View #1606,Sample interaction 1606 of type page_view via web.,2,"{""device"":""desktop"",""campaign"":""spring_sale""}"
51,291,3,review,email,Review #1607,Sample interaction 1607 of type review via email.,2,"{""device"":""desktop"",""campaign"":""spring_sale""}"
87,568,4,purchase,mobile_app,Purchase #1608,Sample interaction 1608 of type purchase via mobile_app.,1,"{""device"":""mobile"",""campaign"":""mobile_push""}"
46,269,2,page_view,mobile_app,Page View #1609,Sample interaction 1609 of type page_view via mobile_app.,4,"{""device"":""mobile"",""campaign"":""mobile_push""}"
168,114,6,review,email,Review #1610,Sample interaction 1610 of type review via email.,4,"{""device"":""desktop"",""campaign"":""spring_sale""}"
62,379,6,purchase,support,Purchase #1611,Sample interaction 1611 of type purchase via support.,5,"{""device"":""mobile"",""campaign"":""mobile_push""}"
226,445,2,add_to_cart,mobile_app,Add To Cart #1612,Sample interaction 1612 of type add_to_cart via mobile_app.,2,"{""device"":""mobile"",""campaign"":""mobile_push""}"
204,195,4,email_click,email,Email Click #1613,Sample interaction 1613 of type email_click via email.,3,"{""device"":""desktop"",""campaign"":""spring_sale""}"
154,440,4,page_view,support,Page View #1614,Sample interaction 1614 of type page_view via support.,5,"{""device"":""mobile"",""campaign"":""mobile_push""}"
49,549,5,purchase,email,Purchase #1615,Sample interaction 1615 of type purchase via email.,2,"{""device"":""desktop"",""campaign"":""spring_sale""}"
14,645,5,purchase,support,Purchase #1616,Sample interaction 1616 of type purchase via support.,5,"{""device"":""mobile"",""campaign"":""mobile_push""}"
227,501,4,add_to_cart,store,Add To Cart #1617,Sample interaction 1617 of type add_to_cart via store.,5,"{""device"":""mobile"",""campaign"":""mobile_push""}"
17,172,9,email_click,support,Email Click #1618,Sample interaction 1618 of type email_click via support.,3,"{""device"":""mobile"",""campaign"":""mobile_push""}"
128,532,8,purchase,email,Purchase #1619,Sample interaction 1619 of type purchase via email.,3,"{""device"":""desktop"",""campaign"":""spring_sale""}"
135,712,8,store_visit,store,Store Visit #1620,Sample interaction 1620 of type store_visit via store.,3,"{""device"":""mobile"",""campaign"":""mobile_push""}"
149,411,1,review,mobile_app,Review #1621,Sample interaction 1621 of type review via mobile_app.,2,"{""device"":""mobile"",""campaign"":""mobile_push""}"
116,241,7,review,email,Review #1622,Sample interaction 1622 of type review via email.,4,"{""device"":""desktop"",""campaign"":""spring_sale""}"
228,387,3,email_open,email,Email Open #1623,Sample interaction 1623 of type email_open via email.,5,"{""device"":""desktop"",""campaign"":""spring_sale""}"
22,138,2,support_ticket,store,Support Ticket #1624,Sample interaction 1624 of type support_ticket via store.,5,"{""device"":""mobile"",""campaign"":""mobile_push""}"
91,236,1,store_visit,support,Store Visit #1625,Sample interaction 1625 of type store_visit via support.,5,"{""device"":""mobile"",""campaign"":""mobile_push""}"
87,437,8,store_visit,store,Store Visit #1626,Sample interaction 1626 of type store_visit via store.,4,"{""device"":""mobile"",""campaign"":""mobile_push""}"
95,510,6,support_ticket,store,Support Ticket #1627,Sample interaction 1627 of type support_ticket via store.,1,"{""device"":""mobile"",""campaign"":""mobile_push""}"
46,453,4,support_ticket,web,Support Ticket #1628,Sample interaction 1628 of type support_ticket via web.,3,"{""device"":""desktop"",""campaign"":""spring_sale""}"
231,85,5,add_to_cart,email,Add To Cart #1629,Sample interaction 1629 of type add_to_cart via email.,2,"{""device"":""desktop"",""campaign"":""spring_sale""}"
26,122,2,email_open,web,Email Open #1630,Sample interaction 1630 of type email_open via web.,5,"{""device"":""desktop"",""campaign"":""spring_sale""}"
52,342,4,email_open,email,Email Open #1631,Sample interaction 1631 of type email_open via email.,3,"{""device"":""desktop"",""campaign"":""spring_sale""}"
191,787,5,review,support,Review #1632,Sample interaction 1632 of type review via support.,2,"{""device"":""mobile"",""campaign"":""mobile_push""}"
219,771,9,support_ticket,web,Support Ticket #1633,Sample interaction 1633 of type support_ticket via web.,3,"{""device"":""desktop"",""campaign"":""spring_sale""}"
73,355,7,email_click,support,Email Click #1634,Sample interaction 1634 of type email_click via support.,1,"{""device"":""mobile"",""campaign"":""mobile_push""}"
121,670,9,purchase,store,Purchase #1635,Sample interaction 1635 of type purchase via store.,2,"{""device"":""mobile"",""campaign"":""mobile_push""}"
59,741,4,store_visit,mobile_app,Store Visit #1636,Sample interaction 1636 of type store_visit via mobile_app.,5,"{""device"":""mobile"",""campaign"":""mobile_push""}"
151,566,8,store_visit,email,Store Visit #1637,Sample interaction 1637 of type store_visit via email.,1,"{""device"":""desktop"",""campaign"":""spring_sale""}"
81,193,7,email_click,mobile_app,Email Click #1638,Sample interaction 1638 of type email_click via mobile_app.,4,"{""device"":""mobile"",""campaign"":""mobile_push""}"
116,572,1,email_open,mobile_app,Email Open #1639,Sample interaction 1639 of type email_open via mobile_app.,5,"{""device"":""mobile"",""campaign"":""mobile_push""}"
224,132,5,page_view,store,Page View #1640,Sample interaction 1640 of type page_view via store.,3,"{""device"":""mobile"",""campaign"":""mobile_push""}"
87,231,7,email_click,store,Email Click #1641,Sample interaction 1641 of type email_click via store.,5,"{""device"":""mobile"",""campaign"":""mobile_push""}"
77,334,1,page_view,mobile_app,Page View #1642,Sample interaction 1642 of type page_view via mobile_app.,2,"{""device"":""mobile"",""campaign"":""mobile_push""}"
244,339,7,email_click,mobile_app,Email Click #1643,Sample interaction 1643 of type email_click via mobile_app.,4,"{""device"":""mobile"",""campaign"":""mobile_push""}"
17,548,7,review,store,Review #1644,Sample interaction 1644 of type review via store.,1,"{""device"":""mobile"",""campaign"":""mobile_push""}"
85,584,8,support_ticket,web,Support Ticket #1645,Sample interaction 1645 of type support_ticket via web.,2,"{""device"":""desktop"",""campaign"":""spring_sale""}"
27,692,9,purchase,web,Purchase #1646,Sample interaction 1646 of type purchase via web.,5,"{""device"":""desktop"",""campaign"":""spring_sale""}"
126,28,3,review,web,Review #1647,Sample interaction 1647 of type review via web.,4,"{""device"":""desktop"",""campaign"":""spring_sale""}"
73,211,4,support_ticket,support,Support Ticket #1648,Sample interaction 1648 of type support_ticket via support.,1,"{""device"":""mobile"",""campaign"":""mobile_push""}"
117,59,6,page_view,mobile_app,Page View #1649,Sample interaction 1649 of type page_view via mobile_app.,3,"{""device"":""mobile"",""campaign"":""mobile_push""}"
221,421,7,purchase,web,Purchase #1650,Sample interaction 1650 of type purchase via web.,2,"{""device"":""desktop"",""campaign"":""spring_sale""}"
138,429,8,add_to_cart,store,Add To Cart #1651,Sample interaction 1651 of type add_to_cart via store.,2,"{""device"":""mobile"",""campaign"":""mobile_push""}"
34,211,5,email_click,store,Email Click #1652,Sample interaction 1652 of type email_click via store.,2,"{""device"":""mobile"",""campaign"":""mobile_push""}"
155,589,5,review,support,Review #1653,Sample interaction 1653 of type review via support.,4,"{""device"":""mobile"",""campaign"":""mobile_push""}"
71,207,1,purchase,store,Purchase #1654,Sample interaction 1654 of type purchase via store.,1,"{""device"":""mobile"",""campaign"":""mobile_push""}"
212,409,4,email_open,support,Email Open #1655,Sample interaction 1655 of type email_open via support.,4,"{""device"":""mobile"",""campaign"":""mobile_push""}"
118,474,1,add_to_cart,email,Add To Cart #1656,Sample interaction 1656 of type add_to_cart via email.,4,"{""device"":""desktop"",""campaign"":""spring_sale""}"
89,718,5,email_click,support,Email Click #1657,Sample interaction 1657 of type email_click via support.,2,"{""device"":""mobile"",""campaign"":""mobile_push""}"
107,256,3,email_click,store,Email Click #1658,Sample interaction 1658 of type email_click via store.,4,"{""device"":""mobile"",""campaign"":""mobile_push""}"
234,675,3,add_to_cart,store,Add To Cart #1659,Sample interaction 1659 of type add_to_cart via store.,1,"{""device"":""mobile"",""campaign"":""mobile_push""}"
62,162,5,support_ticket,web,Support Ticket #1660,Sample interaction 1660 of type support_ticket via web.,2,"{""device"":""desktop"",""campaign"":""spring_sale""}"
233,506,7,add_to_cart,email,Add To Cart #1661,Sample interaction 1661 of type add_to_cart via email.,1,"{""device"":""desktop"",""campaign"":""spring_sale""}"
194,108,9,email_open,store,Email Open #1662,Sample interaction 1662 of type email_open via store.,4,"{""device"":""mobile"",""campaign"":""mobile_push""}"
43,259,4,page_view,store,Page View #1663,Sample interaction 1663 of type page_view via store.,1,"{""device"":""mobile"",""campaign"":""mobile_push""}"
19,655,8,email_click,email,Email Click #1664,Sample interaction 1664 of type email_click via email.,4,"{""device"":""desktop"",""campaign"":""spring_sale""}"
220,200,7,page_view,web,Page View #1665,Sample interaction 1665 of type page_view via web.,3,"{""device"":""desktop"",""campaign"":""spring_sale""}"
30,727,3,email_open,store,Email Open #1666,Sample interaction 1666 of type email_open via store.,4,"{""device"":""mobile"",""campaign"":""mobile_push""}"
119,70,2,review,store,Review #1667,Sample interaction 1667 of type review via store.,2,"{""device"":""mobile"",""campaign"":""mobile_push""}"
121,286,3,purchase,web,Purchase #1668,Sample interaction 1668 of type purchase via web.,5,"{""device"":""desktop"",""campaign"":""spring_sale""}"
26,182,5,add_to_cart,support,Add To Cart #1669,Sample interaction 1669 of type add_to_cart via support.,4,"{""device"":""mobile"",""campaign"":""mobile_push""}"
44,80,1,support_ticket,mobile_app,Support Ticket #1670,Sample interaction 1670 of type support_ticket via mobile_app.,4,"{""device"":""mobile"",""campaign"":""mobile_push""}"
92,183,4,page_view,support,Page View #1671,Sample interaction 1671 of type page_view via support.,2,"{""device"":""mobile"",""campaign"":""mobile_push""}"
114,714,1,add_to_cart,store,Add To Cart #1672,Sample interaction 1672 of type add_to_cart via store.,3,"{""device"":""mobile"",""campaign"":""mobile_push""}"
114,54,1,page_view,store,Page View #1673,Sample interaction 1673 of type page_view via store.,2,"{""device"":""mobile"",""campaign"":""mobile_push""}"
238,256,6,review,mobile_app,Review #1674,Sample interaction 1674 of type review via mobile_app.,1,"{""device"":""mobile"",""campaign"":""mobile_push""}"
5,432,1,page_view,email,Page View #1675,Sample interaction 1675 of type page_view via email.,2,"{""device"":""desktop"",""campaign"":""spring_sale""}"
175,686,2,review,web,Review #1676,Sample interaction 1676 of type review via web.,2,"{""device"":""desktop"",""campaign"":""spring_sale""}"
186,172,1,email_click,support,Email Click #1677,Sample interaction 1677 of type email_click via support.,1,"{""device"":""mobile"",""campaign"":""mobile_push""}"
209,335,6,review,support,Review #1678,Sample interaction 1678 of type review via support.,2,"{""device"":""mobile"",""campaign"":""mobile_push""}"
240,555,7,email_click,web,Email Click #1679,Sample interaction 1679 of type email_click via web.,2,"{""device"":""desktop"",""campaign"":""spring_sale""}"
55,109,6,email_open,mobile_app,Email Open #1680,Sample interaction 1680 of type email_open via mobile_app.,1,"{""device"":""mobile"",""campaign"":""mobile_push""}"
103,670,6,page_view,store,Page View #1681,Sample interaction 1681 of type page_view via store.,2,"{""device"":""mobile"",""campaign"":""mobile_push""}"
118,226,2,support_ticket,support,Support Ticket #1682,Sample interaction 1682 of type support_ticket via support.,3,"{""device"":""mobile"",""campaign"":""mobile_push""}"
12,69,4,email_click,email,Email Click #1683,Sample interaction 1683 of type email_click via email.,5,"{""device"":""desktop"",""campaign"":""spring_sale""}"
128,105,9,purchase,email,Purchase #1684,Sample interaction 1684 of type purchase via email.,1,"{""device"":""desktop"",""campaign"":""spring_sale""}"
154,333,7,purchase,email,Purchase #1685,Sample interaction 1685 of type purchase via email.,2,"{""device"":""desktop"",""campaign"":""spring_sale""}"
163,780,6,store_visit,web,Store Visit #1686,Sample interaction 1686 of type store_visit via web.,3,"{""device"":""desktop"",""campaign"":""spring_sale""}"
5,624,8,email_click,support,Email Click #1687,Sample interaction 1687 of type email_click via support.,2,"{""device"":""mobile"",""campaign"":""mobile_push""}"
129,602,1,review,web,Review #1688,Sample interaction 1688 of type review via web.,5,"{""device"":""desktop"",""campaign"":""spring_sale""}"
195,128,5,review,store,Review #1689,Sample interaction 1689 of type review via store.,2,"{""device"":""mobile"",""campaign"":""mobile_push""}"
159,82,1,purchase,email,Purchase #1690,Sample interaction 1690 of type purchase via email.,4,"{""device"":""desktop"",""campaign"":""spring_sale""}"
76,207,3,email_click,mobile_app,Email Click #1691,Sample interaction 1691 of type email_click via mobile_app.,1,"{""device"":""mobile"",""campaign"":""mobile_push""}"
61,743,8,email_open,mobile_app,Email Open #1692,Sample interaction 1692 of type email_open via mobile_app.,3,"{""device"":""mobile"",""campaign"":""mobile_push""}"
82,660,1,email_click,email,Email Click #1693,Sample interaction 1693 of type email_click via email.,1,"{""device"":""desktop"",""campaign"":""spring_sale""}"
59,751,6,email_open,mobile_app,Email Open #1694,Sample interaction 1694 of type email_open via mobile_app.,2,"{""device"":""mobile"",""campaign"":""mobile_push""}"
139,56,4,review,support,Review #1695,Sample interaction 1695 of type review via support.,4,"{""device"":""mobile"",""campaign"":""mobile_push""}"
134,330,3,store_visit,web,Store Visit #1696,Sample interaction 1696 of type store_visit via web.,1,"{""device"":""desktop"",""campaign"":""spring_sale""}"
223,504,2,review,web,Review #1697,Sample interaction 1697 of type review via web.,2,"{""device"":""desktop"",""campaign"":""spring_sale""}"
241,210,3,add_to_cart,mobile_app,Add To Cart #1698,Sample interaction 1698 of type add_to_cart via mobile_app.,5,"{""device"":""mobile"",""campaign"":""mobile_push""}"
141,210,4,add_to_cart,store,Add To Cart #1699,Sample interaction 1699 of type add_to_cart via store.,4,"{""device"":""mobile"",""campaign"":""mobile_push""}"
80,169,4,review,store,Review #1700,Sample interaction 1700 of type review via store.,2,"{""device"":""mobile"",""campaign"":""mobile_push""}"
156,255,5,support_ticket,support,Support Ticket #1701,Sample interaction 1701 of type support_ticket via support.,4,"{""device"":""mobile"",""campaign"":""mobile_push""}"
248,651,4,support_ticket,store,Support Ticket #1702,Sample interaction 1702 of type support_ticket via store.,1,"{""device"":""mobile"",""campaign"":""mobile_push""}"
244,369,7,email_click,mobile_app,Email Click #1703,Sample interaction 1703 of type email_click via mobile_app.,4,"{""device"":""mobile"",""campaign"":""mobile_push""}"
113,433,9,email_click,mobile_app,Email Click #1704,Sample interaction 1704 of type email_click via mobile_app.,4,"{""device"":""mobile"",""campaign"":""mobile_push""}"
6,781,7,email_click,web,Email Click #1705,Sample interaction 1705 of type email_click via web.,3,"{""device"":""desktop"",""campaign"":""spring_sale""}"
153,551,3,purchase,email,Purchase #1706,Sample interaction 1706 of type purchase via email.,4,"{""device"":""desktop"",""campaign"":""spring_sale""}"
119,314,8,support_ticket,store,Support Ticket #1707,Sample interaction 1707 of type support_ticket via store.,5,"{""device"":""mobile"",""campaign"":""mobile_push""}"
156,493,2,email_open,mobile_app,Email Open #1708,Sample interaction 1708 of type email_open via mobile_app.,4,"{""device"":""mobile"",""campaign"":""mobile_push""}"
51,159,4,page_view,web,Page View #1709,Sample interaction 1709 of type page_view via web.,5,"{""device"":""desktop"",""campaign"":""spring_sale""}"
187,743,6,store_visit,store,Store Visit #1710,Sample interaction 1710 of type store_visit via store.,4,"{""device"":""mobile"",""campaign"":""mobile_push""}"
241,405,6,email_click,store,Email Click #1711,Sample interaction 1711 of type email_click via store.,3,"{""device"":""mobile"",""campaign"":""mobile_push""}"
165,603,2,email_click,web,Email Click #1712,Sample interaction 1712 of type email_click via web.,1,"{""device"":""desktop"",""campaign"":""spring_sale""}"
99,580,3,review,store,Review #1713,Sample interaction 1713 of type review via store.,3,"{""device"":""mobile"",""campaign"":""mobile_push""}"
198,770,6,store_visit,email,Store Visit #1714,Sample interaction 1714 of type store_visit via email.,1,"{""device"":""desktop"",""campaign"":""spring_sale""}"
167,395,7,review,mobile_app,Review #1715,Sample interaction 1715 of type review via mobile_app.,4,"{""device"":""mobile"",""campaign"":""mobile_push""}"
9,371,1,purchase,email,Purchase #1716,Sample interaction 1716 of type purchase via email.,5,"{""device"":""desktop"",""campaign"":""spring_sale""}"
117,698,3,support_ticket,mobile_app,Support Ticket #1717,Sample interaction 1717 of type support_ticket via mobile_app.,5,"{""device"":""mobile"",""campaign"":""mobile_push""}"
149,679,3,page_view,web,Page View #1718,Sample interaction 1718 of type page_view via web.,1,"{""device"":""desktop"",""campaign"":""spring_sale""}"
165,729,7,email_click,support,Email Click #1719,Sample interaction 1719 of type email_click via support.,1,"{""device"":""mobile"",""campaign"":""mobile_push""}"
133,194,7,purchase,store,Purchase #1720,Sample interaction 1720 of type purchase via store.,3,"{""device"":""mobile"",""campaign"":""mobile_push""}"
178,310,9,email_click,support,Email Click #1721,Sample interaction 1721 of type email_click via support.,3,"{""device"":""mobile"",""campaign"":""mobile_push""}"
188,422,2,add_to_cart,support,Add To Cart #1722,Sample interaction 1722 of type add_to_cart via support.,3,"{""device"":""mobile"",""campaign"":""mobile_push""}"
209,147,5,review,store,Review #1723,Sample interaction 1723 of type review via store.,3,"{""device"":""mobile"",""campaign"":""mobile_push""}"
2,173,8,page_view,web,Page View #1724,Sample interaction 1724 of type page_view via web.,1,"{""device"":""desktop"",""campaign"":""spring_sale""}"
199,714,7,email_click,email,Email Click #1725,Sample interaction 1725 of type email_click via email.,4,"{""device"":""desktop"",""campaign"":""spring_sale""}"
44,181,6,purchase,mobile_app,Purchase #1726,Sample interaction 1726 of type purchase via mobile_app.,2,"{""device"":""mobile"",""campaign"":""mobile_push""}"
125,187,9,add_to_cart,store,Add To Cart #1727,Sample interaction 1727 of type add_to_cart via store.,5,"{""device"":""mobile"",""campaign"":""mobile_push""}"
209,218,3,review,web,Review #1728,Sample interaction 1728 of type review via web.,2,"{""device"":""desktop"",""campaign"":""spring_sale""}"
208,778,4,support_ticket,store,Support Ticket #1729,Sample interaction 1729 of type support_ticket via store.,4,"{""device"":""mobile"",""campaign"":""mobile_push""}"
161,640,2,purchase,web,Purchase #1730,Sample interaction 1730 of type purchase via web.,3,"{""device"":""desktop"",""campaign"":""spring_sale""}"
22,387,2,support_ticket,web,Support Ticket #1731,Sample interaction 1731 of type support_ticket via web.,3,"{""device"":""desktop"",""campaign"":""spring_sale""}"
8,600,4,store_visit,store,Store Visit #1732,Sample interaction 1732 of type store_visit via store.,1,"{""device"":""mobile"",""campaign"":""mobile_push""}"
3,63,5,page_view,support,Page View #1733,Sample interaction 1733 of type page_view via support.,1,"{""device"":""mobile"",""campaign"":""mobile_push""}"
25,217,9,page_view,store,Page View #1734,Sample interaction 1734 of type page_view via store.,5,"{""device"":""mobile"",""campaign"":""mobile_push""}"
134,780,5,store_visit,store,Store Visit #1735,Sample interaction 1735 of type store_visit via store.,3,"{""device"":""mobile"",""campaign"":""mobile_push""}"
155,440,6,email_open,email,Email Open #1736,Sample interaction 1736 of type email_open via email.,3,"{""device"":""desktop"",""campaign"":""spring_sale""}"
210,246,6,email_click,store,Email Click #1737,Sample interaction 1737 of type email_click via store.,5,"{""device"":""mobile"",""campaign"":""mobile_push""}"
15,365,6,add_to_cart,web,Add To Cart #1738,Sample interaction 1738 of type add_to_cart via web.,4,"{""device"":""desktop"",""campaign"":""spring_sale""}"
223,716,7,purchase,web,Purchase #1739,Sample interaction 1739 of type purchase via web.,5,"{""device"":""desktop"",""campaign"":""spring_sale""}"
32,544,5,review,email,Review #1740,Sample interaction 1740 of type review via email.,4,"{""device"":""desktop"",""campaign"":""spring_sale""}"
159,703,8,email_click,mobile_app,Email Click #1741,Sample interaction 1741 of type email_click via mobile_app.,1,"{""device"":""mobile"",""campaign"":""mobile_push""}"
164,330,1,email_open,web,Email Open #1742,Sample interaction 1742 of type email_open via web.,3,"{""device"":""desktop"",""campaign"":""spring_sale""}"
174,455,4,store_visit,store,Store Visit #1743,Sample interaction 1743 of type store_visit via store.,5,"{""device"":""mobile"",""campaign"":""mobile_push""}"
204,84,6,email_click,store,Email Click #1744,Sample interaction 1744 of type email_click via store.,1,"{""device"":""mobile"",""campaign"":""mobile_push""}"
188,395,5,review,mobile_app,Review #1745,Sample interaction 1745 of type review via mobile_app.,5,"{""device"":""mobile"",""campaign"":""mobile_push""}"
225,586,9,page_view,mobile_app,Page View #1746,Sample interaction 1746 of type page_view via mobile_app.,4,"{""device"":""mobile"",""campaign"":""mobile_push""}"
204,90,5,store_visit,mobile_app,Store Visit #1747,Sample interaction 1747 of type store_visit via mobile_app.,4,"{""device"":""mobile"",""campaign"":""mobile_push""}"
245,119,8,review,mobile_app,Review #1748,Sample interaction 1748 of type review via mobile_app.,2,"{""device"":""mobile"",""campaign"":""mobile_push""}"
44,772,2,add_to_cart,store,Add To Cart #1749,Sample interaction 1749 of type add_to_cart via store.,1,"{""device"":""mobile"",""campaign"":""mobile_push""}"
42,335,7,support_ticket,mobile_app,Support Ticket #1750,Sample interaction 1750 of type support_ticket via mobile_app.,3,"{""device"":""mobile"",""campaign"":""mobile_push""}"
171,488,2,purchase,support,Purchase #1751,Sample interaction 1751 of type purchase via support.,4,"{""device"":""mobile"",""campaign"":""mobile_push""}"
24,709,6,review,support,Review #1752,Sample interaction 1752 of type review via support.,5,"{""device"":""mobile"",""campaign"":""mobile_push""}"
17,660,6,email_click,store,Email Click #1753,Sample interaction 1753 of type email_click via store.,5,"{""device"":""mobile"",""campaign"":""mobile_push""}"
248,448,4,review,email,Review #1754,Sample interaction 1754 of type review via email.,1,"{""device"":""desktop"",""campaign"":""spring_sale""}"
75,90,2,add_to_cart,email,Add To Cart #1755,Sample interaction 1755 of type add_to_cart via email.,5,"{""device"":""desktop"",""campaign"":""spring_sale""}"
240,193,2,email_open,mobile_app,Email Open #1756,Sample interaction 1756 of type email_open via mobile_app.,3,"{""device"":""mobile"",""campaign"":""mobile_push""}"
245,390,1,support_ticket,web,Support Ticket #1757,Sample interaction 1757 of type support_ticket via web.,5,"{""device"":""desktop"",""campaign"":""spring_sale""}"
138,195,7,email_click,email,Email Click #1758,Sample interaction 1758 of type email_click via email.,3,"{""device"":""desktop"",""campaign"":""spring_sale""}"
205,696,3,review,web,Review #1759,Sample interaction 1759 of type review via web.,4,"{""device"":""desktop"",""campaign"":""spring_sale""}"
3,552,8,email_open,mobile_app,Email Open #1760,Sample interaction 1760 of type email_open via mobile_app.,3,"{""device"":""mobile"",""campaign"":""mobile_push""}"
215,225,8,store_visit,mobile_app,Store Visit #1761,Sample interaction 1761 of type store_visit via mobile_app.,5,"{""device"":""mobile"",""campaign"":""mobile_push""}"
73,150,1,email_open,email,Email Open #1762,Sample interaction 1762 of type email_open via email.,5,"{""device"":""desktop"",""campaign"":""spring_sale""}"
177,127,5,store_visit,mobile_app,Store Visit #1763,Sample interaction 1763 of type store_visit via mobile_app.,4,"{""device"":""mobile"",""campaign"":""mobile_push""}"
75,722,7,page_view,email,Page View #1764,Sample interaction 1764 of type page_view via email.,2,"{""device"":""desktop"",""campaign"":""spring_sale""}"
212,734,4,review,web,Review #1765,Sample interaction 1765 of type review via web.,2,"{""device"":""desktop"",""campaign"":""spring_sale""}"
220,500,7,support_ticket,mobile_app,Support Ticket #1766,Sample interaction 1766 of type support_ticket via mobile_app.,1,"{""device"":""mobile"",""campaign"":""mobile_push""}"
141,402,6,email_click,store,Email Click #1767,Sample interaction 1767 of type email_click via store.,3,"{""device"":""mobile"",""campaign"":""mobile_push""}"
194,401,7,add_to_cart,support,Add To Cart #1768,Sample interaction 1768 of type add_to_cart via support.,3,"{""device"":""mobile"",""campaign"":""mobile_push""}"
73,714,4,email_click,web,Email Click #1769,Sample interaction 1769 of type email_click via web.,2,"{""device"":""desktop"",""campaign"":""spring_sale""}"
83,771,1,support_ticket,store,Support Ticket #1770,Sample interaction 1770 of type support_ticket via store.,2,"{""device"":""mobile"",""campaign"":""mobile_push""}"
148,141,8,store_visit,email,Store Visit #1771,Sample interaction 1771 of type store_visit via email.,2,"{""device"":""desktop"",""campaign"":""spring_sale""}"
54,224,4,page_view,email,Page View #1772,Sample interaction 1772 of type page_view via email.,5,"{""device"":""desktop"",""campaign"":""spring_sale""}"
27,695,3,email_click,store,Email Click #1773,Sample interaction 1773 of type email_click via store.,2,"{""device"":""mobile"",""campaign"":""mobile_push""}"
238,58,2,email_open,store,Email Open #1774,Sample interaction 1774 of type email_open via store.,2,"{""device"":""mobile"",""campaign"":""mobile_push""}"
242,54,2,email_open,support,Email Open #1775,Sample interaction 1775 of type email_open via support.,4,"{""device"":""mobile"",""campaign"":""mobile_push""}"
249,153,7,review,web,Review #1776,Sample interaction 1776 of type review via web.,1,"{""device"":""desktop"",""campaign"":""spring_sale""}"
62,407,8,support_ticket,support,Support Ticket #1777,Sample interaction 1777 of type support_ticket via support.,2,"{""device"":""mobile"",""campaign"":""mobile_push""}"
168,764,7,add_to_cart,store,Add To Cart #1778,Sample interaction 1778 of type add_to_cart via store.,4,"{""device"":""mobile"",""campaign"":""mobile_push""}"
71,648,8,email_open,web,Email Open #1779,Sample interaction 1779 of type email_open via web.,1,"{""device"":""desktop"",""campaign"":""spring_sale""}"
30,85,2,store_visit,support,Store Visit #1780,Sample interaction 1780 of type store_visit via support.,2,"{""device"":""mobile"",""campaign"":""mobile_push""}"
6,601,8,support_ticket,web,Support Ticket #1781,Sample interaction 1781 of type support_ticket via web.,5,"{""device"":""desktop"",""campaign"":""spring_sale""}"
47,394,8,email_click,email,Email Click #1782,Sample interaction 1782 of type email_click via email.,5,"{""device"":""desktop"",""campaign"":""spring_sale""}"
33,102,6,add_to_cart,support,Add To Cart #1783,Sample interaction 1783 of type add_to_cart via support.,2,"{""device"":""mobile"",""campaign"":""mobile_push""}"
104,718,1,email_click,support,Email Click #1784,Sample interaction 1784 of type email_click via support.,5,"{""device"":""mobile"",""campaign"":""mobile_push""}"
201,543,8,add_to_cart,support,Add To Cart #1785,Sample interaction 1785 of type add_to_cart via support.,5,"{""device"":""mobile"",""campaign"":""mobile_push""}"
138,731,2,review,web,Review #1786,Sample interaction 1786 of type review via web.,2,"{""device"":""desktop"",""campaign"":""spring_sale""}"
221,614,3,page_view,support,Page View #1787,Sample interaction 1787 of type page_view via support.,4,"{""device"":""mobile"",""campaign"":""mobile_push""}"
205,322,2,page_view,mobile_app,Page View #1788,Sample interaction 1788 of type page_view via mobile_app.,5,"{""device"":""mobile"",""campaign"":""mobile_push""}"
53,669,3,add_to_cart,support,Add To Cart #1789,Sample interaction 1789 of type add_to_cart via support.,3,"{""device"":""mobile"",""campaign"":""mobile_push""}"
218,772,1,add_to_cart,web,Add To Cart #1790,Sample interaction 1790 of type add_to_cart via web.,5,"{""device"":""desktop"",""campaign"":""spring_sale""}"
77,373,9,purchase,store,Purchase #1791,Sample interaction 1791 of type purchase via store.,1,"{""device"":""mobile"",""campaign"":""mobile_push""}"
64,308,1,support_ticket,support,Support Ticket #1792,Sample interaction 1792 of type support_ticket via support.,4,"{""device"":""mobile"",""campaign"":""mobile_push""}"
36,591,8,email_open,support,Email Open #1793,Sample interaction 1793 of type email_open via support.,3,"{""device"":""mobile"",""campaign"":""mobile_push""}"
156,552,9,review,web,Review #1794,Sample interaction 1794 of type review via web.,1,"{""device"":""desktop"",""campaign"":""spring_sale""}"
61,38,4,purchase,email,Purchase #1795,Sample interaction 1795 of type purchase via email.,2,"{""device"":""desktop"",""campaign"":""spring_sale""}"
246,138,9,review,support,Review #1796,Sample interaction 1796 of type review via support.,3,"{""device"":""mobile"",""campaign"":""mobile_push""}"
72,132,7,add_to_cart,support,Add To Cart #1797,Sample interaction 1797 of type add_to_cart via support.,3,"{""device"":""mobile"",""campaign"":""mobile_push""}"
67,391,3,email_click,store,Email Click #1798,Sample interaction 1798 of type email_click via store.,1,"{""device"":""mobile"",""campaign"":""mobile_push""}"
242,261,7,purchase,support,Purchase #1799,Sample interaction 1799 of type purchase via support.,2,"{""device"":""mobile"",""campaign"":""mobile_push""}"
19,645,5,review,email,Review #1800,Sample interaction 1800 of type review via email.,5,"{""device"":""desktop"",""campaign"":""spring_sale""}"
169,664,9,purchase,store,Purchase #1801,Sample interaction 1801 of type purchase via store.,2,"{""device"":""mobile"",""campaign"":""mobile_push""}"
81,445,7,page_view,support,Page View #1802,Sample interaction 1802 of type page_view via support.,2,"{""device"":""mobile"",""campaign"":""mobile_push""}"
20,277,2,add_to_cart,support,Add To Cart #1803,Sample interaction 1803 of type add_to_cart via support.,4,"{""device"":""mobile"",""campaign"":""mobile_push""}"
17,338,2,email_open,email,Email Open #1804,Sample interaction 1804 of type email_open via email.,3,"{""device"":""desktop"",""campaign"":""spring_sale""}"
38,232,5,page_view,web,Page View #1805,Sample interaction 1805 of type page_view via web.,4,"{""device"":""desktop"",""campaign"":""spring_sale""}"
249,228,7,add_to_cart,web,Add To Cart #1806,Sample interaction 1806 of type add_to_cart via web.,2,"{""device"":""desktop"",""campaign"":""spring_sale""}"
135,746,5,store_visit,web,Store Visit #1807,Sample interaction 1807 of type store_visit via web.,5,"{""device"":""desktop"",""campaign"":""spring_sale""}"
90,718,5,support_ticket,support,Support Ticket #1808,Sample interaction 1808 of type support_ticket via support.,1,"{""device"":""mobile"",""campaign"":""mobile_push""}"
230,50,3,email_open,store,Email Open #1809,Sample interaction 1809 of type email_open via store.,2,"{""device"":""mobile"",""campaign"":""mobile_push""}"
89,760,9,email_click,store,Email Click #1810,Sample interaction 1810 of type email_click via store.,5,"{""device"":""mobile"",""campaign"":""mobile_push""}"
33,266,1,purchase,mobile_app,Purchase #1811,Sample interaction 1811 of type purchase via mobile_app.,2,"{""device"":""mobile"",""campaign"":""mobile_push""}"
97,582,5,page_view,email,Page View #1812,Sample interaction 1812 of type page_view via email.,2,"{""device"":""desktop"",""campaign"":""spring_sale""}"
174,624,7,store_visit,mobile_app,Store Visit #1813,Sample interaction 1813 of type store_visit via mobile_app.,4,"{""device"":""mobile"",""campaign"":""mobile_push""}"
91,480,9,support_ticket,email,Support Ticket #1814,Sample interaction 1814 of type support_ticket via email.,4,"{""device"":""desktop"",""campaign"":""spring_sale""}"
134,736,4,support_ticket,web,Support Ticket #1815,Sample interaction 1815 of type support_ticket via web.,3,"{""device"":""desktop"",""campaign"":""spring_sale""}"
105,790,6,add_to_cart,web,Add To Cart #1816,Sample interaction 1816 of type add_to_cart via web.,1,"{""device"":""desktop"",""campaign"":""spring_sale""}"
187,246,2,purchase,support,Purchase #1817,Sample interaction 1817 of type purchase via support.,1,"{""device"":""mobile"",""campaign"":""mobile_push""}"
22,762,5,store_visit,web,Store Visit #1818,Sample interaction 1818 of type store_visit via web.,4,"{""device"":""desktop"",""campaign"":""spring_sale""}"
174,521,3,store_visit,store,Store Visit #1819,Sample interaction 1819 of type store_visit via store.,5,"{""device"":""mobile"",""campaign"":""mobile_push""}"
176,694,9,add_to_cart,store,Add To Cart #1820,Sample interaction 1820 of type add_to_cart via store.,1,"{""device"":""mobile"",""campaign"":""mobile_push""}"
158,195,1,email_click,support,Email Click #1821,Sample interaction 1821 of type email_click via support.,3,"{""device"":""mobile"",""campaign"":""mobile_push""}"
63,757,9,page_view,support,Page View #1822,Sample interaction 1822 of type page_view via support.,4,"{""device"":""mobile"",""campaign"":""mobile_push""}"
247,173,9,review,mobile_app,Review #1823,Sample interaction 1823 of type review via mobile_app.,1,"{""device"":""mobile"",""campaign"":""mobile_push""}"
94,137,9,email_open,web,Email Open #1824,Sample interaction 1824 of type email_open via web.,4,"{""device"":""desktop"",""campaign"":""spring_sale""}"
127,389,3,email_open,web,Email Open #1825,Sample interaction 1825 of type email_open via web.,3,"{""device"":""desktop"",""campaign"":""spring_sale""}"
234,696,4,add_to_cart,email,Add To Cart #1826,Sample interaction 1826 of type add_to_cart via email.,3,"{""device"":""desktop"",""campaign"":""spring_sale""}"
124,301,5,review,web,Review #1827,Sample interaction 1827 of type review via web.,5,"{""device"":""desktop"",""campaign"":""spring_sale""}"
101,223,5,page_view,store,Page View #1828,Sample interaction 1828 of type page_view via store.,5,"{""device"":""mobile"",""campaign"":""mobile_push""}"
218,500,1,email_open,web,Email Open #1829,Sample interaction 1829 of type email_open via web.,5,"{""device"":""desktop"",""campaign"":""spring_sale""}"
118,337,5,email_open,web,Email Open #1830,Sample interaction 1830 of type email_open via web.,1,"{""device"":""desktop"",""campaign"":""spring_sale""}"
90,740,3,email_click,email,Email Click #1831,Sample interaction 1831 of type email_click via email.,1,"{""device"":""desktop"",""campaign"":""spring_sale""}"
26,442,8,review,web,Review #1832,Sample interaction 1832 of type review via web.,5,"{""device"":""desktop"",""campaign"":""spring_sale""}"
132,158,7,add_to_cart,store,Add To Cart #1833,Sample interaction 1833 of type add_to_cart via store.,1,"{""device"":""mobile"",""campaign"":""mobile_push""}"
40,788,5,review,store,Review #1834,Sample interaction 1834 of type review via store.,4,"{""device"":""mobile"",""campaign"":""mobile_push""}"
96,307,6,email_click,mobile_app,Email Click #1835,Sample interaction 1835 of type email_click via mobile_app.,5,"{""device"":""mobile"",""campaign"":""mobile_push""}"
208,276,2,store_visit,store,Store Visit #1836,Sample interaction 1836 of type store_visit via store.,2,"{""device"":""mobile"",""campaign"":""mobile_push""}"
36,363,7,page_view,email,Page View #1837,Sample interaction 1837 of type page_view via email.,2,"{""device"":""desktop"",""campaign"":""spring_sale""}"
29,195,5,page_view,mobile_app,Page View #1838,Sample interaction 1838 of type page_view via mobile_app.,4,"{""device"":""mobile"",""campaign"":""mobile_push""}"
108,762,6,page_view,mobile_app,Page View #1839,Sample interaction 1839 of type page_view via mobile_app.,2,"{""device"":""mobile"",""campaign"":""mobile_push""}"
243,491,5,add_to_cart,store,Add To Cart #1840,Sample interaction 1840 of type add_to_cart via store.,4,"{""device"":""mobile"",""campaign"":""mobile_push""}"
141,508,3,email_open,store,Email Open #1841,Sample interaction 1841 of type email_open via store.,5,"{""device"":""mobile"",""campaign"":""mobile_push""}"
186,760,7,purchase,web,Purchase #1842,Sample interaction 1842 of type purchase via web.,1,"{""device"":""desktop"",""campaign"":""spring_sale""}"
203,22,3,purchase,email,Purchase #1843,Sample interaction 1843 of type purchase via email.,5,"{""device"":""desktop"",""campaign"":""spring_sale""}"
4,786,4,page_view,email,Page View #1844,Sample interaction 1844 of type page_view via email.,4,"{""device"":""desktop"",""campaign"":""spring_sale""}"
250,612,1,email_click,store,Email Click #1845,Sample interaction 1845 of type email_click via store.,3,"{""device"":""mobile"",""campaign"":""mobile_push""}"
73,498,2,email_click,mobile_app,Email Click #1846,Sample interaction 1846 of type email_click via mobile_app.,5,"{""device"":""mobile"",""campaign"":""mobile_push""}"
40,747,9,purchase,mobile_app,Purchase #1847,Sample interaction 1847 of type purchase via mobile_app.,3,"{""device"":""mobile"",""campaign"":""mobile_push""}"
197,118,5,review,store,Review #1848,Sample interaction 1848 of type review via store.,2,"{""device"":""mobile"",""campaign"":""mobile_push""}"
122,724,2,purchase,mobile_app,Purchase #1849,Sample interaction 1849 of type purchase via mobile_app.,5,"{""device"":""mobile"",""campaign"":""mobile_push""}"
162,650,3,review,web,Review #1850,Sample interaction 1850 of type review via web.,2,"{""device"":""desktop"",""campaign"":""spring_sale""}"
103,40,5,review,mobile_app,Review #1851,Sample interaction 1851 of type review via mobile_app.,4,"{""device"":""mobile"",""campaign"":""mobile_push""}"
5,632,4,add_to_cart,web,Add To Cart #1852,Sample interaction 1852 of type add_to_cart via web.,4,"{""device"":""desktop"",""campaign"":""spring_sale""}"
105,538,5,review,mobile_app,Review #1853,Sample interaction 1853 of type review via mobile_app.,3,"{""device"":""mobile"",""campaign"":""mobile_push""}"
110,491,1,email_click,web,Email Click #1854,Sample interaction 1854 of type email_click via web.,3,"{""device"":""desktop"",""campaign"":""spring_sale""}"
29,276,6,support_ticket,email,Support Ticket #1855,Sample interaction 1855 of type support_ticket via email.,4,"{""device"":""desktop"",""campaign"":""spring_sale""}"
64,328,1,purchase,web,Purchase #1856,Sample interaction 1856 of type purchase via web.,1,"{""device"":""desktop"",""campaign"":""spring_sale""}"
14,677,6,review,email,Review #1857,Sample interaction 1857 of type review via email.,4,"{""device"":""desktop"",""campaign"":""spring_sale""}"
72,622,2,email_click,mobile_app,Email Click #1858,Sample interaction 1858 of type email_click via mobile_app.,3,"{""device"":""mobile"",""campaign"":""mobile_push""}"
243,504,6,email_open,email,Email Open #1859,Sample interaction 1859 of type email_open via email.,1,"{""device"":""desktop"",""campaign"":""spring_sale""}"
25,686,1,purchase,email,Purchase #1860,Sample interaction 1860 of type purchase via email.,3,"{""device"":""desktop"",""campaign"":""spring_sale""}"
190,371,9,email_open,mobile_app,Email Open #1861,Sample interaction 1861 of type email_open via mobile_app.,3,"{""device"":""mobile"",""campaign"":""mobile_push""}"
54,599,7,add_to_cart,web,Add To Cart #1862,Sample interaction 1862 of type add_to_cart via web.,2,"{""device"":""desktop"",""campaign"":""spring_sale""}"
162,761,2,page_view,support,Page View #1863,Sample interaction 1863 of type page_view via support.,2,"{""device"":""mobile"",""campaign"":""mobile_push""}"
50,722,8,add_to_cart,web,Add To Cart #1864,Sample interaction 1864 of type add_to_cart via web.,5,"{""device"":""desktop"",""campaign"":""spring_sale""}"
159,352,5,store_visit,mobile_app,Store Visit #1865,Sample interaction 1865 of type store_visit via mobile_app.,5,"{""device"":""mobile"",""campaign"":""mobile_push""}"
185,158,1,purchase,mobile_app,Purchase #1866,Sample interaction 1866 of type purchase via mobile_app.,4,"{""device"":""mobile"",""campaign"":""mobile_push""}"
141,729,5,email_open,email,Email Open #1867,Sample interaction 1867 of type email_open via email.,4,"{""device"":""desktop"",""campaign"":""spring_sale""}"
162,735,2,email_click,web,Email Click #1868,Sample interaction 1868 of type email_click via web.,4,"{""device"":""desktop"",""campaign"":""spring_sale""}"
108,537,9,page_view,mobile_app,Page View #1869,Sample interaction 1869 of type page_view via mobile_app.,5,"{""device"":""mobile"",""campaign"":""mobile_push""}"
71,714,3,support_ticket,web,Support Ticket #1870,Sample interaction 1870 of type support_ticket via web.,5,"{""device"":""desktop"",""campaign"":""spring_sale""}"
16,711,4,email_click,store,Email Click #1871,Sample interaction 1871 of type email_click via store.,5,"{""device"":""mobile"",""campaign"":""mobile_push""}"
223,526,2,purchase,store,Purchase #1872,Sample interaction 1872 of type purchase via store.,5,"{""device"":""mobile"",""campaign"":""mobile_push""}"
99,576,7,email_click,support,Email Click #1873,Sample interaction 1873 of type email_click via support.,3,"{""device"":""mobile"",""campaign"":""mobile_push""}"
53,189,1,purchase,support,Purchase #1874,Sample interaction 1874 of type purchase via support.,2,"{""device"":""mobile"",""campaign"":""mobile_push""}"
152,714,1,store_visit,support,Store Visit #1875,Sample interaction 1875 of type store_visit via support.,5,"{""device"":""mobile"",""campaign"":""mobile_push""}"
67,311,4,support_ticket,email,Support Ticket #1876,Sample interaction 1876 of type support_ticket via email.,5,"{""device"":""desktop"",""campaign"":""spring_sale""}"
31,176,4,page_view,support,Page View #1877,Sample interaction 1877 of type page_view via support.,2,"{""device"":""mobile"",""campaign"":""mobile_push""}"
75,41,3,support_ticket,mobile_app,Support Ticket #1878,Sample interaction 1878 of type support_ticket via mobile_app.,3,"{""device"":""mobile"",""campaign"":""mobile_push""}"
224,53,4,review,support,Review #1879,Sample interaction 1879 of type review via support.,1,"{""device"":""mobile"",""campaign"":""mobile_push""}"
1,665,6,email_open,email,Email Open #1880,Sample interaction 1880 of type email_open via email.,1,"{""device"":""desktop"",""campaign"":""spring_sale""}"
243,723,9,support_ticket,mobile_app,Support Ticket #1881,Sample interaction 1881 of type support_ticket via mobile_app.,4,"{""device"":""mobile"",""campaign"":""mobile_push""}"
230,627,5,email_open,web,Email Open #1882,Sample interaction 1882 of type email_open via web.,1,"{""device"":""desktop"",""campaign"":""spring_sale""}"
211,365,4,support_ticket,mobile_app,Support Ticket #1883,Sample interaction 1883 of type support_ticket via mobile_app.,3,"{""device"":""mobile"",""campaign"":""mobile_push""}"
249,17,9,add_to_cart,store,Add To Cart #1884,Sample interaction 1884 of type add_to_cart via store.,3,"{""device"":""mobile"",""campaign"":""mobile_push""}"
223,642,9,review,store,Review #1885,Sample interaction 1885 of type review via store.,2,"{""device"":""mobile"",""campaign"":""mobile_push""}"
84,276,4,email_click,mobile_app,Email Click #1886,Sample interaction 1886 of type email_click via mobile_app.,4,"{""device"":""mobile"",""campaign"":""mobile_push""}"
60,748,7,email_open,mobile_app,Email Open #1887,Sample interaction 1887 of type email_open via mobile_app.,4,"{""device"":""mobile"",""campaign"":""mobile_push""}"
24,508,3,store_visit,mobile_app,Store Visit #1888,Sample interaction 1888 of type store_visit via mobile_app.,2,"{""device"":""mobile"",""campaign"":""mobile_push""}"
49,584,8,purchase,email,Purchase #1889,Sample interaction 1889 of type purchase via email.,1,"{""device"":""desktop"",""campaign"":""spring_sale""}"
80,167,3,email_click,support,Email Click #1890,Sample interaction 1890 of type email_click via support.,2,"{""device"":""mobile"",""campaign"":""mobile_push""}"
18,147,2,email_click,mobile_app,Email Click #1891,Sample interaction 1891 of type email_click via mobile_app.,4,"{""device"":""mobile"",""campaign"":""mobile_push""}"
233,661,7,add_to_cart,support,Add To Cart #1892,Sample interaction 1892 of type add_to_cart via support.,2,"{""device"":""mobile"",""campaign"":""mobile_push""}"
187,769,1,add_to_cart,store,Add To Cart #1893,Sample interaction 1893 of type add_to_cart via store.,4,"{""device"":""mobile"",""campaign"":""mobile_push""}"
6,113,1,page_view,mobile_app,Page View #1894,Sample interaction 1894 of type page_view via mobile_app.,2,"{""device"":""mobile"",""campaign"":""mobile_push""}"
198,86,5,purchase,support,Purchase #1895,Sample interaction 1895 of type purchase via support.,1,"{""device"":""mobile"",""campaign"":""mobile_push""}"
203,10,2,email_open,web,Email Open #1896,Sample interaction 1896 of type email_open via web.,2,"{""device"":""desktop"",""campaign"":""spring_sale""}"
36,492,8,purchase,email,Purchase #1897,Sample interaction 1897 of type purchase via email.,3,"{""device"":""desktop"",""campaign"":""spring_sale""}"
123,159,4,page_view,support,Page View #1898,Sample interaction 1898 of type page_view via support.,3,"{""device"":""mobile"",""campaign"":""mobile_push""}"
161,557,2,page_view,web,Page View #1899,Sample interaction 1899 of type page_view via web.,1,"{""device"":""desktop"",""campaign"":""spring_sale""}"
140,304,2,email_click,mobile_app,Email Click #1900,Sample interaction 1900 of type email_click via mobile_app.,1,"{""device"":""mobile"",""campaign"":""mobile_push""}"
234,230,1,review,store,Review #1901,Sample interaction 1901 of type review via store.,4,"{""device"":""mobile"",""campaign"":""mobile_push""}"
38,362,5,review,store,Review #1902,Sample interaction 1902 of type review via store.,1,"{""device"":""mobile"",""campaign"":""mobile_push""}"
126,174,2,review,web,Review #1903,Sample interaction 1903 of type review via web.,3,"{""device"":""desktop"",""campaign"":""spring_sale""}"
92,79,6,add_to_cart,email,Add To Cart #1904,Sample interaction 1904 of type add_to_cart via email.,1,"{""device"":""desktop"",""campaign"":""spring_sale""}"
230,45,3,purchase,store,Purchase #1905,Sample interaction 1905 of type purchase via store.,5,"{""device"":""mobile"",""campaign"":""mobile_push""}"
86,615,3,email_click,mobile_app,Email Click #1906,Sample interaction 1906 of type email_click via mobile_app.,3,"{""device"":""mobile"",""campaign"":""mobile_push""}"
160,294,6,add_to_cart,email,Add To Cart #1907,Sample interaction 1907 of type add_to_cart via email.,4,"{""device"":""desktop"",""campaign"":""spring_sale""}"
170,378,5,add_to_cart,web,Add To Cart #1908,Sample interaction 1908 of type add_to_cart via web.,2,"{""device"":""desktop"",""campaign"":""spring_sale""}"
200,672,3,email_open,mobile_app,Email Open #1909,Sample interaction 1909 of type email_open via mobile_app.,4,"{""device"":""mobile"",""campaign"":""mobile_push""}"
115,739,8,add_to_cart,web,Add To Cart #1910,Sample interaction 1910 of type add_to_cart via web.,5,"{""device"":""desktop"",""campaign"":""spring_sale""}"
110,745,5,purchase,web,Purchase #1911,Sample interaction 1911 of type purchase via web.,3,"{""device"":""desktop"",""campaign"":""spring_sale""}"
33,187,7,email_open,email,Email Open #1912,Sample interaction 1912 of type email_open via email.,4,"{""device"":""desktop"",""campaign"":""spring_sale""}"
109,493,7,email_open,mobile_app,Email Open #1913,Sample interaction 1913 of type email_open via mobile_app.,2,"{""device"":""mobile"",""campaign"":""mobile_push""}"
99,429,9,store_visit,support,Store Visit #1914,Sample interaction 1914 of type store_visit via support.,5,"{""device"":""mobile"",""campaign"":""mobile_push""}"
127,546,9,review,store,Review #1915,Sample interaction 1915 of type review via store.,1,"{""device"":""mobile"",""campaign"":""mobile_push""}"
149,733,7,review,web,Review #1916,Sample interaction 1916 of type review via web.,2,"{""device"":""desktop"",""campaign"":""spring_sale""}"
93,3,4,page_view,email,Page View #1917,Sample interaction 1917 of type page_view via email.,5,"{""device"":""desktop"",""campaign"":""spring_sale""}"
122,137,2,page_view,email,Page View #1918,Sample interaction 1918 of type page_view via email.,3,"{""device"":""desktop"",""campaign"":""spring_sale""}"
218,798,3,support_ticket,store,Support Ticket #1919,Sample interaction 1919 of type support_ticket via store.,2,"{""device"":""mobile"",""campaign"":""mobile_push""}"
214,565,7,review,mobile_app,Review #1920,Sample interaction 1920 of type review via mobile_app.,2,"{""device"":""mobile"",""campaign"":""mobile_push""}"
15,765,3,add_to_cart,mobile_app,Add To Cart #1921,Sample interaction 1921 of type add_to_cart via mobile_app.,4,"{""device"":""mobile"",""campaign"":""mobile_push""}"
188,27,7,email_open,web,Email Open #1922,Sample interaction 1922 of type email_open via web.,1,"{""device"":""desktop"",""campaign"":""spring_sale""}"
170,596,2,store_visit,support,Store Visit #1923,Sample interaction 1923 of type store_visit via support.,2,"{""device"":""mobile"",""campaign"":""mobile_push""}"
8,151,6,purchase,web,Purchase #1924,Sample interaction 1924 of type purchase via web.,2,"{""device"":""desktop"",""campaign"":""spring_sale""}"
20,13,7,purchase,mobile_app,Purchase #1925,Sample interaction 1925 of type purchase via mobile_app.,4,"{""device"":""mobile"",""campaign"":""mobile_push""}"
191,144,9,support_ticket,store,Support Ticket #1926,Sample interaction 1926 of type support_ticket via store.,4,"{""device"":""mobile"",""campaign"":""mobile_push""}"
185,346,8,page_view,email,Page View #1927,Sample interaction 1927 of type page_view via email.,1,"{""device"":""desktop"",""campaign"":""spring_sale""}"
40,62,1,purchase,support,Purchase #1928,Sample interaction 1928 of type purchase via support.,2,"{""device"":""mobile"",""campaign"":""mobile_push""}"
3,406,7,store_visit,support,Store Visit #1929,Sample interaction 1929 of type store_visit via support.,3,"{""device"":""mobile"",""campaign"":""mobile_push""}"
236,586,9,support_ticket,mobile_app,Support Ticket #1930,Sample interaction 1930 of type support_ticket via mobile_app.,4,"{""device"":""mobile"",""campaign"":""mobile_push""}"
239,161,5,add_to_cart,support,Add To Cart #1931,Sample interaction 1931 of type add_to_cart via support.,4,"{""device"":""mobile"",""campaign"":""mobile_push""}"
244,129,4,email_click,support,Email Click #1932,Sample interaction 1932 of type email_click via support.,1,"{""device"":""mobile"",""campaign"":""mobile_push""}"
57,402,3,add_to_cart,store,Add To Cart #1933,Sample interaction 1933 of type add_to_cart via store.,4,"{""device"":""mobile"",""campaign"":""mobile_push""}"
81,669,7,email_click,mobile_app,Email Click #1934,Sample interaction 1934 of type email_click via mobile_app.,1,"{""device"":""mobile"",""campaign"":""mobile_push""}"
206,381,7,review,email,Review #1935,Sample interaction 1935 of type review via email.,1,"{""device"":""desktop"",""campaign"":""spring_sale""}"
27,80,6,email_open,web,Email Open #1936,Sample interaction 1936 of type email_open via web.,2,"{""device"":""desktop"",""campaign"":""spring_sale""}"
73,167,9,add_to_cart,web,Add To Cart #1937,Sample interaction 1937 of type add_to_cart via web.,2,"{""device"":""desktop"",""campaign"":""spring_sale""}"
153,12,5,review,support,Review #1938,Sample interaction 1938 of type review via support.,2,"{""device"":""mobile"",""campaign"":""mobile_push""}"
164,34,4,support_ticket,web,Support Ticket #1939,Sample interaction 1939 of type support_ticket via web.,5,"{""device"":""desktop"",""campaign"":""spring_sale""}"
145,46,8,page_view,web,Page View #1940,Sample interaction 1940 of type page_view via web.,3,"{""device"":""desktop"",""campaign"":""spring_sale""}"
24,317,1,email_open,email,Email Open #1941,Sample interaction 1941 of type email_open via email.,4,"{""device"":""desktop"",""campaign"":""spring_sale""}"
129,200,6,email_click,email,Email Click #1942,Sample interaction 1942 of type email_click via email.,2,"{""device"":""desktop"",""campaign"":""spring_sale""}"
180,691,2,email_open,store,Email Open #1943,Sample interaction 1943 of type email_open via store.,5,"{""device"":""mobile"",""campaign"":""mobile_push""}"
26,515,3,page_view,support,Page View #1944,Sample interaction 1944 of type page_view via support.,4,"{""device"":""mobile"",""campaign"":""mobile_push""}"
123,601,1,support_ticket,mobile_app,Support Ticket #1945,Sample interaction 1945 of type support_ticket via mobile_app.,2,"{""device"":""mobile"",""campaign"":""mobile_push""}"
175,475,2,add_to_cart,mobile_app,Add To Cart #1946,Sample interaction 1946 of type add_to_cart via mobile_app.,2,"{""device"":""mobile"",""campaign"":""mobile_push""}"
207,698,3,purchase,support,Purchase #1947,Sample interaction 1947 of type purchase via support.,5,"{""device"":""mobile"",""campaign"":""mobile_push""}"
187,624,9,email_open,store,Email Open #1948,Sample interaction 1948 of type email_open via store.,2,"{""device"":""mobile"",""campaign"":""mobile_push""}"
87,298,6,email_click,web,Email Click #1949,Sample interaction 1949 of type email_click via web.,4,"{""device"":""desktop"",""campaign"":""spring_sale""}"
62,214,2,purchase,support,Purchase #1950,Sample interaction 1950 of type purchase via support.,4,"{""device"":""mobile"",""campaign"":""mobile_push""}"
25,16,3,support_ticket,support,Support Ticket #1951,Sample interaction 1951 of type support_ticket via support.,1,"{""device"":""mobile"",""campaign"":""mobile_push""}"
128,97,8,email_open,mobile_app,Email Open #1952,Sample interaction 1952 of type email_open via mobile_app.,3,"{""device"":""mobile"",""campaign"":""mobile_push""}"
42,70,5,email_open,email,Email Open #1953,Sample interaction 1953 of type email_open via email.,1,"{""device"":""desktop"",""campaign"":""spring_sale""}"
19,184,8,support_ticket,store,Support Ticket #1954,Sample interaction 1954 of type support_ticket via store.,3,"{""device"":""mobile"",""campaign"":""mobile_push""}"
196,453,3,add_to_cart,support,Add To Cart #1955,Sample interaction 1955 of type add_to_cart via support.,4,"{""device"":""mobile"",""campaign"":""mobile_push""}"
11,373,5,email_click,store,Email Click #1956,Sample interaction 1956 of type email_click via store.,5,"{""device"":""mobile"",""campaign"":""mobile_push""}"
235,697,3,store_visit,email,Store Visit #1957,Sample interaction 1957 of type store_visit via email.,5,"{""device"":""desktop"",""campaign"":""spring_sale""}"
217,640,6,email_open,web,Email Open #1958,Sample interaction 1958 of type email_open via web.,4,"{""device"":""desktop"",""campaign"":""spring_sale""}"
130,461,5,page_view,support,Page View #1959,Sample interaction 1959 of type page_view via support.,1,"{""device"":""mobile"",""campaign"":""mobile_push""}"
190,251,9,page_view,mobile_app,Page View #1960,Sample interaction 1960 of type page_view via mobile_app.,1,"{""device"":""mobile"",""campaign"":""mobile_push""}"
75,385,3,email_click,web,Email Click #1961,Sample interaction 1961 of type email_click via web.,2,"{""device"":""desktop"",""campaign"":""spring_sale""}"
100,474,2,email_open,store,Email Open #1962,Sample interaction 1962 of type email_open via store.,4,"{""device"":""mobile"",""campaign"":""mobile_push""}"
165,548,8,add_to_cart,web,Add To Cart #1963,Sample interaction 1963 of type add_to_cart via web.,2,"{""device"":""desktop"",""campaign"":""spring_sale""}"
188,111,7,email_click,mobile_app,Email Click #1964,Sample interaction 1964 of type email_click via mobile_app.,4,"{""device"":""mobile"",""campaign"":""mobile_push""}"
85,67,6,email_open,support,Email Open #1965,Sample interaction 1965 of type email_open via support.,4,"{""device"":""mobile"",""campaign"":""mobile_push""}"
55,720,8,add_to_cart,email,Add To Cart #1966,Sample interaction 1966 of type add_to_cart via email.,4,"{""device"":""desktop"",""campaign"":""spring_sale""}"
10,559,3,store_visit,mobile_app,Store Visit #1967,Sample interaction 1967 of type store_visit via mobile_app.,2,"{""device"":""mobile"",""campaign"":""mobile_push""}"
82,582,1,email_click,web,Email Click #1968,Sample interaction 1968 of type email_click via web.,3,"{""device"":""desktop"",""campaign"":""spring_sale""}"
203,441,8,review,web,Review #1969,Sample interaction 1969 of type review via web.,2,"{""device"":""desktop"",""campaign"":""spring_sale""}"
223,24,7,support_ticket,email,Support Ticket #1970,Sample interaction 1970 of type support_ticket via email.,2,"{""device"":""desktop"",""campaign"":""spring_sale""}"
22,146,2,support_ticket,store,Support Ticket #1971,Sample interaction 1971 of type support_ticket via store.,1,"{""device"":""mobile"",""campaign"":""mobile_push""}"
77,730,8,email_click,support,Email Click #1972,Sample interaction 1972 of type email_click via support.,2,"{""device"":""mobile"",""campaign"":""mobile_push""}"
172,266,3,page_view,web,Page View #1973,Sample interaction 1973 of type page_view via web.,4,"{""device"":""desktop"",""campaign"":""spring_sale""}"
88,772,5,purchase,mobile_app,Purchase #1974,Sample interaction 1974 of type purchase via mobile_app.,3,"{""device"":""mobile"",""campaign"":""mobile_push""}"
242,430,8,store_visit,support,Store Visit #1975,Sample interaction 1975 of type store_visit via support.,2,"{""device"":""mobile"",""campaign"":""mobile_push""}"
248,714,7,email_open,support,Email Open #1976,Sample interaction 1976 of type email_open via support.,4,"{""device"":""mobile"",""campaign"":""mobile_push""}"
211,11,9,review,web,Review #1977,Sample interaction 1977 of type review via web.,5,"{""device"":""desktop"",""campaign"":""spring_sale""}"
158,149,6,email_open,web,Email Open #1978,Sample interaction 1978 of type email_open via web.,2,"{""device"":""desktop"",""campaign"":""spring_sale""}"
230,470,3,store_visit,email,Store Visit #1979,Sample interaction 1979 of type store_visit via email.,1,"{""device"":""desktop"",""campaign"":""spring_sale""}"
203,691,7,support_ticket,support,Support Ticket #1980,Sample interaction 1980 of type support_ticket via support.,1,"{""device"":""mobile"",""campaign"":""mobile_push""}"
116,129,8,add_to_cart,web,Add To Cart #1981,Sample interaction 1981 of type add_to_cart via web.,2,"{""device"":""desktop"",""campaign"":""spring_sale""}"
191,193,7,purchase,support,Purchase #1982,Sample interaction 1982 of type purchase via support.,4,"{""device"":""mobile"",""campaign"":""mobile_push""}"
56,357,4,review,support,Review #1983,Sample interaction 1983 of type review via support.,1,"{""device"":""mobile"",""campaign"":""mobile_push""}"
95,373,1,support_ticket,email,Support Ticket #1984,Sample interaction 1984 of type support_ticket via email.,5,"{""device"":""desktop"",""campaign"":""spring_sale""}"
210,128,8,store_visit,store,Store Visit #1985,Sample interaction 1985 of type store_visit via store.,4,"{""device"":""mobile"",""campaign"":""mobile_push""}"
91,361,9,email_click,support,Email Click #1986,Sample interaction 1986 of type email_click via support.,3,"{""device"":""mobile"",""campaign"":""mobile_push""}"
30,181,8,email_click,email,Email Click #1987,Sample interaction 1987 of type email_click via email.,2,"{""device"":""desktop"",""campaign"":""spring_sale""}"
142,610,3,email_click,store,Email Click #1988,Sample interaction 1988 of type email_click via store.,3,"{""device"":""mobile"",""campaign"":""mobile_push""}"
217,676,7,support_ticket,support,Support Ticket #1989,Sample interaction 1989 of type support_ticket via support.,1,"{""device"":""mobile"",""campaign"":""mobile_push""}"
23,107,2,page_view,support,Page View #1990,Sample interaction 1990 of type page_view via support.,4,"{""device"":""mobile"",""campaign"":""mobile_push""}"
27,509,9,add_to_cart,store,Add To Cart #1991,Sample interaction 1991 of type add_to_cart via store.,5,"{""device"":""mobile"",""campaign"":""mobile_push""}"
149,34,5,email_click,mobile_app,Email Click #1992,Sample interaction 1992 of type email_click via mobile_app.,2,"{""device"":""mobile"",""campaign"":""mobile_push""}"
199,466,9,email_click,web,Email Click #1993,Sample interaction 1993 of type email_click via web.,2,"{""device"":""desktop"",""campaign"":""spring_sale""}"
220,481,2,email_open,store,Email Open #1994,Sample interaction 1994 of type email_open via store.,4,"{""device"":""mobile"",""campaign"":""mobile_push""}"
233,661,7,page_view,email,Page View #1995,Sample interaction 1995 of type page_view via email.,2,"{""device"":""desktop"",""campaign"":""spring_sale""}"
130,291,5,support_ticket,email,Support Ticket #1996,Sample interaction 1996 of type support_ticket via email.,4,"{""device"":""desktop"",""campaign"":""spring_sale""}"
173,248,1,email_click,web,Email Click #1997,Sample interaction 1997 of type email_click via web.,1,"{""device"":""desktop"",""campaign"":""spring_sale""}"
7,158,6,email_open,email,Email Open #1998,Sample interaction 1998 of type email_open via email.,2,"{""device"":""desktop"",""campaign"":""spring_sale""}"
246,586,7,review,support,Review #1999,Sample interaction 1999 of type review via support.,4,"{""device"":""mobile"",""campaign"":""mobile_push""}"
50,632,7,page_view,support,Page View #2000,Sample interaction 2000 of type page_view via support.,4,"{""device"":""mobile"",""campaign"":""mobile_push""}"
