order_item_id,order_id,product_id,quantity,unit_price,discount_amount,total_line_amount,created_at,updated_at
1,1,83,2,102.01,24.36,179.66,2023-03-29 06:00:28,2023-04-03 10:35:53
2,1,61,4,426.18,18.45,1686.27,2025-03-30 21:17:23,2025-04-03 20:14:30
3,1,53,2,122.53,46.30,198.76,2025-09-25 11:10:33,2025-10-01 19:30:02
4,1,112,2,435.08,85.31,784.85,2023-07-19 11:28:04,2023-07-24 15:27:57
5,2,96,1,263.56,59.53,204.03,2024-11-25 06:54:31,2024-12-01 00:15:58
6,2,92,4,139.10,7.66,548.74,2023-10-03 07:32:37,2023-10-04 12:37:45
7,2,107,1,193.09,0.67,192.42,2023-11-27 20:53:39,2023-11-30 07:38:05
8,2,91,1,182.14,48.00,134.14,2025-10-13 05:39:46,2025-10-15 15:20:27
9,3,31,3,99.98,26.28,273.66,2024-12-15 13:54:07,2024-12-18 12:29:28
10,3,40,3,385.65,212.86,944.09,2024-08-19 11:07:18,2024-08-24 05:09:48
11,3,115,5,382.43,198.59,1713.56,2024-09-27 22:14:16,2024-09-29 20:16:21
12,3,84,2,280.07,58.63,501.51,2024-06-20 02:59:32,2024-06-21 11:20:49
13,4,76,1,45.05,9.00,36.05,2025-02-22 12:45:31,2025-02-27 06:19:49
14,4,42,5,489.92,77.19,2372.41,2023-09-20 07:51:42,2023-09-23 09:13:00
15,5,87,2,282.00,112.37,451.63,2024-12-26 02:30:51,2024-12-27 17:27:20
16,5,64,4,32.00,0.60,127.40,2024-06-22 23:37:23,2024-06-28 09:02:26
17,5,92,4,374.98,61.22,1438.70,2025-02-15 12:06:40,2025-02-16 17:36:05
18,5,39,2,284.89,26.80,542.98,2023-01-20 22:08:54,2023-01-21 16:05:45
19,5,84,1,250.67,0.47,250.20,2023-10-30 13:54:15,2023-11-05 22:04:09
20,6,27,4,236.41,10.30,935.34,2025-04-19 05:47:42,2025-04-22 07:48:31
21,7,64,2,425.72,246.74,604.70,2025-07-26 15:30:56,2025-07-28 17:50:38
22,7,32,1,116.25,16.38,99.87,2023-12-30 18:34:14,2023-12-31 18:41:36
23,7,101,5,107.79,6.85,532.10,2023-04-04 07:39:37,2023-04-08 02:49:44
24,7,84,5,315.66,464.56,1113.74,2025-07-13 10:47:01,2025-07-19 15:00:43
25,8,115,4,470.49,175.37,1706.59,2024-01-24 00:12:18,2024-01-26 07:41:04
26,8,112,1,303.25,48.88,254.37,2025-05-22 04:55:26,2025-05-27 15:44:12
27,8,51,4,195.33,130.16,651.16,2024-01-26 08:41:04,2024-01-29 08:14:02
28,8,73,3,332.32,164.01,832.95,2023-07-06 13:01:59,2023-07-09 22:10:00
29,9,48,4,311.00,55.41,1188.59,2025-07-07 19:39:32,2025-07-14 12:31:13
30,9,78,2,394.61,80.47,708.75,2024-01-05 05:22:39,2024-01-07 20:01:24
31,10,11,3,343.31,195.88,834.05,2023-10-28 23:33:44,2023-10-31 09:17:11
32,10,120,3,102.16,84.43,222.05,2024-11-19 01:20:31,2024-11-19 07:19:15
33,11,89,3,407.06,105.83,1115.35,2023-11-10 14:29:00,2023-11-12 07:07:15
34,12,94,4,12.10,0.56,47.84,2024-09-21 16:23:29,2024-09-25 13:34:03
35,12,109,2,294.21,68.22,520.20,2025-10-20 11:56:37,2025-10-27 10:30:35
36,13,47,3,135.79,52.12,355.25,2023-09-26 16:25:53,2023-09-28 23:10:41
37,13,87,3,402.00,242.74,963.26,2023-11-28 09:16:25,2023-12-03 09:25:33
38,13,115,3,228.53,129.66,555.93,2024-01-04 14:13:40,2024-01-08 01:25:04
39,13,17,2,425.93,160.37,691.49,2024-12-01 17:46:48,2024-12-04 08:36:40
40,14,70,3,171.68,33.30,481.74,2023-04-10 13:23:40,2023-04-16 22:18:29
41,14,3,5,121.59,56.51,551.44,2024-07-21 11:19:14,2024-07-24 23:27:05
42,15,102,5,388.74,222.13,1721.57,2024-11-03 12:37:25,2024-11-08 03:57:13
43,15,58,5,139.76,112.02,586.78,2023-05-02 07:32:26,2023-05-03 09:06:45
44,16,29,2,484.31,245.55,723.07,2023-09-30 06:27:02,2023-09-30 19:08:59
45,16,92,2,212.82,33.06,392.58,2024-01-11 17:47:02,2024-01-11 19:05:28
46,16,103,1,489.22,13.46,475.76,2023-04-27 22:17:42,2023-04-28 13:23:49
47,17,49,3,105.90,25.04,292.66,2023-02-04 18:57:40,2023-02-09 05:17:55
48,17,44,2,35.85,7.37,64.33,2024-11-09 07:08:25,2024-11-15 15:24:31
49,17,67,2,257.53,129.41,385.65,2023-11-01 16:17:31,2023-11-06 01:38:42
50,18,3,1,75.54,22.59,52.95,2024-01-01 15:39:23,2024-01-06 22:11:55
51,18,65,4,276.33,205.35,899.97,2025-10-27 12:01:27,2025-10-31 22:27:40
52,18,20,3,338.93,81.16,935.63,2023-02-17 08:26:53,2023-02-21 09:05:01
53,18,2,3,446.92,232.06,1108.70,2024-07-04 04:44:11,2024-07-10 03:01:23
54,19,57,1,479.64,142.82,336.82,2025-03-25 10:52:00,2025-03-30 15:52:37
55,20,61,2,197.13,32.48,361.78,2025-03-28 05:59:01,2025-04-01 12:06:26
56,20,20,1,302.61,25.20,277.41,2025-10-30 10:43:54,2025-10-31 05:46:07
57,20,81,3,92.39,19.31,257.86,2023-06-18 05:21:40,2023-06-18 23:40:43
58,20,31,3,431.74,9.80,1285.42,2023-05-02 04:38:06,2023-05-03 01:49:21
59,21,33,4,259.93,310.68,729.04,2023-04-13 17:17:04,2023-04-18 19:16:01
60,21,83,3,7.99,4.01,19.96,2024-10-01 20:21:12,2024-10-04 18:13:42
61,21,49,4,122.17,113.22,375.46,2023-08-16 21:54:20,2023-08-16 23:32:52
62,21,91,5,169.64,200.01,648.19,2023-03-22 12:48:44,2023-03-26 12:55:34
63,21,38,4,400.19,303.62,1297.14,2024-01-23 09:57:20,2024-01-27 16:23:57
64,22,21,1,71.40,5.55,65.85,2023-07-08 13:30:11,2023-07-11 01:15:56
65,22,48,5,182.06,267.10,643.20,2025-07-09 00:52:17,2025-07-13 21:31:10
66,22,94,2,55.20,22.58,87.82,2023-05-24 21:40:52,2023-05-30 07:19:43
67,23,50,3,370.41,258.20,853.03,2023-03-18 05:45:06,2023-03-22 13:52:54
68,23,57,1,19.48,3.56,15.92,2024-08-28 01:56:40,2024-08-29 20:38:56
69,23,110,3,239.55,66.83,651.82,2025-01-03 18:15:43,2025-01-08 23:51:27
70,23,5,5,275.63,212.43,1165.72,2023-03-22 10:38:37,2023-03-27 13:34:11
71,23,71,1,456.05,128.34,327.71,2024-02-26 16:27:07,2024-02-28 18:30:15
72,24,50,5,473.27,611.39,1754.96,2023-10-04 05:50:09,2023-10-09 07:10:39
73,24,59,1,175.04,33.21,141.83,2024-11-04 01:09:52,2024-11-05 10:36:59
74,24,41,5,394.22,172.65,1798.45,2025-01-22 23:04:26,2025-01-25 19:12:25
75,25,8,2,177.37,42.84,311.90,2025-05-30 15:19:53,2025-06-02 08:44:03
76,26,14,3,118.69,98.40,257.67,2023-09-20 00:50:34,2023-09-27 00:08:49
77,26,22,4,217.63,226.89,643.63,2025-03-31 18:38:10,2025-04-05 22:02:45
78,26,21,4,199.06,189.38,606.86,2023-03-20 11:44:35,2023-03-23 14:50:31
79,26,73,4,334.70,400.82,937.98,2023-02-03 20:04:00,2023-02-10 01:26:57
80,27,89,1,465.04,55.53,409.51,2023-01-13 08:54:19,2023-01-14 12:28:49
81,27,51,5,421.07,404.26,1701.09,2024-11-07 19:14:47,2024-11-14 15:45:01
82,27,50,2,16.44,7.37,25.51,2025-06-05 18:37:00,2025-06-11 04:52:56
83,27,114,2,226.14,95.17,357.11,2025-10-15 22:27:43,2025-10-21 19:55:14
84,27,39,1,459.51,113.79,345.72,2023-03-08 01:46:12,2023-03-11 01:06:14
85,28,39,3,356.90,86.00,984.70,2023-10-23 15:14:02,2023-10-26 19:39:23
86,28,72,2,107.02,10.79,203.25,2024-11-03 09:35:01,2024-11-08 12:03:33
87,28,77,2,328.07,195.68,460.46,2023-09-04 20:49:05,2023-09-09 15:40:33
88,28,42,1,473.74,51.68,422.06,2023-12-24 23:24:14,2023-12-29 14:32:28
89,29,15,3,496.58,329.36,1160.38,2024-04-24 19:00:24,2024-04-27 01:29:07
90,30,100,3,306.16,61.99,856.49,2024-02-29 23:34:11,2024-03-01 10:00:50
91,30,27,3,259.35,164.37,613.68,2023-10-30 03:47:51,2023-11-05 21:27:13
92,30,21,4,13.10,6.43,45.97,2024-10-18 23:00:17,2024-10-25 13:53:19
93,30,86,4,400.75,432.48,1170.52,2023-03-17 11:45:49,2023-03-22 01:29:48
94,30,104,5,142.77,125.77,588.08,2025-07-13 03:41:41,2025-07-18 16:23:09
95,31,44,5,365.51,421.39,1406.16,2025-05-15 02:33:38,2025-05-18 18:16:51
96,31,109,2,237.60,108.72,366.48,2025-03-09 18:23:22,2025-03-16 12:29:44
97,31,8,1,20.55,0.48,20.07,2025-11-08 03:36:59,2025-11-09 09:41:20
98,32,2,2,361.20,60.26,662.14,2024-11-05 05:25:05,2024-11-06 03:16:26
99,32,76,1,117.02,25.45,91.57,2025-09-16 17:16:46,2025-09-19 09:41:54
100,32,61,4,367.37,405.37,1064.11,2025-01-09 18:31:33,2025-01-12 00:14:25
101,32,35,1,407.75,13.81,393.94,2023-10-26 10:09:49,2023-10-31 00:55:56
102,32,102,5,389.49,134.87,1812.58,2023-07-03 10:31:52,2023-07-04 00:14:55
103,33,114,3,433.00,372.82,926.18,2025-02-23 01:44:25,2025-02-27 21:58:25
104,34,49,4,279.30,174.54,942.66,2023-04-04 17:08:05,2023-04-10 18:19:32
105,34,19,3,184.11,3.76,548.57,2023-03-23 02:30:06,2023-03-29 04:23:01
106,34,68,3,440.53,168.39,1153.20,2023-06-17 01:49:41,2023-06-20 19:37:33
107,34,32,5,27.59,33.43,104.52,2024-08-30 22:52:09,2024-08-31 14:54:31
108,35,105,1,482.65,111.95,370.70,2024-01-14 09:58:52,2024-01-14 18:50:08
109,35,98,2,54.95,8.52,101.38,2025-01-04 23:24:20,2025-01-10 22:04:45
110,35,88,3,458.23,307.70,1066.99,2024-10-15 00:23:10,2024-10-20 16:46:23
111,35,118,5,53.73,47.71,220.94,2024-06-21 14:54:48,2024-06-26 16:00:33
112,36,58,2,173.32,56.14,290.50,2024-05-21 14:45:18,2024-05-23 18:52:16
113,36,115,5,365.94,177.35,1652.35,2023-07-03 11:14:43,2023-07-07 15:21:55
114,36,114,3,325.49,149.61,826.86,2025-05-27 18:44:13,2025-06-03 16:38:35
115,36,79,5,141.26,95.01,611.29,2023-02-27 16:07:10,2023-03-03 09:10:58
116,37,77,5,158.62,143.18,649.92,2023-01-03 04:57:59,2023-01-04 13:14:21
117,37,111,5,103.18,97.19,418.71,2025-05-15 18:37:16,2025-05-17 10:28:24
118,38,37,5,462.81,678.03,1636.02,2024-11-17 00:01:21,2024-11-23 12:23:09
119,38,11,1,280.41,64.58,215.83,2024-03-07 19:51:44,2024-03-11 12:13:44
120,39,46,3,455.69,380.60,986.47,2023-03-08 01:22:27,2023-03-11 23:05:42
121,40,57,4,171.19,160.54,524.22,2024-06-04 12:05:15,2024-06-05 20:58:18
122,40,19,2,473.81,6.08,941.54,2024-03-09 14:08:10,2024-03-16 10:10:10
123,41,56,3,146.71,75.06,365.07,2024-07-13 03:58:07,2024-07-14 18:00:30
124,41,81,3,363.75,207.65,883.60,2024-04-17 04:10:16,2024-04-19 16:06:16
125,41,30,2,275.14,125.69,424.59,2024-11-28 19:10:25,2024-12-05 15:31:20
126,41,52,1,123.15,24.90,98.25,2025-06-13 19:08:03,2025-06-18 10:27:27
127,42,53,2,197.55,18.45,376.65,2025-05-01 07:04:16,2025-05-04 15:32:39
128,42,31,5,205.73,152.69,875.96,2023-07-28 08:24:24,2023-07-29 12:11:37
129,42,99,1,306.70,79.96,226.74,2024-07-10 07:23:59,2024-07-15 05:34:14
130,42,72,1,287.36,50.56,236.80,2025-01-30 06:12:27,2025-01-31 07:53:12
131,43,106,4,72.20,24.27,264.53,2024-10-07 19:50:40,2024-10-13 10:24:08
132,43,80,2,115.45,24.55,206.35,2023-03-31 08:23:36,2023-04-04 15:35:25
133,43,36,1,71.06,6.75,64.31,2025-10-18 15:47:45,2025-10-23 09:29:59
134,43,35,5,380.17,475.87,1424.98,2025-05-05 22:08:33,2025-05-12 08:05:46
135,43,4,2,445.18,226.67,663.69,2025-07-20 12:38:03,2025-07-24 02:12:52
136,44,20,4,36.17,42.64,102.04,2025-11-24 06:30:08,2025-11-24 13:12:41
137,44,34,3,341.77,134.35,890.96,2023-05-11 06:54:49,2023-05-17 17:50:34
138,45,105,1,496.10,143.66,352.44,2024-07-14 06:23:00,2024-07-18 16:13:17
139,45,51,1,441.72,125.09,316.63,2024-05-11 12:30:50,2024-05-14 00:08:55
140,46,72,5,416.43,475.97,1606.18,2024-02-29 02:54:45,2024-03-06 20:45:04
141,46,92,5,142.49,37.95,674.50,2024-07-21 01:04:06,2024-07-24 04:52:21
142,46,10,2,198.05,23.99,372.11,2025-10-25 18:18:29,2025-10-31 07:09:33
143,47,36,1,499.38,27.92,471.46,2025-02-01 13:51:39,2025-02-02 17:44:41
144,47,63,4,175.83,110.83,592.49,2024-03-14 23:35:04,2024-03-20 06:09:14
145,47,20,2,435.53,96.30,774.76,2023-06-11 11:58:07,2023-06-12 15:14:25
146,47,4,5,54.23,0.31,270.84,2024-10-26 15:00:31,2024-10-27 18:24:35
147,47,91,3,481.89,201.74,1243.93,2024-01-12 06:01:46,2024-01-15 07:38:57
148,48,117,2,217.64,24.54,410.74,2024-12-31 18:54:01,2025-01-04 03:37:15
149,48,102,3,483.01,286.82,1162.21,2025-02-11 11:28:04,2025-02-15 03:33:03
150,49,34,2,92.34,22.26,162.42,2023-04-18 04:45:59,2023-04-23 14:56:31
151,50,117,2,395.85,28.13,763.57,2023-03-21 23:27:10,2023-03-22 09:41:24
152,50,50,5,206.24,120.58,910.62,2024-04-10 08:42:09,2024-04-17 01:31:10
153,50,2,5,154.54,149.78,622.92,2025-08-12 16:14:55,2025-08-16 06:34:43
154,51,112,2,136.55,18.09,255.01,2025-03-26 10:45:48,2025-03-29 16:38:08
155,51,109,4,152.74,34.10,576.86,2024-06-09 05:16:34,2024-06-11 07:49:20
156,51,21,1,321.97,3.42,318.55,2024-03-08 20:38:53,2024-03-12 12:39:17
157,51,116,3,184.68,83.66,470.38,2025-02-25 20:51:27,2025-03-04 18:55:04
158,51,75,4,280.55,212.99,909.21,2023-01-28 23:15:48,2023-02-01 12:21:56
159,52,79,4,187.99,200.31,551.65,2025-10-18 06:45:25,2025-10-23 06:19:27
160,52,5,4,63.99,1.14,254.82,2024-09-03 06:39:52,2024-09-09 09:41:56
161,52,59,4,94.39,79.05,298.51,2023-01-19 13:28:12,2023-01-24 07:43:16
162,53,75,2,228.38,74.71,382.05,2024-09-15 19:13:01,2024-09-17 03:58:13
163,53,4,4,131.56,95.57,430.67,2023-04-29 21:05:47,2023-05-02 00:51:02
164,53,97,5,181.61,136.80,771.25,2025-09-04 15:08:26,2025-09-08 09:53:01
165,53,103,5,87.35,93.96,342.79,2024-09-09 05:32:15,2024-09-14 05:18:35
166,53,24,4,94.27,39.88,337.20,2025-02-09 18:20:13,2025-02-09 22:25:15
167,54,14,4,90.62,70.21,292.27,2024-03-25 16:06:41,2024-03-29 14:32:56
168,54,34,4,462.51,171.55,1678.49,2025-09-22 01:50:06,2025-09-26 04:51:37
169,54,48,2,497.52,38.60,956.44,2023-01-12 17:07:21,2023-01-19 01:24:33
170,54,56,2,32.49,15.29,49.69,2025-09-25 19:28:14,2025-09-30 20:17:56
171,54,68,1,456.58,21.75,434.83,2023-01-10 00:06:07,2023-01-16 10:29:38
172,55,56,1,41.90,11.57,30.33,2024-11-01 15:28:46,2024-11-04 11:31:32
173,55,34,3,423.34,11.50,1258.52,2023-06-16 04:44:41,2023-06-22 18:12:01
174,55,5,1,223.62,34.44,189.18,2025-04-07 21:51:58,2025-04-10 13:22:02
175,55,19,5,162.23,184.62,626.53,2025-06-28 12:49:59,2025-07-04 05:09:40
176,56,34,5,382.82,541.95,1372.15,2024-12-14 06:25:05,2024-12-19 00:20:09
177,57,102,1,458.65,112.51,346.14,2024-02-14 19:51:18,2024-02-16 05:33:48
178,57,101,5,394.61,110.37,1862.68,2023-07-14 21:52:28,2023-07-21 18:08:44
179,57,86,1,225.54,9.45,216.09,2025-03-31 15:04:50,2025-04-01 14:49:29
180,58,115,1,120.08,7.31,112.77,2024-08-31 11:44:05,2024-09-01 10:47:42
181,59,116,1,399.83,111.51,288.32,2023-10-13 19:29:51,2023-10-17 09:29:34
182,59,96,4,40.50,37.10,124.90,2023-04-19 00:49:08,2023-04-23 15:20:23
183,59,69,2,244.55,76.27,412.83,2025-08-02 07:27:03,2025-08-07 07:09:21
184,59,91,5,291.47,342.95,1114.40,2023-02-20 23:37:08,2023-02-26 05:58:35
185,60,12,2,408.96,234.53,583.39,2024-06-27 23:33:15,2024-06-28 07:24:46
186,61,92,5,395.81,194.59,1784.46,2024-08-04 23:34:14,2024-08-08 23:44:53
187,61,31,3,356.36,190.31,878.77,2023-04-18 00:48:19,2023-04-19 14:07:48
188,61,62,3,137.46,53.96,358.42,2025-06-05 01:34:01,2025-06-10 10:55:54
189,61,54,5,348.93,275.26,1469.39,2025-10-29 13:29:48,2025-11-03 17:27:52
190,61,113,5,15.33,13.60,63.05,2023-12-13 09:59:38,2023-12-19 14:03:19
191,62,69,2,71.12,11.02,131.22,2023-03-12 06:57:38,2023-03-13 13:39:08
192,62,102,4,182.17,41.53,687.15,2024-12-11 01:53:24,2024-12-15 03:25:39
193,62,93,5,43.23,0.01,216.14,2025-01-27 09:59:42,2025-02-02 03:01:32
194,63,92,5,25.97,34.32,95.53,2023-05-18 17:34:48,2023-05-22 14:09:55
195,64,45,2,113.25,0.20,226.30,2024-08-10 07:42:09,2024-08-15 12:42:49
196,64,17,3,232.09,25.72,670.55,2025-09-13 16:09:20,2025-09-16 03:35:47
197,65,89,4,97.91,57.47,334.17,2024-07-06 16:48:06,2024-07-08 02:49:38
198,65,21,5,448.41,79.46,2162.59,2023-12-17 11:47:37,2023-12-22 02:26:10
199,65,65,4,261.89,65.93,981.63,2024-01-29 03:26:22,2024-02-04 02:01:02
200,65,62,1,351.36,16.49,334.87,2024-06-16 14:05:54,2024-06-21 20:10:01
201,66,29,3,374.19,51.94,1070.63,2023-01-20 19:36:25,2023-01-23 01:22:25
202,66,27,1,134.88,39.36,95.52,2024-09-20 15:49:10,2024-09-25 05:00:02
203,66,30,2,105.18,16.01,194.35,2024-02-01 10:21:29,2024-02-07 21:35:17
204,67,36,3,83.82,6.45,245.01,2025-11-03 00:24:14,2025-11-06 02:21:51
205,67,56,1,225.81,54.89,170.92,2023-01-09 09:52:38,2023-01-13 03:51:53
206,67,108,5,341.64,412.78,1295.42,2025-02-01 12:29:05,2025-02-05 00:34:20
207,68,82,5,449.15,649.24,1596.51,2025-08-04 01:35:37,2025-08-10 17:42:42
208,68,25,2,39.75,19.85,59.65,2024-02-13 09:01:25,2024-02-20 05:19:39
209,68,23,4,191.74,223.44,543.52,2025-09-02 11:45:02,2025-09-09 05:15:09
210,68,3,4,395.77,406.15,1176.93,2023-06-15 20:16:12,2023-06-17 04:55:33
211,68,43,3,485.89,268.24,1189.43,2023-09-08 01:55:20,2023-09-08 11:24:48
212,69,117,4,157.65,56.70,573.90,2023-10-19 02:45:20,2023-10-24 11:53:58
213,70,37,5,109.67,31.43,516.92,2024-05-25 20:23:26,2024-05-29 02:49:08
214,70,41,2,121.53,20.12,222.94,2024-02-19 20:27:14,2024-02-24 00:17:48
215,70,48,2,478.89,164.46,793.32,2024-01-15 22:25:05,2024-01-18 00:29:48
216,71,113,3,479.19,381.87,1055.70,2023-04-04 10:13:28,2023-04-07 15:35:00
217,72,113,2,82.51,14.63,150.39,2025-02-25 06:38:12,2025-02-26 20:56:20
218,72,3,1,330.96,14.48,316.48,2024-01-24 10:38:12,2024-01-24 12:43:41
219,73,55,5,377.02,424.06,1461.04,2025-01-06 18:19:16,2025-01-13 05:40:15
220,73,108,5,10.24,7.92,43.28,2023-07-12 19:45:59,2023-07-18 06:57:18
221,74,42,3,179.53,44.05,494.54,2024-07-12 15:33:04,2024-07-19 13:05:59
222,74,30,4,163.64,168.93,485.63,2024-09-21 23:11:02,2024-09-26 01:08:25
223,75,62,4,204.11,89.89,726.55,2023-12-12 07:18:59,2023-12-15 11:02:47
224,75,40,2,266.94,158.18,375.70,2025-10-19 23:33:35,2025-10-21 13:34:56
225,75,56,1,19.31,0.94,18.37,2024-09-29 06:27:09,2024-09-29 09:24:10
226,75,118,3,281.95,184.17,661.68,2025-04-02 04:51:21,2025-04-02 09:22:32
227,75,99,4,55.24,58.83,162.13,2025-04-22 07:35:28,2025-04-28 01:13:58
228,76,79,1,118.25,29.86,88.39,2025-05-02 14:00:16,2025-05-06 10:04:29
229,76,33,4,84.30,44.76,292.44,2024-05-15 22:54:34,2024-05-18 18:01:28
230,76,69,3,70.51,15.53,196.00,2024-10-14 23:17:41,2024-10-21 22:27:25
231,76,84,3,150.54,107.51,344.11,2025-01-05 05:16:53,2025-01-11 00:29:00
232,76,102,2,49.89,21.92,77.86,2023-10-01 02:52:43,2023-10-03 21:53:17
233,77,119,2,198.51,53.23,343.79,2024-06-28 09:44:45,2024-06-28 11:24:23
234,77,22,4,447.91,340.97,1450.67,2023-11-30 19:46:44,2023-12-07 10:13:01
235,77,39,1,419.92,105.55,314.37,2024-09-23 15:20:34,2024-09-23 23:46:52
236,77,99,3,318.99,259.00,697.97,2024-11-15 07:11:52,2024-11-18 16:21:36
237,78,52,3,288.10,90.20,774.10,2025-10-28 04:46:45,2025-10-30 03:29:07
238,79,13,3,431.52,279.51,1015.05,2023-05-17 22:27:36,2023-05-20 00:16:37
239,80,56,5,92.98,118.54,346.36,2023-01-01 11:04:08,2023-01-08 01:13:07
240,80,106,1,238.00,48.25,189.75,2023-06-03 19:45:40,2023-06-10 08:21:46
241,80,59,5,439.49,590.44,1607.01,2024-08-03 22:50:08,2024-08-09 01:19:48
242,81,97,3,115.05,23.30,321.85,2023-02-16 05:58:54,2023-02-22 18:18:40
243,82,78,4,133.81,118.43,416.81,2024-12-26 19:50:28,2024-12-27 23:01:47
244,82,9,1,404.38,3.16,401.22,2023-04-07 04:32:30,2023-04-08 14:26:30
245,83,108,3,9.62,7.27,21.59,2023-05-31 21:38:01,2023-06-01 05:10:54
246,83,57,3,181.45,152.99,391.36,2023-07-24 21:04:43,2023-07-29 09:52:16
247,83,89,2,451.97,99.00,804.94,2023-08-13 04:57:20,2023-08-15 09:22:47
248,83,56,2,410.23,40.80,779.66,2024-05-10 09:01:00,2024-05-12 17:16:42
249,84,35,1,463.44,124.63,338.81,2024-05-13 12:57:05,2024-05-14 04:50:48
250,84,49,1,322.63,22.81,299.82,2024-04-20 14:26:16,2024-04-24 18:24:54
251,84,25,4,341.91,65.97,1301.67,2024-08-16 16:55:49,2024-08-21 11:56:59
252,85,78,3,233.80,131.30,570.10,2024-08-22 09:44:47,2024-08-29 06:00:47
253,85,60,4,66.14,50.25,214.31,2024-08-06 08:57:09,2024-08-09 20:04:52
254,86,105,1,339.18,10.87,328.31,2024-05-07 16:15:30,2024-05-12 20:34:46
255,86,90,5,201.78,294.45,714.45,2024-05-10 22:34:55,2024-05-15 09:45:55
256,86,80,4,138.97,137.02,418.86,2024-04-14 18:45:59,2024-04-17 00:38:57
257,87,34,3,129.46,32.84,355.54,2024-06-15 02:15:16,2024-06-20 07:38:37
258,88,22,5,163.83,31.08,788.07,2023-07-29 13:10:31,2023-08-04 05:26:03
259,88,57,1,369.63,62.79,306.84,2024-05-22 14:55:51,2024-05-26 05:33:13
260,88,62,2,292.61,48.61,536.61,2024-03-13 03:59:16,2024-03-14 00:30:09
261,88,54,1,244.34,29.76,214.58,2023-03-24 03:28:20,2023-03-26 00:06:16
262,88,42,2,116.58,34.90,198.26,2023-11-21 20:32:04,2023-11-27 19:08:05
263,89,113,3,361.13,266.79,816.60,2025-04-17 15:28:05,2025-04-18 22:28:58
264,89,12,5,463.69,213.58,2104.87,2025-02-06 16:38:56,2025-02-12 12:43:38
265,89,93,2,176.60,45.30,307.90,2023-10-24 03:57:34,2023-10-30 21:00:02
266,89,89,2,419.82,171.09,668.55,2025-01-24 12:24:37,2025-01-29 04:25:25
267,90,83,1,499.07,98.67,400.40,2023-08-28 22:55:13,2023-08-30 15:01:46
268,90,38,5,235.40,102.24,1074.76,2023-04-15 21:01:09,2023-04-16 16:05:39
269,91,103,2,304.25,76.47,532.03,2023-11-30 21:51:12,2023-12-03 08:21:45
270,91,88,5,385.76,270.30,1658.50,2024-10-20 17:59:29,2024-10-23 07:02:47
271,91,45,2,355.43,31.74,679.12,2024-08-13 16:44:27,2024-08-16 00:05:27
272,91,16,3,371.85,206.44,909.11,2024-05-21 00:35:01,2024-05-21 19:20:58
273,91,108,3,224.86,47.93,626.65,2023-09-17 23:28:48,2023-09-23 04:27:59
274,92,61,2,42.91,22.68,63.14,2023-02-05 14:24:06,2023-02-09 15:37:34
275,92,106,2,184.38,5.35,363.41,2024-11-01 04:37:47,2024-11-05 07:52:34
276,92,102,4,174.17,30.72,665.96,2023-10-12 00:22:29,2023-10-15 13:00:20
277,92,78,2,64.55,8.60,120.50,2023-04-02 07:10:53,2023-04-03 08:52:00
278,92,119,5,317.77,458.19,1130.66,2025-11-06 04:48:22,2025-11-09 10:39:14
279,93,15,3,385.85,303.47,854.08,2025-01-03 03:52:25,2025-01-05 18:40:43
280,93,34,5,248.33,361.28,880.37,2023-11-05 10:18:45,2023-11-12 10:18:32
281,94,115,3,302.21,205.64,700.99,2023-01-04 08:05:23,2023-01-11 07:38:17
282,94,27,4,198.18,164.52,628.20,2023-02-24 12:23:40,2023-03-01 08:49:16
283,94,103,3,216.68,49.11,600.93,2024-02-11 22:58:30,2024-02-18 13:44:09
284,94,99,4,386.63,114.53,1431.99,2023-06-14 10:18:49,2023-06-19 11:28:09
285,95,105,1,431.61,60.37,371.24,2024-09-19 16:30:59,2024-09-25 09:11:13
286,95,102,4,97.82,20.86,370.42,2025-10-27 06:37:28,2025-11-02 20:45:30
287,95,63,1,241.68,64.78,176.90,2025-10-23 23:51:35,2025-10-28 02:42:19
288,95,45,5,379.54,171.47,1726.23,2023-12-24 08:15:29,2023-12-30 20:20:02
289,96,47,3,17.28,11.79,40.05,2024-08-01 12:23:35,2024-08-02 05:44:33
290,96,73,3,52.40,2.22,154.98,2025-05-26 23:58:30,2025-05-29 04:15:53
291,97,21,5,193.63,25.69,942.46,2025-07-04 23:27:34,2025-07-11 23:25:42
292,97,14,1,356.59,57.38,299.21,2023-04-11 23:32:06,2023-04-12 23:34:15
293,97,4,1,315.05,5.20,309.85,2023-08-23 19:13:46,2023-08-29 09:18:25
294,97,69,2,226.38,38.74,414.02,2025-06-18 23:09:28,2025-06-21 07:12:54
295,98,12,4,162.10,56.72,591.68,2023-12-24 16:45:26,2023-12-28 03:17:26
296,98,26,2,262.98,10.62,515.34,2023-11-08 02:58:05,2023-11-11 03:09:15
297,98,93,2,375.93,121.43,630.43,2025-01-06 12:34:50,2025-01-08 21:58:40
298,98,64,2,358.10,190.06,526.14,2023-05-26 07:10:54,2023-05-28 02:16:33
299,99,119,4,26.86,17.96,89.48,2024-10-09 14:14:28,2024-10-10 07:55:37
300,99,18,5,474.04,308.30,2061.90,2023-02-12 22:22:03,2023-02-13 15:33:23
301,99,2,5,246.12,352.01,878.59,2025-10-04 13:34:24,2025-10-11 13:02:04
302,99,97,1,174.83,24.27,150.56,2024-11-23 00:57:01,2024-11-26 23:51:32
303,100,62,1,329.18,15.11,314.07,2023-09-07 04:35:23,2023-09-07 21:17:10
304,100,115,4,231.82,252.85,674.43,2024-04-09 23:55:49,2024-04-10 23:46:32
305,100,6,2,199.30,111.85,286.75,2024-11-17 09:31:36,2024-11-20 08:53:33
306,100,49,2,290.14,62.98,517.30,2024-03-18 17:24:58,2024-03-22 04:34:05
307,101,50,3,268.54,78.73,726.89,2023-10-02 21:14:21,2023-10-06 19:15:40
308,101,10,5,453.70,151.62,2116.88,2025-07-17 00:58:44,2025-07-19 21:41:29
309,101,51,1,92.85,19.16,73.69,2024-04-29 10:30:56,2024-04-30 00:20:47
310,102,116,5,262.74,362.65,951.05,2023-09-02 07:42:18,2023-09-04 20:05:19
311,102,65,3,229.65,14.27,674.68,2023-10-22 10:12:19,2023-10-28 01:03:19
312,102,51,4,431.27,286.96,1438.12,2023-08-13 18:06:53,2023-08-18 13:01:56
313,102,53,1,289.76,28.30,261.46,2024-11-15 01:51:06,2024-11-19 06:03:52
314,102,87,2,171.75,14.25,329.25,2023-08-27 01:18:32,2023-08-27 05:07:24
315,103,78,2,316.65,167.45,465.85,2024-04-26 02:43:42,2024-04-29 16:53:54
316,103,10,5,141.86,183.59,525.71,2023-02-05 15:10:38,2023-02-11 00:55:06
317,103,88,5,204.78,299.33,724.57,2024-07-24 10:27:04,2024-07-29 07:04:07
318,103,1,4,343.52,37.12,1336.96,2023-09-07 18:16:33,2023-09-13 02:19:03
319,104,50,1,15.05,0.38,14.67,2024-01-14 10:30:51,2024-01-19 09:21:14
320,104,17,1,277.47,30.45,247.02,2025-05-26 15:50:22,2025-05-26 23:36:33
321,104,44,1,455.69,95.78,359.91,2024-09-28 16:12:52,2024-10-03 10:57:11
322,105,23,5,469.10,404.98,1940.52,2025-04-13 09:59:38,2025-04-13 23:13:53
323,105,20,5,16.41,13.34,68.71,2023-07-13 11:37:07,2023-07-18 12:16:44
324,105,61,4,163.74,97.76,557.20,2025-11-02 08:01:15,2025-11-05 23:07:14
325,106,111,3,351.69,277.86,777.21,2024-11-23 17:51:59,2024-11-27 04:37:06
326,106,72,2,97.10,26.43,167.77,2024-03-23 17:02:14,2024-03-24 20:22:14
327,106,103,3,6.30,4.33,14.57,2025-08-05 05:46:59,2025-08-06 00:29:02
328,107,50,2,474.65,5.78,943.52,2024-07-05 14:15:02,2024-07-09 08:14:49
329,108,102,3,209.59,152.03,476.74,2024-08-11 16:47:57,2024-08-16 19:07:48
330,109,54,4,256.81,190.49,836.75,2024-04-17 12:58:31,2024-04-21 00:35:54
331,110,34,2,102.74,43.37,162.11,2023-07-15 20:41:10,2023-07-20 07:23:27
332,110,91,1,335.52,82.45,253.07,2025-01-06 06:06:15,2025-01-07 04:50:11
333,111,92,5,142.12,181.96,528.64,2025-10-16 20:04:08,2025-10-19 19:14:56
334,111,85,3,5.51,4.67,11.86,2024-10-03 00:46:02,2024-10-03 17:01:16
335,111,93,2,248.39,63.15,433.63,2024-02-29 14:37:42,2024-03-05 17:14:01
336,111,34,3,335.64,247.94,758.98,2024-01-08 16:35:46,2024-01-15 00:00:06
337,111,120,1,112.58,17.78,94.80,2025-04-16 09:33:25,2025-04-20 05:48:10
338,112,29,4,368.95,163.73,1312.07,2023-11-07 05:53:31,2023-11-09 15:19:33
339,112,57,2,296.33,47.31,545.35,2025-04-06 02:23:15,2025-04-07 03:21:29
340,113,23,1,136.83,41.02,95.81,2024-05-15 22:42:34,2024-05-19 12:31:46
341,113,97,5,194.23,52.88,918.27,2025-05-21 21:09:03,2025-05-22 06:13:10
342,113,66,5,12.83,9.85,54.30,2023-10-03 02:42:15,2023-10-07 16:11:17
343,113,56,5,244.34,283.31,938.39,2024-02-17 18:23:35,2024-02-21 01:57:09
344,114,101,5,467.70,269.40,2069.10,2023-03-04 09:30:46,2023-03-08 00:51:44
345,114,117,3,357.12,163.37,907.99,2024-02-10 18:27:52,2024-02-14 16:29:37
346,115,73,5,38.92,34.88,159.72,2025-04-28 05:35:38,2025-05-02 01:55:16
347,115,92,2,344.95,204.20,485.70,2025-02-20 00:30:15,2025-02-21 02:15:14
348,115,54,1,218.70,61.37,157.33,2023-03-04 13:16:24,2023-03-04 19:01:28
349,115,55,3,157.46,115.49,356.89,2023-01-14 13:58:08,2023-01-20 02:47:36
350,115,104,1,432.60,1.91,430.69,2025-05-06 11:14:45,2025-05-09 23:23:04
351,116,37,4,117.12,55.92,412.56,2023-12-27 14:51:01,2024-01-02 14:36:42
352,116,4,1,315.34,48.40,266.94,2024-12-21 21:18:43,2024-12-24 05:40:19
353,116,27,1,49.59,4.75,44.84,2025-09-29 03:45:25,2025-10-04 08:19:35
354,116,1,5,23.03,32.61,82.54,2025-10-04 13:54:16,2025-10-10 15:34:43
355,117,105,2,279.47,88.19,470.75,2025-08-02 20:06:43,2025-08-08 09:18:26
356,118,52,4,126.02,108.11,395.97,2024-03-12 22:19:14,2024-03-17 00:17:39
357,119,76,2,480.56,61.70,899.42,2024-07-13 11:27:01,2024-07-19 23:48:59
358,119,113,4,271.33,27.29,1058.03,2024-07-29 04:47:30,2024-07-30 01:25:56
359,119,45,4,371.22,324.58,1160.30,2023-06-05 14:37:08,2023-06-11 10:20:32
360,119,102,5,402.86,448.44,1565.86,2024-04-21 08:56:13,2024-04-26 23:43:53
361,119,36,3,94.81,39.57,244.86,2024-08-23 01:14:16,2024-08-24 14:16:58
362,120,30,2,203.60,36.85,370.35,2024-07-10 12:16:05,2024-07-15 20:26:27
363,120,6,1,401.22,61.46,339.76,2024-09-20 18:04:47,2024-09-23 23:21:21
364,121,13,4,104.01,63.78,352.26,2025-07-19 17:22:32,2025-07-26 16:40:29
365,121,70,1,102.62,14.75,87.87,2024-10-23 19:21:52,2024-10-30 01:18:12
366,121,44,1,196.77,45.65,151.12,2024-12-06 14:22:11,2024-12-07 02:40:59
367,121,91,5,345.35,44.01,1682.74,2023-10-27 15:46:51,2023-11-03 15:38:13
368,121,50,2,68.46,32.67,104.25,2023-09-14 04:34:07,2023-09-16 05:10:16
369,122,29,5,5.10,1.00,24.50,2023-04-26 07:49:43,2023-05-02 08:30:07
370,122,117,1,9.61,0.64,8.97,2023-07-11 13:40:30,2023-07-16 13:27:48
371,122,10,5,113.18,156.32,409.58,2023-06-21 13:57:51,2023-06-25 00:36:52
372,122,67,2,68.22,27.64,108.80,2023-09-10 13:12:17,2023-09-14 20:16:11
373,122,37,3,220.49,173.66,487.81,2024-09-26 04:35:21,2024-10-02 21:20:15
374,123,82,3,128.88,97.68,288.96,2024-06-24 06:50:41,2024-06-30 23:19:32
375,123,64,1,375.69,11.51,364.18,2023-01-31 14:59:42,2023-02-02 02:47:22
376,123,61,5,473.73,11.16,2357.49,2024-11-17 20:33:29,2024-11-18 10:44:06
377,124,114,2,112.13,61.95,162.31,2024-09-08 19:44:11,2024-09-12 19:02:40
378,124,80,4,292.20,139.15,1029.65,2024-12-06 08:17:00,2024-12-13 01:16:05
379,124,7,3,297.08,159.68,731.56,2023-01-23 17:32:49,2023-01-27 20:03:15
380,124,35,3,196.36,120.17,468.91,2023-08-28 01:40:10,2023-09-03 08:37:21
381,125,105,5,399.21,170.34,1825.71,2023-01-24 21:42:55,2023-01-28 13:53:23
382,125,73,2,145.69,3.37,288.01,2025-11-22 12:04:02,2025-11-24 00:57:17
383,125,99,5,497.57,175.12,2312.73,2023-03-19 05:48:14,2023-03-24 22:35:36
384,125,61,2,195.65,48.70,342.60,2024-01-01 07:03:14,2024-01-06 10:50:42
385,126,104,5,126.17,189.01,441.84,2023-02-14 12:58:08,2023-02-19 04:04:49
386,126,79,5,17.27,6.32,80.03,2024-02-22 01:15:08,2024-02-25 05:24:32
387,126,108,2,296.44,43.93,548.95,2023-10-31 19:47:36,2023-11-05 21:58:58
388,127,107,4,422.63,163.35,1527.17,2025-11-23 00:42:14,2025-11-27 06:02:40
389,127,102,4,335.03,351.26,988.86,2024-09-26 09:57:19,2024-10-02 05:57:06
390,127,37,1,395.00,44.62,350.38,2024-01-30 02:27:36,2024-02-01 16:32:59
391,127,82,2,181.93,74.77,289.09,2023-04-19 10:35:38,2023-04-24 05:40:00
392,127,99,3,413.43,327.16,913.13,2025-11-10 05:22:53,2025-11-14 18:48:19
393,128,74,2,424.08,95.75,752.41,2023-11-06 16:24:37,2023-11-13 00:05:32
394,129,79,2,444.86,237.41,652.31,2025-08-29 01:24:06,2025-09-03 19:44:11
395,129,15,5,305.39,408.01,1118.94,2023-09-10 15:30:24,2023-09-15 20:01:14
396,129,47,2,134.95,19.75,250.15,2025-01-29 18:10:05,2025-02-03 07:24:52
397,129,108,2,41.71,5.18,78.24,2024-01-08 14:55:36,2024-01-10 19:06:05
398,130,29,2,367.34,84.72,649.96,2024-11-24 19:38:39,2024-11-29 15:13:32
399,130,50,3,332.75,206.22,792.03,2024-10-07 10:57:28,2024-10-07 18:11:15
400,130,102,2,112.02,9.83,214.21,2023-01-28 13:27:15,2023-01-28 23:19:29
401,130,96,3,405.18,132.25,1083.29,2025-09-13 08:33:25,2025-09-16 16:11:55
402,130,27,3,498.64,7.55,1488.37,2023-01-28 01:36:42,2023-02-03 08:14:41
403,131,90,4,391.48,110.57,1455.35,2024-09-14 16:01:11,2024-09-17 11:14:59
404,131,104,1,385.73,98.33,287.40,2023-03-12 02:22:27,2023-03-16 02:48:30
405,132,72,3,5.05,1.69,13.46,2023-02-02 02:24:15,2023-02-07 13:31:26
406,132,58,1,102.23,17.54,84.69,2023-10-17 11:05:28,2023-10-19 18:57:54
407,132,90,1,77.09,4.11,72.98,2025-10-17 09:28:32,2025-10-18 13:37:01
408,132,107,4,490.14,157.24,1803.32,2023-03-25 20:35:52,2023-03-29 15:55:37
409,133,109,2,485.45,248.49,722.41,2024-03-15 02:58:43,2024-03-17 23:31:20
410,134,8,5,342.35,166.16,1545.59,2025-10-03 07:25:10,2025-10-03 07:49:27
411,134,1,2,224.91,53.58,396.24,2023-01-04 05:49:22,2023-01-08 14:14:11
412,134,54,5,346.05,159.69,1570.56,2024-06-11 00:48:50,2024-06-14 17:11:06
413,135,83,3,494.16,324.47,1158.01,2024-09-02 03:22:42,2024-09-07 00:12:55
414,135,75,5,463.68,454.62,1863.78,2023-05-10 20:27:53,2023-05-13 21:47:45
415,135,68,1,152.03,38.02,114.01,2025-02-03 22:15:17,2025-02-10 05:08:00
416,135,81,5,75.89,60.25,319.20,2024-01-11 15:03:05,2024-01-15 00:35:53
417,136,106,1,154.44,25.01,129.43,2023-03-24 03:34:44,2023-03-27 23:40:44
418,137,39,2,495.18,170.03,820.33,2023-09-23 09:33:39,2023-09-24 03:20:45
419,137,26,5,72.70,48.41,315.09,2025-03-26 19:34:43,2025-03-28 11:48:26
420,137,69,4,372.05,239.03,1249.17,2025-10-27 01:53:43,2025-10-31 17:51:41
421,137,19,4,74.85,51.63,247.77,2023-08-21 06:27:42,2023-08-27 23:58:41
422,137,95,5,288.90,16.99,1427.51,2024-05-01 06:52:30,2024-05-02 12:56:20
423,138,87,4,205.28,29.98,791.14,2025-11-07 02:19:15,2025-11-08 02:33:30
424,138,7,3,330.28,50.12,940.72,2024-11-29 16:21:11,2024-12-06 06:10:58
425,138,98,1,20.63,3.81,16.82,2025-10-17 13:52:44,2025-10-22 08:12:29
426,138,115,2,371.52,20.94,722.10,2023-12-15 05:04:41,2023-12-16 02:49:49
427,138,24,1,399.39,43.05,356.34,2025-09-09 02:49:05,2025-09-13 23:00:21
428,139,13,5,359.69,224.06,1574.39,2024-11-15 22:05:33,2024-11-17 23:44:03
429,140,98,3,73.09,43.82,175.45,2024-07-21 10:33:00,2024-07-28 07:01:57
430,140,48,3,83.28,29.11,220.73,2023-10-30 06:09:47,2023-11-04 02:51:50
431,140,75,5,5.76,7.55,21.25,2025-05-25 02:50:36,2025-05-29 12:08:39
432,141,71,1,224.44,41.59,182.85,2023-04-08 07:19:07,2023-04-12 11:39:26
433,141,27,2,450.48,164.45,736.51,2024-06-10 15:11:36,2024-06-11 16:04:41
434,141,8,5,276.05,370.01,1010.24,2025-02-19 10:16:05,2025-02-22 21:03:02
435,141,21,3,303.02,34.38,874.68,2023-03-01 13:15:07,2023-03-07 15:30:48
436,141,42,4,133.25,43.79,489.21,2025-08-28 07:59:40,2025-08-28 23:14:09
437,142,3,4,389.78,178.71,1380.41,2024-11-23 23:49:20,2024-11-28 07:14:45
438,142,101,4,307.55,337.34,892.86,2024-09-04 04:08:42,2024-09-05 04:17:59
439,143,106,3,414.35,208.20,1034.85,2023-05-03 18:14:40,2023-05-04 19:57:27
440,144,22,1,147.17,13.66,133.51,2025-06-30 00:10:45,2025-06-30 00:40:32
441,144,114,5,112.89,163.23,401.22,2025-09-02 09:35:45,2025-09-04 17:18:32
442,144,2,2,456.15,159.12,753.18,2023-05-03 00:22:52,2023-05-06 05:56:49
443,145,54,1,290.13,68.40,221.73,2024-06-10 21:11:28,2024-06-17 08:06:10
444,145,90,4,295.64,124.27,1058.29,2025-04-26 11:45:39,2025-04-29 03:43:05
445,145,60,1,407.45,51.63,355.82,2023-09-09 14:52:07,2023-09-09 21:19:08
446,146,73,5,398.93,266.68,1727.97,2023-10-02 17:25:33,2023-10-07 22:52:09
447,146,110,5,421.44,542.32,1564.88,2024-03-08 16:36:33,2024-03-12 00:18:41
448,146,83,1,319.85,75.17,244.68,2023-07-05 12:41:10,2023-07-12 07:10:08
449,147,113,4,110.28,92.42,348.70,2023-03-10 16:21:38,2023-03-17 07:56:02
450,147,35,1,195.32,20.84,174.48,2024-02-07 05:12:12,2024-02-07 21:05:02
451,148,3,3,104.69,20.31,293.76,2024-11-22 11:59:28,2024-11-27 19:19:05
452,148,101,5,18.75,20.76,72.99,2025-10-20 07:33:02,2025-10-22 23:28:52
453,148,79,3,242.98,208.93,520.01,2023-01-01 15:07:53,2023-01-07 10:27:42
454,148,51,3,461.00,111.71,1271.29,2024-04-30 17:57:03,2024-05-05 22:32:52
455,149,54,4,204.91,43.54,776.10,2025-03-25 18:15:19,2025-03-31 20:43:00
456,150,71,2,293.63,151.30,435.96,2024-11-08 15:05:18,2024-11-14 14:42:01
457,150,102,3,325.41,220.37,755.86,2023-09-10 17:14:32,2023-09-16 06:46:29
458,151,85,2,404.91,238.18,571.64,2025-09-08 10:03:25,2025-09-11 21:40:44
459,151,31,5,408.87,34.10,2010.25,2025-09-08 04:47:25,2025-09-11 20:47:19
460,151,106,5,474.93,525.85,1848.80,2024-01-13 20:31:04,2024-01-15 19:00:12
461,152,46,5,23.67,1.41,116.94,2024-06-25 06:00:19,2024-06-27 13:24:15
462,152,3,2,216.88,65.18,368.58,2024-06-14 02:43:29,2024-06-19 12:37:33
463,152,117,5,349.18,385.34,1360.56,2025-07-15 07:01:28,2025-07-17 13:44:32
464,153,95,3,342.04,174.19,851.93,2025-01-19 04:18:24,2025-01-25 10:52:43
465,153,97,2,236.79,77.45,396.13,2023-05-24 12:34:35,2023-05-30 05:16:53
466,154,43,4,246.44,110.23,875.53,2024-12-05 08:22:43,2024-12-10 18:44:22
467,155,109,2,336.39,23.37,649.41,2023-06-09 10:13:16,2023-06-13 15:27:45
468,155,33,2,247.13,109.33,384.93,2025-07-20 18:39:35,2025-07-23 17:21:54
469,155,52,4,187.88,133.01,618.51,2024-03-10 11:38:44,2024-03-14 11:51:48
470,155,43,1,173.44,39.04,134.40,2023-05-11 07:09:05,2023-05-15 14:44:48
471,155,90,2,331.34,35.28,627.40,2025-11-19 21:15:28,2025-11-19 23:44:20
472,156,44,5,256.74,261.95,1021.75,2023-05-09 00:26:01,2023-05-09 14:04:33
473,157,22,2,97.11,53.00,141.22,2023-12-07 03:22:03,2023-12-10 06:55:18
474,157,10,3,29.68,16.19,72.85,2023-05-07 16:31:11,2023-05-09 03:38:23
475,157,99,3,77.05,39.52,191.63,2025-07-24 03:30:58,2025-07-30 00:17:40
476,158,115,4,462.73,153.68,1697.24,2025-07-25 07:56:04,2025-07-26 04:55:59
477,159,85,5,283.70,230.27,1188.23,2025-08-17 19:02:45,2025-08-20 11:58:15
478,159,119,5,237.50,260.91,926.59,2025-05-29 18:28:29,2025-05-31 11:09:14
479,160,106,2,429.03,239.75,618.31,2025-10-20 06:33:04,2025-10-23 20:26:54
480,160,27,4,120.15,69.27,411.33,2025-06-06 21:41:53,2025-06-12 11:51:22
481,160,53,3,496.11,341.22,1147.11,2024-03-25 19:13:29,2024-03-30 19:08:06
482,160,102,1,478.67,137.83,340.84,2025-07-04 15:47:08,2025-07-11 10:05:43
483,161,1,5,85.46,72.59,354.71,2024-07-31 22:31:26,2024-08-01 02:31:41
484,161,58,2,382.19,50.74,713.64,2023-01-08 05:46:01,2023-01-09 11:31:00
485,161,42,4,160.50,119.78,522.22,2023-02-20 21:55:54,2023-02-25 14:28:16
486,161,8,3,237.02,199.13,511.93,2025-10-01 07:51:28,2025-10-03 22:17:48
487,162,84,2,16.52,1.15,31.89,2024-01-22 06:23:48,2024-01-24 10:29:44
488,163,77,4,151.75,145.70,461.30,2024-04-13 05:24:23,2024-04-19 17:49:31
489,163,1,5,286.20,182.39,1248.61,2023-05-23 22:08:30,2023-05-24 02:27:51
490,163,86,5,368.64,409.31,1433.89,2024-09-21 13:15:02,2024-09-26 16:34:39
491,164,10,4,51.71,25.71,181.13,2025-09-18 09:54:56,2025-09-20 05:10:43
492,164,36,2,382.58,123.11,642.05,2023-08-13 04:02:33,2023-08-19 03:35:44
493,164,22,5,53.81,8.08,260.97,2023-11-29 19:53:36,2023-12-05 01:32:14
494,164,26,1,66.15,13.50,52.65,2023-08-07 19:36:10,2023-08-07 19:56:52
495,165,84,5,333.55,433.11,1234.64,2024-04-12 12:27:30,2024-04-12 13:17:38
496,165,111,4,454.54,318.06,1500.10,2023-11-19 12:30:10,2023-11-24 13:30:06
497,165,71,1,19.91,4.46,15.45,2023-11-29 17:18:13,2023-11-30 00:19:07
498,165,93,1,248.43,68.63,179.80,2023-07-08 16:30:47,2023-07-15 16:23:52
499,166,1,2,40.69,4.07,77.31,2024-12-21 23:57:39,2024-12-27 17:57:44
500,166,12,2,494.60,72.43,916.77,2025-03-11 08:48:18,2025-03-16 03:14:17
501,167,95,4,498.99,291.18,1704.78,2025-09-28 00:42:31,2025-10-01 14:16:59
502,167,39,4,43.66,35.84,138.80,2024-02-04 06:42:30,2024-02-07 15:29:09
503,167,72,1,406.46,104.08,302.38,2024-03-15 08:53:17,2024-03-16 08:40:57
504,168,47,1,408.83,76.84,331.99,2025-09-15 21:59:37,2025-09-18 18:47:43
505,168,11,4,167.12,35.09,633.39,2023-05-03 22:04:19,2023-05-06 15:38:52
506,168,60,2,288.08,99.11,477.05,2024-12-18 03:14:38,2024-12-19 03:26:52
507,169,97,1,237.13,48.28,188.85,2025-07-16 20:12:32,2025-07-22 15:29:54
508,170,66,3,102.91,42.44,266.29,2025-03-29 07:58:28,2025-04-03 21:44:48
509,170,37,1,208.20,37.97,170.23,2023-02-19 09:49:57,2023-02-22 09:21:57
510,170,4,2,448.19,233.62,662.76,2023-09-25 10:02:51,2023-09-29 08:03:45
511,170,7,5,164.71,190.39,633.16,2025-02-20 19:02:29,2025-02-23 20:12:49
512,170,45,3,301.21,216.07,687.56,2023-11-22 15:34:12,2023-11-26 10:23:29
513,171,1,4,48.04,50.92,141.24,2025-07-06 16:31:51,2025-07-13 11:27:18
514,171,30,1,334.35,55.24,279.11,2023-07-21 12:57:42,2023-07-25 20:43:38
515,171,6,5,218.50,159.55,932.95,2025-02-12 01:13:00,2025-02-14 15:01:11
516,172,110,1,294.35,73.91,220.44,2024-12-17 15:30:01,2024-12-20 04:48:37
517,172,66,3,188.32,167.09,397.87,2023-12-10 15:00:02,2023-12-16 12:04:17
518,172,29,2,446.22,189.91,702.53,2023-05-23 08:50:22,2023-05-23 09:51:02
519,172,65,3,50.96,1.10,151.78,2025-01-29 19:49:37,2025-02-05 07:08:36
520,173,117,3,408.15,25.08,1199.37,2024-06-11 07:16:53,2024-06-12 13:28:07
521,173,43,1,177.56,50.26,127.30,2023-07-21 05:10:37,2023-07-27 21:41:12
522,174,64,4,108.42,107.03,326.65,2024-03-05 05:51:40,2024-03-11 11:09:29
523,174,19,3,431.55,289.09,1005.56,2023-12-23 10:18:52,2023-12-30 03:14:59
524,175,66,5,188.98,256.58,688.32,2025-11-20 09:32:07,2025-11-23 16:21:21
525,175,55,1,226.16,67.72,158.44,2023-03-03 02:25:29,2023-03-09 07:06:13
526,175,100,1,172.99,1.09,171.90,2024-07-09 21:33:25,2024-07-11 15:25:48
527,175,34,1,17.86,2.81,15.05,2023-09-30 16:58:59,2023-10-03 12:31:50
528,176,30,5,199.59,246.69,751.26,2025-04-15 01:15:44,2025-04-19 07:10:38
529,177,92,4,336.91,392.50,955.14,2025-05-05 22:32:21,2025-05-07 17:29:59
530,178,23,4,219.95,187.76,692.04,2023-09-08 01:05:16,2023-09-09 16:44:25
531,179,57,3,182.38,6.55,540.59,2024-02-10 03:19:17,2024-02-16 03:11:12
532,179,5,5,274.86,337.88,1036.42,2023-08-31 14:07:59,2023-09-03 16:56:06
533,179,38,3,128.69,57.79,328.28,2024-01-30 15:18:49,2024-02-05 11:01:21
534,179,120,3,196.20,41.81,546.79,2023-10-29 02:54:38,2023-10-29 12:42:53
535,179,72,4,213.16,215.31,637.33,2023-08-08 18:24:27,2023-08-10 18:51:58
536,180,45,4,475.19,332.63,1568.13,2024-09-13 20:44:22,2024-09-16 06:40:50
537,181,23,3,118.78,106.26,250.08,2025-05-15 08:59:27,2025-05-16 18:05:07
538,181,9,5,72.08,97.52,262.88,2024-02-02 08:27:22,2024-02-03 03:07:04
539,181,109,4,47.79,33.45,157.71,2024-07-19 14:11:49,2024-07-23 05:18:03
540,181,114,2,155.34,79.74,230.94,2023-06-07 06:51:05,2023-06-13 23:28:58
541,181,70,4,358.11,393.49,1038.95,2023-05-12 09:02:34,2023-05-17 21:37:08
542,182,60,2,389.63,10.15,769.11,2024-08-19 02:00:34,2024-08-19 17:58:07
543,182,88,2,392.00,221.86,562.14,2023-06-08 10:34:41,2023-06-10 07:43:13
544,182,76,4,302.24,171.00,1037.96,2023-09-11 20:52:18,2023-09-14 06:52:19
545,183,23,5,234.45,295.38,876.87,2024-02-19 03:47:57,2024-02-19 18:43:15
546,184,24,2,374.23,84.66,663.80,2023-12-02 01:37:51,2023-12-06 03:39:34
547,184,89,2,95.09,5.59,184.59,2025-06-28 14:45:53,2025-06-29 00:28:08
548,184,49,5,371.69,476.52,1381.93,2024-03-29 16:08:23,2024-03-31 13:42:23
549,185,10,3,267.11,196.61,604.72,2023-05-17 07:20:02,2023-05-17 23:54:39
550,185,113,2,400.84,176.46,625.22,2023-03-01 13:39:40,2023-03-02 05:13:00
551,185,65,1,163.70,47.97,115.73,2024-03-03 22:52:55,2024-03-04 01:00:05
552,185,103,5,252.10,160.16,1100.34,2023-11-14 04:57:42,2023-11-17 17:43:42
553,186,19,3,56.80,35.31,135.09,2025-01-21 07:13:18,2025-01-23 15:24:06
554,186,87,3,12.95,0.42,38.43,2024-12-26 20:53:04,2024-12-27 03:48:51
555,187,8,2,170.15,90.60,249.70,2024-03-28 14:04:24,2024-03-28 21:26:21
556,187,50,4,307.50,149.13,1080.87,2024-11-21 13:35:20,2024-11-24 02:54:35
557,187,86,3,200.11,146.72,453.61,2024-06-08 05:33:54,2024-06-09 13:42:45
558,187,40,5,335.88,259.69,1419.71,2024-03-04 02:31:23,2024-03-09 02:46:29
559,188,82,4,496.32,546.84,1438.44,2025-09-06 09:40:36,2025-09-10 02:22:53
560,189,32,5,67.02,63.79,271.31,2023-11-12 15:15:55,2023-11-15 14:44:07
561,189,34,3,307.05,106.17,814.98,2024-08-06 19:38:51,2024-08-13 04:41:19
562,189,78,4,372.18,186.11,1302.61,2024-05-07 22:36:43,2024-05-14 01:56:40
563,189,105,4,436.23,336.68,1408.24,2025-03-12 06:42:39,2025-03-16 14:22:54
564,190,36,4,134.55,101.07,437.13,2023-01-30 01:20:48,2023-02-04 04:36:25
565,190,61,2,165.78,17.75,313.81,2025-01-17 09:10:56,2025-01-20 00:27:41
566,190,43,4,342.41,43.52,1326.12,2024-05-09 05:17:59,2024-05-11 12:01:34
567,190,71,1,490.33,75.26,415.07,2023-08-01 20:25:21,2023-08-06 06:25:22
568,190,15,3,489.97,75.89,1394.02,2023-07-01 12:24:54,2023-07-01 16:52:09
569,191,37,4,169.48,104.87,573.05,2023-11-03 15:53:19,2023-11-10 05:57:01
570,191,61,3,364.78,322.11,772.23,2023-05-23 13:18:08,2023-05-23 21:46:50
571,191,15,4,415.52,167.35,1494.73,2025-08-17 09:37:45,2025-08-19 01:05:11
572,192,45,2,257.23,120.90,393.56,2025-07-31 23:42:11,2025-08-06 10:56:15
573,192,117,1,265.71,27.64,238.07,2024-11-01 05:42:09,2024-11-07 22:52:10
574,193,3,3,455.93,386.95,980.84,2025-05-04 20:09:21,2025-05-06 20:40:35
575,193,107,5,217.65,74.89,1013.36,2025-06-18 07:44:27,2025-06-22 18:38:37
576,193,77,2,369.36,99.24,639.48,2023-12-12 19:44:39,2023-12-15 19:27:33
577,193,86,1,133.90,36.52,97.38,2024-01-30 19:01:40,2024-01-31 22:25:44
578,193,58,5,457.73,388.68,1899.97,2023-08-03 13:32:47,2023-08-07 18:14:02
579,194,75,1,222.93,47.91,175.02,2025-10-01 04:07:00,2025-10-05 03:11:12
580,194,114,1,489.02,9.63,479.39,2023-04-22 07:53:44,2023-04-26 20:12:49
581,195,99,5,279.02,112.99,1282.11,2023-01-05 00:47:11,2023-01-06 16:50:09
582,196,9,1,52.17,13.73,38.44,2023-04-30 11:03:17,2023-05-03 11:44:12
583,196,42,2,171.69,56.29,287.09,2025-09-19 17:46:17,2025-09-23 20:43:39
584,197,6,3,78.41,20.69,214.54,2023-05-29 09:35:10,2023-06-04 10:20:26
585,197,1,3,191.05,28.31,544.84,2023-09-04 01:00:39,2023-09-05 21:55:47
586,198,32,3,38.87,27.33,89.28,2025-08-02 21:54:41,2025-08-05 02:09:36
587,199,46,1,229.95,57.79,172.16,2024-11-14 16:36:43,2024-11-15 05:20:08
588,199,4,3,485.79,159.92,1297.45,2023-10-09 22:11:08,2023-10-13 19:46:57
589,200,69,2,454.87,157.81,751.93,2023-04-30 14:33:13,2023-05-05 16:03:03
590,200,93,1,299.96,57.19,242.77,2024-02-06 16:22:43,2024-02-12 11:56:56
591,200,46,1,159.32,14.34,144.98,2023-01-27 22:25:50,2023-01-28 02:06:55
592,200,15,4,140.00,147.91,412.09,2023-10-26 02:00:40,2023-10-29 00:44:04
593,201,114,3,54.82,7.01,157.45,2025-02-07 05:52:09,2025-02-09 11:51:24
594,201,106,3,192.05,5.58,570.57,2025-06-08 19:40:21,2025-06-09 14:41:11
595,201,15,5,69.60,0.29,347.71,2025-10-14 19:44:01,2025-10-18 11:59:09
596,201,110,2,450.09,171.04,729.14,2024-05-06 20:12:37,2024-05-12 11:47:40
597,201,35,2,133.37,61.45,205.29,2023-09-07 05:20:39,2023-09-08 06:45:38
598,202,46,4,177.27,199.26,509.82,2023-04-07 11:07:20,2023-04-09 09:46:32
599,202,35,1,32.56,4.40,28.16,2025-04-10 00:45:41,2025-04-10 15:04:19
600,202,92,4,27.82,2.45,108.83,2024-01-19 17:54:11,2024-01-19 19:39:02
601,202,25,2,286.42,31.62,541.22,2025-03-10 14:28:08,2025-03-12 09:51:38
602,202,31,4,171.10,152.39,532.01,2024-11-30 12:03:43,2024-12-04 12:17:51
603,203,56,5,390.73,28.25,1925.40,2023-09-01 19:23:33,2023-09-05 18:07:28
604,203,58,3,242.02,56.00,670.06,2023-07-16 07:06:06,2023-07-17 21:43:47
605,203,40,5,129.47,40.49,606.86,2023-11-13 03:15:40,2023-11-19 10:52:55
606,203,7,3,263.78,165.02,626.32,2025-10-01 12:48:39,2025-10-02 12:57:13
607,203,97,2,22.06,2.27,41.85,2024-11-01 16:46:35,2024-11-03 11:21:35
608,204,83,5,7.11,4.05,31.50,2023-08-18 23:39:04,2023-08-25 14:57:17
609,205,3,2,158.10,25.47,290.73,2025-08-19 15:14:27,2025-08-24 16:44:01
610,206,59,1,156.86,28.71,128.15,2024-06-28 20:12:03,2024-07-04 23:44:13
611,206,28,4,223.38,266.31,627.21,2024-12-06 13:09:42,2024-12-12 19:21:15
612,206,111,4,400.37,237.69,1363.79,2023-11-16 04:39:25,2023-11-20 20:46:16
613,207,71,5,156.28,13.90,767.50,2024-05-16 05:15:00,2024-05-17 22:06:06
614,208,48,3,46.49,36.53,102.94,2023-06-29 00:48:47,2023-07-01 20:39:41
615,208,17,1,126.70,37.85,88.85,2024-06-18 12:43:12,2024-06-22 19:37:52
616,209,73,2,392.77,92.13,693.41,2024-02-29 00:12:43,2024-03-06 13:31:18
617,210,81,5,169.55,38.67,809.08,2025-05-31 16:01:43,2025-06-01 02:06:50
618,210,51,4,73.05,37.89,254.31,2023-07-06 06:20:10,2023-07-11 11:30:04
619,210,88,5,377.49,389.33,1498.12,2025-06-28 03:39:42,2025-07-05 00:40:55
620,210,111,3,477.01,404.05,1026.98,2023-10-23 05:06:15,2023-10-27 02:02:54
621,211,25,5,484.22,265.88,2155.22,2025-10-31 17:50:04,2025-11-03 11:56:17
622,211,73,4,140.04,156.16,404.00,2023-01-04 23:46:20,2023-01-08 12:38:22
623,211,81,3,254.57,44.79,718.92,2023-04-03 20:48:36,2023-04-07 10:38:39
624,212,8,1,377.49,54.84,322.65,2023-10-22 21:01:37,2023-10-29 17:25:11
625,212,110,5,409.79,523.67,1525.28,2024-04-30 00:34:12,2024-05-01 09:27:08
626,212,40,1,326.06,74.13,251.93,2024-03-24 10:55:44,2024-03-28 16:45:59
627,213,94,4,36.88,24.66,122.86,2023-09-07 01:20:56,2023-09-07 07:02:07
628,213,27,1,238.00,7.01,230.99,2024-07-20 22:36:37,2024-07-23 08:12:00
629,213,2,2,69.70,33.41,105.99,2024-08-21 22:43:26,2024-08-25 06:44:24
630,214,93,1,425.86,11.07,414.79,2025-04-28 21:06:01,2025-05-02 23:42:25
631,214,42,3,192.67,11.48,566.53,2023-07-17 03:30:18,2023-07-18 23:40:03
632,214,26,2,261.63,27.23,496.03,2024-01-02 03:04:39,2024-01-03 16:06:20
633,214,44,5,342.78,166.37,1547.53,2025-03-15 09:54:00,2025-03-18 18:24:29
634,215,56,2,9.70,2.30,17.10,2023-04-20 05:48:22,2023-04-25 21:29:29
635,216,94,5,227.30,152.63,983.87,2024-09-15 08:48:54,2024-09-18 00:59:18
636,216,97,5,419.63,362.13,1736.02,2025-01-19 18:08:34,2025-01-26 15:53:12
637,216,8,3,57.19,29.04,142.53,2025-01-05 23:27:35,2025-01-10 21:08:27
638,217,33,1,309.87,72.74,237.13,2023-10-09 04:22:08,2023-10-13 15:32:48
639,217,111,1,351.02,89.52,261.50,2025-05-25 11:10:37,2025-05-27 07:28:35
640,218,31,1,39.30,4.49,34.81,2025-01-13 11:06:44,2025-01-18 17:25:01
641,218,99,5,433.54,176.19,1991.51,2023-12-17 02:15:43,2023-12-23 06:23:32
642,218,26,2,327.93,88.54,567.32,2023-01-04 22:21:59,2023-01-10 01:59:34
643,218,1,2,139.45,17.04,261.86,2025-01-06 04:08:38,2025-01-12 14:07:14
644,218,61,5,261.91,379.00,930.55,2025-10-04 01:47:14,2025-10-06 17:18:19
645,219,32,2,375.46,144.84,606.08,2025-01-18 00:00:18,2025-01-23 18:27:51
646,219,18,1,140.21,21.03,119.18,2025-02-21 21:40:46,2025-02-23 13:18:42
647,219,91,4,110.02,125.26,314.82,2023-02-02 13:11:31,2023-02-09 04:58:38
648,219,114,4,31.62,5.46,121.02,2023-03-22 14:06:43,2023-03-26 06:04:17
649,219,34,5,189.25,39.30,906.95,2024-09-04 22:54:53,2024-09-05 06:11:56
650,220,58,5,163.37,98.95,717.90,2023-11-29 23:12:44,2023-12-04 22:29:09
651,220,47,4,60.13,23.13,217.39,2025-03-15 10:57:33,2025-03-17 17:05:33
652,221,88,3,444.24,174.10,1158.62,2025-02-23 10:07:00,2025-02-23 15:02:55
653,221,104,2,374.84,49.73,699.95,2024-12-08 08:30:23,2024-12-08 21:42:56
654,221,98,3,313.47,29.75,910.66,2023-06-14 18:57:33,2023-06-17 07:23:40
655,222,49,1,114.39,3.40,110.99,2023-03-17 08:37:34,2023-03-22 09:00:15
656,222,77,1,252.94,50.89,202.05,2023-08-08 07:38:27,2023-08-13 08:56:34
657,222,34,1,249.64,17.22,232.42,2023-01-15 05:13:56,2023-01-20 23:08:33
658,222,80,1,119.26,16.77,102.49,2025-04-19 06:02:04,2025-04-22 23:35:00
659,222,36,3,497.48,48.26,1444.18,2023-08-02 03:04:10,2023-08-07 11:01:27
660,223,78,3,391.48,321.82,852.62,2023-10-31 21:05:44,2023-11-05 07:53:03
661,224,111,2,232.42,39.70,425.14,2023-12-06 08:32:37,2023-12-08 03:39:51
662,224,10,3,485.05,64.59,1390.56,2023-03-10 10:55:04,2023-03-11 10:52:56
663,224,32,2,164.75,30.35,299.15,2023-06-01 06:31:20,2023-06-03 07:47:29
664,225,79,3,123.50,22.53,347.97,2025-09-25 20:02:21,2025-09-29 02:02:01
665,225,49,4,296.52,18.12,1167.96,2024-08-09 18:07:20,2024-08-11 02:56:33
666,226,26,4,360.18,19.04,1421.68,2024-06-18 16:27:36,2024-06-19 19:19:20
667,226,13,1,87.81,9.86,77.95,2023-07-29 09:00:06,2023-08-01 11:08:03
668,227,75,5,195.21,106.64,869.41,2024-06-16 21:15:59,2024-06-23 07:25:29
669,227,98,3,352.26,120.29,936.49,2024-08-04 22:17:20,2024-08-07 03:09:45
670,228,103,4,237.83,205.83,745.49,2023-12-22 14:03:43,2023-12-26 12:54:47
671,228,40,1,243.86,23.18,220.68,2024-12-30 00:09:27,2025-01-02 20:56:11
672,228,63,4,48.97,28.32,167.56,2023-09-24 00:22:10,2023-09-27 03:33:29
673,229,34,3,488.35,61.72,1403.33,2025-05-30 14:44:01,2025-05-31 19:32:59
674,229,25,3,131.78,107.30,288.04,2024-02-18 01:24:56,2024-02-20 11:01:54
675,229,97,1,389.22,96.78,292.44,2025-06-09 14:33:42,2025-06-15 06:50:51
676,229,44,1,478.36,135.45,342.91,2025-08-31 20:35:22,2025-08-31 23:59:35
677,230,33,4,332.04,100.18,1227.98,2024-12-03 21:45:57,2024-12-05 19:36:35
678,230,19,5,382.71,40.38,1873.17,2024-07-07 08:49:33,2024-07-10 12:56:10
679,231,36,1,445.19,70.73,374.46,2024-11-17 15:06:03,2024-11-20 21:17:47
680,231,9,1,459.75,25.06,434.69,2023-01-26 00:07:26,2023-02-01 06:33:41
681,231,75,3,343.87,160.98,870.63,2023-04-13 12:26:08,2023-04-18 03:42:54
682,231,34,4,28.62,33.95,80.53,2024-09-15 04:09:28,2024-09-21 21:09:45
683,232,89,4,193.72,100.19,674.69,2024-12-01 05:18:53,2024-12-01 17:56:21
684,232,64,4,421.56,429.39,1256.85,2025-08-22 18:12:43,2025-08-23 02:33:05
685,233,116,5,207.25,229.68,806.57,2025-03-03 11:25:15,2025-03-06 15:01:06
686,233,84,2,478.56,164.41,792.71,2024-08-25 20:05:39,2024-08-28 09:15:00
687,233,115,2,334.46,102.97,565.95,2023-02-26 11:39:11,2023-02-28 19:40:31
688,234,17,2,54.84,21.85,87.83,2025-05-29 02:50:40,2025-06-01 21:42:02
689,234,19,4,493.06,533.56,1438.68,2024-05-09 20:50:01,2024-05-16 19:50:56
690,235,43,1,64.46,13.13,51.33,2024-11-04 23:58:12,2024-11-06 21:13:16
691,236,90,4,178.82,110.49,604.79,2023-11-07 03:34:42,2023-11-11 03:23:09
692,236,48,3,93.50,39.23,241.27,2025-04-25 05:02:17,2025-04-25 10:13:18
693,236,66,5,269.17,383.09,962.76,2024-10-16 10:14:28,2024-10-21 18:22:17
694,236,5,1,497.08,45.27,451.81,2023-10-02 11:13:35,2023-10-03 11:01:20
695,237,61,2,441.96,203.92,680.00,2024-09-21 02:22:02,2024-09-22 08:36:00
696,237,99,3,222.91,40.35,628.38,2025-05-27 05:00:02,2025-05-30 09:51:54
697,237,62,5,242.49,124.45,1088.00,2025-10-20 20:13:54,2025-10-24 05:28:23
698,238,103,4,443.32,158.71,1614.57,2023-09-19 06:04:28,2023-09-21 07:24:07
699,239,98,5,104.32,27.69,493.91,2023-02-03 19:57:00,2023-02-05 23:11:09
700,240,117,3,96.00,38.57,249.43,2023-11-30 07:21:37,2023-12-07 02:08:52
701,240,57,1,239.23,53.02,186.21,2025-04-02 14:44:45,2025-04-07 02:40:08
702,241,108,1,7.29,0.07,7.22,2023-05-21 17:05:54,2023-05-24 17:15:19
703,242,65,4,333.75,75.06,1259.94,2023-01-19 22:20:33,2023-01-21 21:11:57
704,242,91,1,27.14,4.31,22.83,2024-06-23 01:13:37,2024-06-29 13:18:38
705,242,54,2,30.20,4.46,55.94,2024-07-10 11:17:16,2024-07-13 16:01:26
706,242,101,2,180.69,20.14,341.24,2024-05-24 12:07:34,2024-05-30 07:45:19
707,243,106,2,167.59,77.80,257.38,2025-11-03 03:05:31,2025-11-04 09:58:24
708,244,61,3,447.09,393.29,947.98,2023-12-17 07:12:23,2023-12-23 00:27:04
709,244,109,3,399.62,201.16,997.70,2024-08-02 02:45:42,2024-08-08 01:36:27
710,244,112,4,239.67,123.94,834.74,2023-06-28 05:09:53,2023-07-05 02:16:56
711,244,85,3,31.47,19.74,74.67,2025-11-22 11:14:25,2025-11-25 23:54:53
712,245,1,2,75.72,11.46,139.98,2023-01-01 23:56:42,2023-01-05 11:06:29
713,245,48,4,120.37,80.70,400.78,2023-07-31 18:39:54,2023-08-01 20:46:07
714,246,48,1,497.74,117.69,380.05,2023-06-05 03:37:16,2023-06-11 16:29:28
715,246,91,1,444.14,31.85,412.29,2023-02-15 17:23:04,2023-02-19 05:17:35
716,246,80,2,486.64,279.79,693.49,2024-02-20 08:21:54,2024-02-25 12:29:55
717,246,75,2,370.43,32.89,707.97,2025-06-18 20:46:10,2025-06-20 03:52:50
718,247,116,2,498.32,223.16,773.48,2024-07-23 15:31:14,2024-07-25 23:45:58
719,247,11,5,58.05,27.49,262.76,2024-04-16 08:04:50,2024-04-17 00:57:25
720,247,28,4,97.98,28.58,363.34,2023-04-18 13:38:20,2023-04-19 01:58:45
721,248,25,3,408.84,312.69,913.83,2023-08-19 19:22:49,2023-08-23 04:38:38
722,248,65,5,186.96,249.06,685.74,2025-03-26 12:52:22,2025-03-28 12:01:45
723,248,83,4,9.27,4.19,32.89,2025-07-27 15:55:31,2025-08-01 15:49:49
724,248,56,5,302.16,9.98,1500.82,2025-11-14 17:02:13,2025-11-21 03:52:25
725,249,50,1,119.24,17.45,101.79,2023-01-26 05:46:15,2023-01-30 14:35:02
726,249,85,1,200.47,18.14,182.33,2024-02-17 11:40:49,2024-02-19 06:23:48
727,249,7,4,13.48,6.56,47.36,2024-11-18 07:56:59,2024-11-20 14:20:17
728,249,103,2,79.02,31.35,126.69,2024-03-26 22:20:18,2024-04-02 19:25:59
729,249,108,1,378.15,54.79,323.36,2023-06-08 22:02:48,2023-06-09 18:10:00
730,250,39,1,62.35,2.07,60.28,2025-02-03 12:18:46,2025-02-08 04:32:15
731,250,18,1,439.84,24.66,415.18,2023-06-15 07:22:14,2023-06-19 21:35:38
732,250,63,3,204.77,156.30,458.01,2025-09-13 13:10:30,2025-09-17 12:13:45
733,250,67,2,32.19,8.88,55.50,2024-12-23 02:01:56,2024-12-28 06:53:12
734,250,60,2,11.99,4.51,19.47,2023-02-26 14:25:53,2023-03-01 06:16:08
735,251,85,4,394.19,413.44,1163.32,2024-01-11 21:14:37,2024-01-14 20:03:57
736,251,114,5,433.48,70.15,2097.25,2025-11-14 19:32:29,2025-11-14 23:33:26
737,251,62,4,163.73,120.78,534.14,2024-06-28 09:18:50,2024-06-30 06:51:33
738,252,72,1,213.04,1.51,211.53,2025-03-20 01:27:09,2025-03-20 23:20:44
739,252,46,2,160.56,41.63,279.49,2025-05-11 19:37:20,2025-05-12 22:50:23
740,253,13,2,496.15,223.32,768.98,2024-12-13 07:08:09,2024-12-17 04:35:15
741,254,112,4,436.32,16.94,1728.34,2025-05-03 04:11:43,2025-05-04 02:37:03
742,255,5,2,274.33,59.03,489.63,2024-12-20 00:11:43,2024-12-24 02:54:19
743,255,112,3,454.68,378.13,985.91,2023-05-20 10:26:04,2023-05-21 01:19:29
744,255,88,4,370.75,402.87,1080.13,2023-10-11 09:24:21,2023-10-14 04:27:26
745,256,35,2,85.06,27.74,142.38,2023-10-25 05:58:07,2023-10-31 16:34:51
746,256,8,3,181.67,77.01,468.00,2025-08-26 17:11:43,2025-09-01 20:49:49
747,257,17,1,420.01,117.67,302.34,2025-02-11 19:34:47,2025-02-17 01:00:06
748,257,60,1,17.93,3.04,14.89,2023-02-22 16:47:36,2023-02-24 15:09:20
749,257,92,2,130.84,29.60,232.08,2024-11-14 23:01:32,2024-11-21 12:38:11
750,257,50,5,72.36,74.83,286.97,2025-04-05 02:35:27,2025-04-08 11:37:14
751,258,53,1,469.67,20.46,449.21,2023-02-24 20:48:53,2023-03-02 08:41:51
752,258,98,3,201.39,27.23,576.94,2025-09-04 02:55:35,2025-09-05 02:26:40
753,258,47,1,246.55,16.73,229.82,2025-11-19 03:26:07,2025-11-22 05:31:54
754,259,3,5,194.23,243.54,727.61,2023-03-25 21:00:53,2023-03-26 08:05:54
755,259,69,5,367.90,468.11,1371.39,2025-10-13 10:20:06,2025-10-20 04:47:51
756,259,89,4,263.33,307.84,745.48,2025-09-15 19:01:07,2025-09-21 05:23:40
757,259,4,4,262.91,98.47,953.17,2023-08-03 03:03:16,2023-08-03 07:02:43
758,260,50,3,242.08,75.77,650.47,2023-10-27 14:35:24,2023-10-30 22:53:16
759,260,11,1,92.77,19.67,73.10,2025-05-19 07:11:28,2025-05-24 18:27:07
760,260,85,2,313.01,124.90,501.12,2024-03-27 15:42:04,2024-04-01 16:09:50
761,261,9,2,472.95,61.00,884.90,2023-12-16 01:13:45,2023-12-16 06:40:26
762,262,74,5,390.37,151.38,1800.47,2023-04-07 20:38:11,2023-04-09 00:33:09
763,262,78,2,377.54,177.26,577.82,2024-09-19 21:29:15,2024-09-22 07:38:37
764,262,7,2,187.76,41.03,334.49,2024-07-02 05:46:54,2024-07-03 01:27:01
765,262,20,2,491.70,160.37,823.03,2025-06-20 09:50:16,2025-06-21 15:22:31
766,262,93,4,42.26,16.37,152.67,2024-03-27 09:09:59,2024-03-31 20:54:22
767,263,88,1,209.46,1.30,208.16,2025-09-30 16:51:16,2025-10-05 18:26:10
768,264,80,2,347.58,30.01,665.15,2024-02-26 08:53:41,2024-02-29 23:57:52
769,264,120,4,469.19,225.85,1650.91,2023-11-10 18:34:56,2023-11-14 02:15:08
770,265,89,3,173.65,24.39,496.56,2025-08-14 20:11:41,2025-08-19 16:35:55
771,266,120,2,327.66,62.06,593.26,2023-04-01 06:57:19,2023-04-04 18:31:36
772,266,109,2,282.48,132.79,432.17,2023-06-17 20:55:10,2023-06-22 19:45:29
773,266,53,5,482.56,448.85,1963.95,2023-08-18 14:22:36,2023-08-21 17:55:46
774,266,52,3,90.53,48.96,222.63,2025-06-24 02:02:49,2025-06-29 05:40:42
775,267,23,5,225.23,43.63,1082.52,2024-11-08 08:00:15,2024-11-08 16:52:26
776,267,3,2,33.74,18.92,48.56,2024-05-25 18:26:24,2024-05-28 20:53:33
777,267,9,1,169.43,13.21,156.22,2023-05-12 23:29:47,2023-05-13 02:41:33
778,268,56,2,130.33,51.95,208.71,2024-12-21 22:08:53,2024-12-23 15:22:34
779,268,44,3,290.25,221.05,649.70,2024-04-11 05:34:43,2024-04-17 00:50:31
780,268,85,5,457.77,677.03,1611.82,2024-08-14 19:29:14,2024-08-20 03:04:32
781,268,9,2,298.73,3.05,594.41,2023-11-26 03:15:30,2023-11-30 14:33:54
782,268,49,5,203.84,155.06,864.14,2024-04-19 04:54:25,2024-04-25 15:20:22
783,269,86,3,77.59,69.80,162.97,2023-07-24 00:50:19,2023-07-24 16:20:20
784,269,31,1,186.87,31.85,155.02,2024-06-19 23:22:42,2024-06-23 03:43:44
785,270,109,1,236.25,65.56,170.69,2023-08-11 03:30:41,2023-08-14 04:26:09
786,271,1,5,496.46,325.54,2156.76,2024-07-27 15:03:33,2024-07-27 15:15:27
787,271,20,4,126.57,5.89,500.39,2023-11-06 12:48:13,2023-11-11 12:59:35
788,271,100,4,144.64,112.55,466.01,2024-07-28 07:03:19,2024-08-01 20:20:01
789,272,2,3,63.28,21.79,168.05,2025-05-31 02:58:54,2025-06-03 13:39:21
790,272,29,2,328.99,29.79,628.19,2024-07-09 06:34:54,2024-07-12 06:10:12
791,272,106,2,483.91,223.54,744.28,2024-05-15 09:37:39,2024-05-22 01:49:57
792,272,89,4,106.43,103.46,322.26,2025-05-05 17:12:16,2025-05-12 01:34:19
793,273,98,3,410.89,196.43,1036.24,2024-09-18 14:27:56,2024-09-25 03:30:57
794,273,79,3,55.84,13.26,154.26,2023-11-02 21:55:12,2023-11-04 07:09:16
795,273,28,2,302.47,20.30,584.64,2023-04-20 13:50:30,2023-04-24 21:07:44
796,273,1,2,495.63,270.43,720.83,2025-08-22 22:00:12,2025-08-28 16:03:45
797,274,41,5,487.55,443.13,1994.62,2023-02-15 07:54:29,2023-02-19 21:23:25
798,274,62,2,6.12,2.34,9.90,2025-07-03 11:43:19,2025-07-10 02:14:47
799,274,38,3,34.82,23.74,80.72,2024-07-16 15:08:47,2024-07-22 18:03:16
800,275,89,2,41.23,11.90,70.56,2023-11-12 03:26:42,2023-11-12 22:26:10
801,275,77,4,149.03,115.58,480.54,2025-07-03 00:45:26,2025-07-09 02:23:56
802,275,12,1,482.28,37.30,444.98,2025-07-08 03:43:20,2025-07-09 00:10:49
803,276,51,3,455.71,362.97,1004.16,2023-03-08 17:00:45,2023-03-11 08:47:51
804,277,1,2,145.69,58.21,233.17,2025-10-22 21:52:19,2025-10-28 13:41:06
805,277,90,2,32.29,10.13,54.45,2025-04-16 16:37:37,2025-04-22 04:32:03
806,278,118,4,415.05,486.86,1173.34,2025-01-13 07:49:04,2025-01-16 16:28:24
807,278,31,2,25.11,4.30,45.92,2025-01-22 04:08:26,2025-01-26 02:43:40
808,278,110,3,31.70,0.32,94.78,2023-06-07 13:50:57,2023-06-09 08:22:45
809,278,3,4,395.01,228.25,1351.79,2023-04-20 00:54:21,2023-04-24 09:49:10
810,279,106,5,262.91,246.49,1068.06,2025-09-20 22:04:47,2025-09-27 14:35:46
811,279,120,2,407.14,241.42,572.86,2025-09-12 01:50:11,2025-09-14 23:04:09
812,280,32,2,13.67,6.12,21.22,2023-12-16 19:16:49,2023-12-17 01:03:13
813,280,19,3,459.76,387.92,991.36,2025-02-23 19:55:09,2025-02-26 06:54:24
814,280,81,1,406.50,85.06,321.44,2023-07-15 13:44:27,2023-07-16 11:41:41
815,281,55,4,234.70,195.67,743.13,2024-12-31 03:25:35,2025-01-04 18:49:59
816,281,33,3,481.68,181.61,1263.43,2024-04-03 06:54:52,2024-04-04 09:00:17
817,281,110,2,88.95,33.70,144.20,2023-06-08 16:05:52,2023-06-13 14:06:59
818,282,37,3,362.66,281.20,806.78,2024-11-26 17:14:53,2024-12-02 16:44:36
819,282,2,5,52.83,68.00,196.15,2024-05-06 09:00:12,2024-05-06 23:37:45
820,282,96,4,441.77,421.20,1345.88,2023-09-01 20:53:47,2023-09-07 00:34:08
821,283,40,5,293.89,305.14,1164.31,2025-06-02 13:28:38,2025-06-03 06:12:50
822,283,32,5,305.11,402.90,1122.65,2023-05-10 11:36:32,2023-05-13 05:44:13
823,284,55,2,380.32,199.07,561.57,2024-01-03 19:12:20,2024-01-09 05:45:00
824,284,84,5,47.31,29.70,206.85,2024-08-14 13:54:10,2024-08-17 00:48:49
825,284,82,3,364.59,300.00,793.77,2024-04-25 20:59:32,2024-04-26 04:02:34
826,284,97,1,102.44,15.69,86.75,2023-12-25 09:02:14,2023-12-30 10:27:15
827,285,18,2,427.10,121.62,732.58,2024-02-23 19:59:29,2024-02-29 02:57:44
828,286,41,1,202.20,25.69,176.51,2024-06-30 15:13:23,2024-07-05 05:41:09
829,286,24,3,105.36,0.26,315.82,2023-03-12 14:08:17,2023-03-18 03:35:17
830,286,93,1,291.05,68.09,222.96,2025-05-01 06:20:04,2025-05-07 01:23:19
831,287,105,3,362.71,21.60,1066.53,2025-04-25 03:52:58,2025-05-01 00:25:52
832,287,56,5,488.72,389.31,2054.29,2025-09-22 19:06:44,2025-09-24 17:00:53
833,288,29,1,128.50,14.36,114.14,2023-08-24 22:22:42,2023-08-30 11:53:50
834,288,24,2,140.21,73.92,206.50,2023-11-24 16:16:03,2023-11-28 14:46:19
835,288,91,1,400.29,33.72,366.57,2025-10-13 22:16:23,2025-10-18 20:56:53
836,288,16,5,47.00,49.72,185.28,2025-10-23 15:18:37,2025-10-25 11:43:58
837,289,21,5,475.00,281.46,2093.54,2024-02-10 13:39:35,2024-02-11 02:16:10
838,289,108,5,378.64,320.54,1572.66,2024-05-10 20:23:20,2024-05-14 09:27:44
839,289,25,4,260.16,25.25,1015.39,2025-03-02 02:58:00,2025-03-06 09:05:21
840,289,4,3,200.25,180.21,420.54,2025-04-25 22:10:07,2025-04-28 09:22:41
841,290,15,4,378.80,364.08,1151.12,2023-01-14 19:46:48,2023-01-20 21:44:59
842,290,52,4,339.34,66.02,1291.34,2025-05-17 04:27:04,2025-05-18 17:41:36
843,290,17,1,410.81,19.36,391.45,2025-08-16 18:52:07,2025-08-20 11:16:27
844,291,3,5,469.29,207.99,2138.46,2023-06-07 15:19:37,2023-06-11 14:16:55
845,292,43,1,224.97,12.03,212.94,2025-09-03 08:15:55,2025-09-08 12:49:26
846,293,106,4,109.48,50.89,387.03,2025-03-15 06:13:10,2025-03-16 12:09:16
847,293,81,3,355.54,92.47,974.15,2023-08-17 07:52:18,2023-08-21 15:03:48
848,293,98,1,336.46,12.30,324.16,2024-01-15 17:48:23,2024-01-17 03:31:22
849,294,45,3,259.50,40.03,738.47,2025-01-03 06:23:40,2025-01-05 09:46:09
850,295,87,5,289.43,41.04,1406.11,2023-09-18 03:57:01,2023-09-18 23:28:04
851,295,85,2,396.95,27.00,766.90,2025-11-06 00:05:48,2025-11-11 11:04:20
852,295,13,3,323.33,47.00,922.99,2024-09-12 01:54:41,2024-09-12 12:04:13
853,295,118,5,128.11,102.88,537.67,2023-05-22 19:14:07,2023-05-25 05:31:42
854,295,83,4,270.55,224.86,857.34,2025-05-20 17:22:39,2025-05-27 04:42:39
855,296,52,4,249.67,26.70,971.98,2023-06-30 10:24:08,2023-07-01 23:40:41
856,296,21,1,200.64,50.22,150.42,2025-07-17 20:04:44,2025-07-20 00:05:56
857,296,81,2,100.18,12.82,187.54,2024-01-18 05:00:52,2024-01-19 12:47:56
858,297,45,2,152.18,75.43,228.93,2023-02-21 18:55:12,2023-02-28 16:54:45
859,297,37,3,456.02,300.89,1067.17,2025-03-29 16:55:05,2025-04-02 19:58:31
860,298,12,5,187.75,217.45,721.30,2023-05-04 21:38:56,2023-05-08 01:58:58
861,298,80,1,237.74,47.89,189.85,2023-06-19 14:59:04,2023-06-23 08:26:40
862,298,92,2,417.73,165.94,669.52,2025-04-25 10:11:17,2025-04-27 00:47:26
863,298,77,1,20.52,1.64,18.88,2023-07-26 10:46:44,2023-07-29 08:02:28
864,298,83,2,257.41,47.30,467.52,2025-05-25 12:59:25,2025-05-27 06:21:38
865,299,9,5,377.89,316.17,1573.28,2024-07-23 14:04:07,2024-07-25 12:43:51
866,300,8,5,82.95,4.24,410.51,2025-07-23 14:07:46,2025-07-30 09:11:44
867,300,39,5,12.81,12.12,51.93,2024-04-27 15:02:35,2024-05-02 20:44:55
868,300,76,4,274.89,212.57,886.99,2023-05-18 19:07:36,2023-05-19 14:14:18
869,300,50,1,28.09,6.24,21.85,2023-05-12 04:22:57,2023-05-18 05:02:08
870,300,25,4,491.14,335.08,1629.48,2025-06-06 11:54:22,2025-06-09 04:01:12
871,301,115,3,294.01,109.50,772.53,2023-01-18 11:26:48,2023-01-24 03:31:54
872,301,119,1,62.12,11.83,50.29,2024-06-30 02:03:01,2024-07-06 11:57:50
873,301,77,4,187.59,51.14,699.22,2024-02-13 23:11:24,2024-02-14 08:46:08
874,301,54,1,92.38,17.64,74.74,2025-02-28 06:27:38,2025-03-03 18:11:38
875,301,46,3,25.23,12.47,63.22,2023-04-11 18:53:24,2023-04-17 09:52:49
876,302,45,1,407.96,51.82,356.14,2024-01-13 09:48:17,2024-01-15 21:03:29
877,302,63,5,82.55,28.29,384.46,2024-07-30 04:17:27,2024-08-01 07:50:17
878,302,14,5,170.34,98.14,753.56,2024-10-18 04:27:32,2024-10-23 01:21:42
879,302,81,5,440.05,326.20,1874.05,2023-02-17 16:49:59,2023-02-21 14:35:59
880,303,86,2,377.52,15.08,739.96,2025-04-04 11:06:52,2025-04-07 18:31:55
881,303,63,2,317.77,65.29,570.25,2025-07-25 03:50:46,2025-07-27 09:22:03
882,303,65,1,181.52,29.45,152.07,2023-07-31 00:36:33,2023-08-06 01:47:00
883,304,47,4,188.56,9.14,745.10,2024-09-02 06:21:05,2024-09-06 19:03:47
884,305,88,5,358.37,85.00,1706.85,2023-07-18 04:42:47,2023-07-21 09:48:50
885,305,54,2,304.97,97.03,512.91,2024-09-02 07:06:10,2024-09-03 07:31:35
886,306,3,2,114.99,10.57,219.41,2024-03-08 01:42:46,2024-03-13 03:44:21
887,306,47,2,270.09,37.98,502.20,2023-06-05 00:17:24,2023-06-10 04:05:39
888,306,8,4,320.57,114.64,1167.64,2023-09-28 05:05:16,2023-10-04 17:05:48
889,307,112,3,291.44,25.22,849.10,2023-11-11 16:00:25,2023-11-14 01:40:41
890,307,75,2,223.00,19.56,426.44,2025-05-23 23:27:37,2025-05-25 04:51:43
891,307,49,3,68.26,1.83,202.95,2024-07-30 18:15:06,2024-08-01 02:46:08
892,307,59,3,53.04,43.43,115.69,2024-05-09 11:15:39,2024-05-12 06:03:51
893,307,70,5,87.19,91.70,344.25,2023-08-13 17:57:44,2023-08-14 01:41:29
894,308,88,5,170.15,201.57,649.18,2024-03-24 22:29:58,2024-03-27 16:12:37
895,308,85,3,303.80,167.75,743.65,2024-06-06 12:55:34,2024-06-07 21:12:00
896,308,108,3,224.13,71.89,600.50,2023-06-03 15:52:04,2023-06-03 22:42:32
897,309,14,5,264.67,21.97,1301.38,2025-04-12 13:19:51,2025-04-15 07:48:15
898,309,74,3,395.04,316.45,868.67,2024-06-08 19:05:53,2024-06-12 09:02:52
899,309,20,4,252.33,97.70,911.62,2023-02-10 18:49:12,2023-02-12 02:45:54
900,309,85,5,307.03,432.08,1103.07,2025-06-01 03:23:24,2025-06-04 22:24:49
901,310,57,4,347.57,203.19,1187.09,2023-01-12 00:22:22,2023-01-17 09:26:30
902,310,76,1,94.06,6.83,87.23,2023-05-20 11:30:06,2023-05-26 20:41:53
903,310,95,2,443.43,4.87,881.99,2025-08-19 06:53:03,2025-08-23 10:21:59
904,310,20,3,374.40,317.68,805.52,2024-03-30 06:45:59,2024-04-05 09:47:50
905,310,99,1,35.71,2.08,33.63,2025-04-26 09:43:11,2025-05-01 08:35:50
906,311,79,1,497.39,36.82,460.57,2024-05-28 06:11:48,2024-06-02 02:41:17
907,311,18,3,324.06,272.26,699.92,2024-03-01 19:08:36,2024-03-02 10:49:01
908,311,9,1,454.04,83.63,370.41,2025-09-10 04:35:48,2025-09-15 12:58:55
909,311,2,1,39.96,5.37,34.59,2024-12-11 12:55:33,2024-12-14 18:36:05
910,312,44,3,285.27,2.62,853.19,2024-08-29 22:02:52,2024-09-03 02:26:46
911,313,76,5,350.48,158.89,1593.51,2025-07-22 23:09:49,2025-07-23 19:29:21
912,313,59,4,392.17,273.55,1295.13,2025-05-13 22:26:48,2025-05-20 21:12:22
913,313,55,1,172.71,22.75,149.96,2025-09-25 14:01:24,2025-09-28 12:21:36
914,313,46,4,242.53,196.62,773.50,2024-11-15 03:32:13,2024-11-20 16:20:08
915,313,50,3,43.66,13.15,117.83,2025-05-17 13:39:00,2025-05-18 09:18:06
916,314,118,4,481.42,52.39,1873.29,2024-01-27 18:31:04,2024-01-29 13:30:24
917,314,13,1,291.37,53.34,238.03,2024-07-15 05:27:20,2024-07-17 05:42:36
918,314,78,1,266.97,46.05,220.92,2025-04-26 21:38:09,2025-04-29 21:43:30
919,315,23,4,344.67,150.05,1228.63,2024-05-10 21:10:56,2024-05-11 00:21:41
920,315,20,5,497.64,424.52,2063.68,2023-05-05 19:27:24,2023-05-06 22:50:21
921,315,68,1,469.88,24.92,444.96,2023-10-01 07:12:36,2023-10-07 06:11:34
922,315,112,4,161.06,161.75,482.49,2024-08-20 01:13:43,2024-08-20 02:56:55
923,315,7,1,281.13,38.86,242.27,2024-03-05 02:33:27,2024-03-11 16:52:43
924,316,29,5,404.25,260.28,1760.97,2023-03-15 09:03:26,2023-03-20 11:20:33
925,317,67,2,195.50,0.14,390.86,2025-09-02 04:57:35,2025-09-08 03:42:39
926,317,101,2,104.57,43.78,165.36,2024-09-18 10:30:23,2024-09-21 11:16:11
927,317,74,2,394.99,220.42,569.56,2024-03-14 01:30:24,2024-03-19 12:00:39
928,317,81,4,102.66,40.28,370.36,2025-08-04 17:15:03,2025-08-11 13:39:47
929,317,46,1,26.28,0.42,25.86,2025-07-29 16:24:41,2025-08-01 23:26:46
930,318,87,1,415.93,89.87,326.06,2023-10-16 13:46:01,2023-10-18 09:46:33
931,318,26,3,92.43,32.35,244.94,2024-07-21 14:38:50,2024-07-27 09:00:08
932,318,68,2,298.05,1.88,594.22,2023-06-05 10:04:32,2023-06-08 12:33:31
933,318,67,2,372.07,99.20,644.94,2023-07-09 15:33:00,2023-07-11 13:58:56
934,319,23,3,469.89,281.08,1128.59,2024-01-16 00:36:20,2024-01-22 15:27:21
935,319,16,3,316.91,135.18,815.55,2025-07-11 07:38:36,2025-07-13 11:28:38
936,319,48,5,232.05,36.94,1123.31,2025-01-06 09:18:43,2025-01-07 17:44:26
937,319,98,4,136.89,12.90,534.66,2024-02-17 06:51:24,2024-02-18 03:22:17
938,320,104,5,369.17,382.75,1463.10,2024-09-01 03:02:32,2024-09-02 18:35:57
939,320,90,2,186.39,71.08,301.70,2025-01-27 00:03:55,2025-01-27 17:18:06
940,321,1,3,267.80,96.47,706.93,2024-02-24 18:13:49,2024-02-28 02:20:28
941,321,48,3,115.00,41.05,303.95,2023-07-20 10:02:31,2023-07-27 06:04:03
942,322,37,2,74.97,29.05,120.89,2023-08-01 12:40:23,2023-08-07 23:28:48
943,322,3,4,226.41,159.29,746.35,2023-05-22 16:04:07,2023-05-22 20:03:49
944,323,24,3,198.79,3.13,593.24,2024-08-01 21:19:02,2024-08-05 18:37:59
945,323,27,3,288.72,184.19,681.97,2024-10-17 13:31:19,2024-10-18 12:00:47
946,323,98,2,115.13,54.66,175.60,2025-10-13 12:48:04,2025-10-17 11:03:04
947,323,14,2,217.65,21.57,413.73,2024-03-19 11:53:17,2024-03-20 02:36:12
948,323,29,1,170.26,37.16,133.10,2025-09-01 03:35:31,2025-09-02 15:32:57
949,324,76,2,239.50,24.01,454.99,2023-02-01 21:35:47,2023-02-03 03:37:23
950,324,23,3,245.64,45.79,691.13,2023-10-05 06:14:25,2023-10-05 06:28:10
951,325,51,1,262.82,22.60,240.22,2025-09-28 04:47:48,2025-10-04 14:17:16
952,325,5,5,346.54,329.98,1402.72,2025-01-21 23:17:53,2025-01-23 04:50:20
953,325,63,4,330.34,305.18,1016.18,2023-05-20 23:16:30,2023-05-21 01:51:47
954,326,40,5,421.43,45.40,2061.75,2023-05-05 21:33:04,2023-05-08 15:25:58
955,327,110,2,119.73,13.30,226.16,2023-08-06 07:21:59,2023-08-10 02:02:08
956,328,12,2,382.60,158.56,606.64,2024-09-17 11:12:47,2024-09-17 15:14:44
957,328,5,5,39.25,31.93,164.32,2025-03-13 19:13:10,2025-03-18 07:49:47
958,328,63,1,409.86,37.00,372.86,2025-09-19 06:15:13,2025-09-22 04:26:37
959,328,46,5,157.19,197.86,588.09,2023-11-01 05:53:20,2023-11-05 21:16:29
960,328,79,3,301.43,88.84,815.45,2024-09-19 06:41:10,2024-09-19 23:18:10
961,329,1,5,262.56,235.27,1077.53,2025-03-06 06:23:46,2025-03-06 17:48:11
962,329,101,5,132.26,92.20,569.10,2025-01-12 21:52:05,2025-01-17 22:43:02
963,329,43,1,153.14,44.85,108.29,2024-08-31 18:13:12,2024-09-03 15:52:30
964,330,4,2,297.82,171.51,424.13,2024-10-08 10:13:12,2024-10-09 17:14:12
965,330,105,3,400.94,321.55,881.27,2023-04-17 17:41:50,2023-04-21 23:03:54
966,330,66,3,41.83,18.40,107.09,2023-12-30 10:44:45,2024-01-03 21:26:26
967,330,106,3,364.98,219.95,874.99,2023-09-27 20:10:33,2023-09-27 22:30:47
968,331,22,3,400.06,162.10,1038.08,2023-05-05 22:23:32,2023-05-11 19:04:21
969,331,96,3,256.30,81.90,687.00,2023-08-21 00:16:37,2023-08-23 17:31:19
970,331,106,3,371.73,52.97,1062.22,2024-04-03 08:25:37,2024-04-10 05:16:10
971,331,6,2,57.15,4.56,109.74,2023-12-11 09:50:24,2023-12-17 08:37:44
972,332,76,4,202.94,124.81,686.95,2024-11-18 17:29:55,2024-11-24 18:19:55
973,332,118,5,178.23,5.58,885.57,2023-03-10 17:52:35,2023-03-16 13:37:26
974,332,103,3,331.15,222.72,770.73,2023-08-05 21:46:35,2023-08-12 10:24:17
975,333,95,3,463.03,158.42,1230.67,2025-01-26 08:16:08,2025-01-28 16:19:07
976,333,55,2,112.91,52.93,172.89,2024-04-21 04:25:17,2024-04-22 04:18:44
977,333,14,4,81.76,59.50,267.54,2023-02-25 07:25:55,2023-02-28 13:59:17
978,333,9,1,186.28,47.78,138.50,2023-05-15 03:03:37,2023-05-17 11:00:07
979,333,107,5,243.22,71.27,1144.83,2025-04-22 08:16:08,2025-04-26 09:59:16
980,334,84,1,199.06,55.05,144.01,2024-08-08 17:52:27,2024-08-10 21:11:56
981,335,82,1,149.89,3.99,145.90,2023-08-12 01:19:06,2023-08-15 04:42:40
982,335,51,4,440.80,436.15,1327.05,2023-05-10 14:28:43,2023-05-13 12:49:25
983,336,5,2,405.82,167.98,643.66,2024-12-02 10:59:51,2024-12-03 17:58:38
984,337,23,2,24.48,10.29,38.67,2024-08-07 18:42:06,2024-08-10 21:08:08
985,337,114,4,394.47,303.11,1274.77,2025-05-10 20:35:33,2025-05-12 12:01:05
986,337,81,2,77.58,6.47,148.69,2025-04-04 04:11:07,2025-04-10 14:52:08
987,337,97,5,412.17,27.18,2033.67,2023-01-15 04:10:03,2023-01-17 06:02:15
988,337,40,4,74.55,0.36,297.84,2025-06-30 11:58:29,2025-07-03 02:12:57
989,338,107,5,266.18,197.14,1133.76,2025-04-02 21:56:35,2025-04-04 11:53:47
990,339,17,4,41.80,48.18,119.02,2024-08-20 20:26:28,2024-08-26 06:39:18
991,339,49,2,485.83,123.71,847.95,2025-05-26 15:52:04,2025-05-29 03:00:42
992,339,101,4,22.12,1.63,86.85,2025-07-31 05:00:32,2025-08-01 22:25:17
993,339,36,4,499.77,510.60,1488.48,2023-10-26 05:46:18,2023-10-26 18:03:31
994,339,67,3,113.89,101.99,239.68,2025-04-03 13:41:11,2025-04-07 08:38:14
995,340,48,1,492.58,68.09,424.49,2025-01-13 02:50:25,2025-01-16 06:23:09
996,340,28,3,123.01,59.34,309.69,2024-01-28 03:04:55,2024-01-29 07:29:04
997,340,72,1,381.32,29.19,352.13,2024-08-20 04:07:08,2024-08-24 15:04:53
998,340,98,3,340.18,58.14,962.40,2025-07-17 12:11:07,2025-07-23 13:55:06
999,341,23,4,470.75,214.48,1668.52,2023-06-16 09:54:12,2023-06-22 08:09:07
1000,341,16,5,140.68,184.14,519.26,2023-10-05 13:43:41,2023-10-06 18:22:19
1001,341,103,2,46.67,12.85,80.49,2024-02-18 02:26:00,2024-02-22 18:20:52
1002,341,79,4,320.03,257.81,1022.31,2025-02-13 07:36:05,2025-02-18 14:33:42
1003,342,5,2,127.47,8.86,246.08,2025-06-13 23:19:16,2025-06-18 10:39:37
1004,342,120,5,251.38,352.75,904.15,2024-10-08 10:49:09,2024-10-15 09:00:36
1005,342,24,3,123.65,5.48,365.47,2023-09-20 11:53:55,2023-09-23 22:37:31
1006,342,93,1,448.47,6.05,442.42,2025-05-11 05:29:55,2025-05-11 10:42:54
1007,343,56,2,233.46,105.41,361.51,2024-08-05 20:44:41,2024-08-07 22:09:07
1008,343,37,1,322.41,13.34,309.07,2023-03-30 09:42:04,2023-03-31 11:35:24
1009,344,104,1,323.32,38.57,284.75,2025-06-28 06:33:07,2025-07-01 11:25:32
1010,344,62,1,24.75,0.05,24.70,2023-05-15 03:55:02,2023-05-19 19:57:36
1011,344,83,4,229.80,268.78,650.42,2023-12-01 14:15:26,2023-12-02 13:42:03
1012,344,84,3,160.31,107.80,373.13,2023-07-17 00:18:39,2023-07-19 11:19:54
1013,344,73,1,414.96,60.34,354.62,2023-02-04 17:24:22,2023-02-09 10:05:58
1014,345,8,5,66.03,94.23,235.92,2024-09-02 10:03:43,2024-09-04 10:46:07
1015,345,18,4,107.41,20.29,409.35,2025-10-20 02:51:03,2025-10-26 09:31:41
1016,345,107,5,314.69,293.95,1279.50,2024-12-15 10:29:26,2024-12-21 11:58:10
1017,345,75,3,247.12,22.70,718.66,2024-05-19 07:18:05,2024-05-22 10:34:02
1018,345,63,4,15.58,18.12,44.20,2024-10-16 11:17:27,2024-10-19 00:40:42
1019,346,45,3,285.72,109.84,747.32,2024-08-07 10:43:30,2024-08-08 23:35:31
1020,347,114,3,397.72,55.68,1137.48,2025-03-29 17:51:13,2025-03-31 11:07:59
1021,347,83,2,270.11,143.42,396.80,2024-02-27 19:09:32,2024-03-05 10:03:51
1022,348,106,5,33.18,30.91,134.99,2024-09-13 16:37:32,2024-09-16 15:41:43
1023,348,86,4,463.40,505.74,1347.86,2023-01-02 23:14:15,2023-01-06 21:22:08
1024,348,48,5,445.07,32.45,2192.90,2025-09-05 02:40:53,2025-09-10 06:39:59
1025,348,36,1,28.04,7.91,20.13,2023-05-29 05:59:18,2023-05-30 18:56:33
1026,349,71,3,364.21,170.29,922.34,2024-01-26 22:31:23,2024-01-28 21:40:28
1027,349,88,5,475.24,667.48,1708.72,2023-10-22 18:28:35,2023-10-27 14:24:46
1028,349,31,4,251.10,179.75,824.65,2023-04-13 14:58:08,2023-04-16 16:22:36
1029,350,75,5,470.41,35.68,2316.37,2023-12-24 03:04:16,2023-12-29 17:24:44
1030,350,13,3,339.65,264.17,754.78,2024-04-15 01:35:25,2024-04-18 21:50:24
1031,350,50,2,244.79,84.84,404.74,2024-11-28 18:28:35,2024-12-02 01:19:36
1032,350,114,3,185.63,141.07,415.82,2024-07-04 05:46:39,2024-07-10 11:49:53
1033,351,101,4,149.12,168.75,427.73,2025-08-08 06:16:22,2025-08-11 19:37:35
1034,351,64,2,258.29,19.61,496.97,2024-02-17 13:03:41,2024-02-19 10:36:18
1035,351,44,3,154.20,68.94,393.66,2023-06-26 00:31:21,2023-07-02 10:02:44
1036,352,44,3,269.52,240.85,567.71,2025-09-02 11:15:19,2025-09-05 11:00:01
1037,352,65,2,316.77,85.88,547.66,2024-09-21 13:23:01,2024-09-24 19:10:05
1038,352,106,5,429.70,431.30,1717.20,2023-12-15 03:00:20,2023-12-15 20:13:14
1039,353,73,5,278.08,280.26,1110.14,2025-06-08 19:15:59,2025-06-12 04:23:17
1040,353,94,2,11.42,4.37,18.47,2024-03-14 09:17:21,2024-03-20 17:55:28
1041,353,7,5,249.19,265.10,980.85,2023-05-29 00:25:01,2023-06-02 19:07:18
1042,353,89,4,218.98,160.28,715.64,2025-03-22 19:01:04,2025-03-28 03:08:35
1043,353,21,5,160.14,6.76,793.94,2024-11-01 13:23:57,2024-11-07 12:27:44
1044,354,46,3,338.23,142.16,872.53,2023-04-05 10:12:36,2023-04-06 04:27:19
1045,355,82,3,129.96,26.39,363.49,2023-05-24 16:26:35,2023-05-26 00:24:51
1046,355,103,1,207.03,18.25,188.78,2023-09-18 09:03:45,2023-09-19 02:15:12
1047,355,25,5,295.62,14.12,1463.98,2023-08-02 11:07:42,2023-08-05 17:23:04
1048,356,114,5,254.91,98.16,1176.39,2024-08-20 18:35:16,2024-08-21 04:25:19
1049,357,87,1,37.62,0.30,37.32,2023-01-15 23:16:12,2023-01-16 12:45:34
1050,357,22,1,218.95,3.66,215.29,2024-04-17 04:41:48,2024-04-19 22:45:43
1051,357,34,5,384.87,43.27,1881.08,2023-05-14 01:49:43,2023-05-20 00:39:51
1052,357,101,2,235.62,98.30,372.94,2024-08-03 12:52:05,2024-08-04 09:00:47
1053,358,88,1,74.39,7.58,66.81,2024-08-15 04:34:30,2024-08-16 10:40:33
1054,358,20,5,250.70,304.91,948.59,2023-12-08 08:38:15,2023-12-09 21:43:22
1055,359,8,1,247.37,9.77,237.60,2025-11-19 20:17:28,2025-11-25 06:12:03
1056,359,37,1,40.43,2.33,38.10,2023-11-21 14:13:13,2023-11-25 20:45:55
1057,359,7,3,375.77,171.79,955.52,2024-01-24 10:57:46,2024-01-26 06:00:26
1058,359,21,3,110.63,47.75,284.14,2023-07-28 09:16:01,2023-07-30 08:42:36
1059,359,81,1,109.07,4.12,104.95,2025-09-17 12:49:17,2025-09-20 10:06:41
1060,360,108,2,52.15,10.31,93.99,2025-03-02 14:39:01,2025-03-08 14:18:35
1061,360,17,2,248.45,112.64,384.26,2024-09-20 04:41:45,2024-09-23 21:43:20
1062,360,12,5,215.13,109.14,966.51,2025-07-26 20:19:04,2025-07-28 08:44:53
1063,360,73,2,252.75,69.16,436.34,2025-09-21 12:03:44,2025-09-27 18:33:12
1064,360,90,3,340.09,184.80,835.47,2023-07-31 09:39:13,2023-08-04 23:01:29
1065,361,104,2,490.05,271.56,708.54,2024-10-05 20:24:21,2024-10-10 03:45:07
1066,361,75,2,414.91,154.53,675.29,2025-06-22 06:23:14,2025-06-25 17:27:25
1067,362,6,4,204.45,47.43,770.37,2024-05-25 07:07:18,2024-05-29 11:29:54
1068,362,13,4,420.80,364.78,1318.42,2023-11-06 13:42:17,2023-11-06 19:20:06
1069,363,57,5,440.92,309.36,1895.24,2024-09-13 00:59:32,2024-09-19 18:47:46
1070,363,30,1,209.93,37.09,172.84,2024-12-19 20:33:44,2024-12-23 15:04:59
1071,363,12,2,302.84,48.08,557.60,2024-02-10 20:27:16,2024-02-13 04:30:04
1072,363,26,1,174.05,43.50,130.55,2024-01-23 14:20:29,2024-01-26 11:40:18
1073,363,102,3,225.80,92.11,585.29,2025-11-04 08:01:40,2025-11-07 20:29:38
1074,364,97,2,488.99,55.34,922.64,2024-03-31 03:49:11,2024-04-01 06:12:23
1075,365,76,1,284.13,69.96,214.17,2023-08-29 05:54:54,2023-09-01 18:02:13
1076,365,119,3,67.49,8.15,194.32,2023-02-06 18:58:19,2023-02-09 23:08:57
1077,365,10,1,235.46,60.97,174.49,2025-09-03 09:16:39,2025-09-05 16:33:45
1078,366,118,3,463.95,178.35,1213.50,2024-09-04 21:41:37,2024-09-08 03:00:25
1079,366,104,3,295.12,227.82,657.54,2024-10-24 13:40:04,2024-10-31 04:10:16
1080,366,37,5,221.56,248.67,859.13,2025-04-20 13:38:30,2025-04-23 08:05:15
1081,366,43,1,497.85,140.97,356.88,2025-10-16 12:26:58,2025-10-19 09:24:22
1082,367,119,2,76.44,27.24,125.64,2024-08-29 19:57:27,2024-09-03 02:16:54
1083,367,75,2,196.30,97.74,294.86,2025-07-09 10:18:48,2025-07-11 23:01:43
1084,367,45,2,226.53,44.32,408.74,2023-05-04 08:09:55,2023-05-07 00:20:24
1085,367,4,1,412.04,27.59,384.45,2023-03-10 08:29:07,2023-03-12 20:42:31
1086,368,50,3,12.20,3.39,33.21,2024-04-09 20:10:09,2024-04-12 07:13:50
1087,369,78,1,14.01,2.17,11.84,2025-05-22 14:37:09,2025-05-23 21:21:08
1088,369,63,5,326.43,149.23,1482.92,2025-05-16 18:59:16,2025-05-23 09:07:02
1089,369,66,5,97.64,37.35,450.85,2024-06-17 14:10:06,2024-06-20 10:32:24
1090,369,99,1,140.70,6.66,134.04,2024-12-08 00:58:49,2024-12-14 11:19:08
1091,370,47,2,452.27,252.06,652.48,2025-06-15 01:05:15,2025-06-16 02:23:16
1092,370,78,3,144.52,56.81,376.75,2024-08-15 10:00:04,2024-08-20 05:02:27
1093,371,62,3,266.95,73.09,727.76,2025-02-11 08:23:20,2025-02-17 03:10:13
1094,371,107,5,229.38,242.49,904.41,2024-12-16 13:21:51,2024-12-18 23:23:48
1095,371,45,4,83.58,77.06,257.26,2025-10-06 16:15:23,2025-10-08 20:11:00
1096,371,92,4,238.55,97.33,856.87,2024-11-20 07:52:17,2024-11-25 01:01:17
1097,371,48,1,18.55,3.35,15.20,2025-03-04 21:05:07,2025-03-09 09:21:00
1098,372,104,1,226.86,51.43,175.43,2024-09-19 19:35:04,2024-09-24 05:58:58
1099,373,59,5,274.57,216.93,1155.92,2024-05-24 21:01:36,2024-05-25 03:59:50
1100,373,84,5,151.00,205.71,549.29,2025-07-17 02:20:29,2025-07-19 04:11:18
1101,374,27,4,347.83,108.82,1282.50,2023-07-10 19:05:57,2023-07-11 01:40:16
1102,374,113,3,491.29,407.81,1066.06,2025-06-13 19:49:04,2025-06-16 18:13:07
1103,374,99,2,120.32,70.31,170.33,2023-03-30 12:25:16,2023-04-01 08:29:04
1104,375,23,4,448.92,234.84,1560.84,2024-09-09 13:23:12,2024-09-14 19:00:35
1105,376,48,5,178.42,260.64,631.46,2024-08-14 05:31:38,2024-08-16 17:46:51
1106,377,20,2,276.35,143.46,409.24,2024-01-28 04:31:35,2024-02-01 17:12:08
1107,377,14,2,188.94,74.49,303.39,2024-01-01 06:08:24,2024-01-04 12:46:53
1108,378,80,2,491.80,94.54,889.06,2023-08-27 01:20:18,2023-08-30 02:33:05
1109,378,103,4,418.22,352.22,1320.66,2025-01-06 19:58:40,2025-01-11 08:17:43
1110,379,57,1,202.85,52.56,150.29,2024-11-28 20:06:34,2024-12-03 21:23:21
1111,380,15,2,331.40,175.35,487.45,2025-07-26 18:21:17,2025-07-27 00:21:10
1112,380,62,3,332.28,196.14,800.70,2023-03-31 15:14:06,2023-04-06 00:52:16
1113,380,114,5,7.69,10.08,28.37,2023-02-02 19:26:05,2023-02-07 23:20:07
1114,380,90,1,338.19,63.34,274.85,2023-01-19 06:12:51,2023-01-25 13:01:18
1115,380,61,4,197.78,62.96,728.16,2024-02-11 05:43:16,2024-02-15 21:35:11
1116,381,6,5,189.41,75.27,871.78,2025-02-10 11:37:48,2025-02-12 22:53:29
1117,381,8,3,282.30,145.59,701.31,2024-04-10 18:25:16,2024-04-17 06:43:32
1118,381,104,1,171.02,50.15,120.87,2023-04-30 18:54:22,2023-05-05 09:30:09
1119,382,103,1,411.29,105.35,305.94,2024-12-08 07:12:54,2024-12-10 07:33:22
1120,383,118,3,145.79,114.82,322.55,2025-08-04 09:04:52,2025-08-04 20:39:57
1121,383,116,1,115.55,27.01,88.54,2025-09-30 19:30:55,2025-10-04 03:07:09
1122,383,73,4,125.26,149.51,351.53,2024-09-04 07:22:08,2024-09-06 07:47:50
1123,383,31,4,478.49,19.59,1894.37,2024-10-07 11:57:29,2024-10-10 10:56:32
1124,383,18,2,203.04,113.68,292.40,2023-08-05 04:42:26,2023-08-10 00:21:06
1125,384,78,4,162.81,16.13,635.11,2023-10-05 19:55:47,2023-10-09 19:18:56
1126,384,57,4,225.62,256.19,646.29,2024-07-17 07:05:17,2024-07-19 20:46:16
1127,384,38,3,193.31,134.58,445.35,2023-09-24 22:46:04,2023-09-27 19:24:42
1128,385,105,3,318.41,254.28,700.95,2024-11-23 12:49:12,2024-11-29 22:29:08
1129,385,57,2,293.12,90.38,495.86,2024-08-02 19:27:48,2024-08-03 20:24:51
1130,385,56,5,418.30,531.89,1559.61,2024-11-07 00:48:12,2024-11-10 15:37:07
1131,386,78,3,85.98,5.02,252.92,2025-01-12 08:51:24,2025-01-19 04:30:52
1132,386,67,3,94.51,55.46,228.07,2025-10-24 15:01:07,2025-10-29 13:24:17
1133,387,88,4,94.95,98.95,280.85,2023-02-28 13:25:09,2023-03-01 09:03:36
1134,387,84,3,167.21,49.66,451.97,2023-03-04 18:45:12,2023-03-07 21:45:02
1135,388,81,4,353.55,295.42,1118.78,2025-10-02 08:30:48,2025-10-03 19:05:25
1136,388,9,4,404.28,83.43,1533.69,2023-10-19 10:12:55,2023-10-24 07:29:42
1137,388,47,4,93.55,62.25,311.95,2023-10-27 19:06:34,2023-10-31 11:53:36
1138,388,92,5,460.65,199.36,2103.89,2024-03-09 20:29:46,2024-03-15 03:06:43
1139,388,30,5,298.11,260.13,1230.42,2024-12-02 12:44:57,2024-12-04 17:24:57
1140,389,59,1,98.40,9.13,89.27,2025-10-25 19:41:26,2025-10-29 20:36:46
1141,389,45,4,99.76,81.68,317.36,2023-09-14 15:00:26,2023-09-18 23:22:55
1142,389,4,5,448.33,174.59,2067.06,2025-07-06 13:06:36,2025-07-09 23:24:13
1143,389,66,5,418.98,264.96,1829.94,2023-07-04 12:54:53,2023-07-07 14:05:15
1144,390,88,2,71.62,13.21,130.03,2023-12-04 14:12:49,2023-12-07 14:05:09
1145,390,58,5,334.25,166.15,1505.10,2024-05-19 01:44:49,2024-05-21 16:48:08
1146,390,37,5,53.21,21.28,244.77,2023-01-02 17:15:49,2023-01-08 06:53:57
1147,390,26,3,470.78,243.28,1169.06,2023-08-04 04:12:54,2023-08-04 23:33:20
1148,390,117,4,378.46,427.04,1086.80,2024-07-26 12:53:25,2024-07-26 14:42:56
1149,391,84,4,50.59,23.84,178.52,2025-09-25 23:01:38,2025-09-29 13:04:03
1150,391,70,2,192.84,26.61,359.07,2025-09-27 15:22:54,2025-09-28 19:43:55
1151,392,50,4,383.34,144.62,1388.74,2024-06-15 23:03:25,2024-06-22 18:11:48
1152,392,14,4,35.95,15.76,128.04,2023-10-17 14:28:05,2023-10-18 19:20:02
1153,392,31,5,172.99,76.67,788.28,2024-07-08 09:09:19,2024-07-12 08:25:55
1154,393,51,3,254.20,17.49,745.11,2025-05-02 06:43:29,2025-05-05 04:47:58
1155,393,70,4,370.01,168.05,1311.99,2025-07-06 21:35:40,2025-07-10 21:44:04
1156,394,66,2,367.50,161.08,573.92,2024-08-05 21:23:03,2024-08-12 05:14:02
1157,394,55,4,362.53,136.90,1313.22,2023-05-26 20:32:44,2023-05-27 03:21:10
1158,395,30,3,241.21,106.53,617.10,2023-12-24 13:57:08,2023-12-27 04:10:57
1159,396,84,3,362.96,237.53,851.35,2023-10-06 04:19:12,2023-10-09 01:17:21
1160,396,31,4,250.13,88.40,912.12,2023-08-31 19:17:47,2023-09-06 05:50:33
1161,396,5,5,261.13,28.92,1276.73,2025-05-13 16:05:27,2025-05-20 05:44:12
1162,396,19,5,185.89,234.50,694.95,2024-10-15 09:40:00,2024-10-16 23:11:00
1163,397,73,3,389.22,109.07,1058.59,2023-10-07 13:27:17,2023-10-13 13:41:18
1164,397,31,4,437.65,186.70,1563.90,2024-09-16 13:13:02,2024-09-20 20:54:53
1165,398,43,1,279.77,69.99,209.78,2025-02-10 01:26:57,2025-02-13 11:34:30
1166,398,85,1,402.10,1.50,400.60,2024-08-18 09:00:44,2024-08-20 15:03:56
1167,399,46,2,166.38,3.94,328.82,2024-03-25 02:21:43,2024-03-31 08:41:16
1168,399,49,2,237.14,63.40,410.88,2023-11-13 18:49:29,2023-11-13 20:11:10
1169,400,43,5,105.07,51.57,473.78,2025-02-26 05:41:51,2025-03-01 08:22:28
1170,400,114,4,194.48,67.76,710.16,2023-04-11 08:04:22,2023-04-13 05:12:06
1171,400,49,5,216.87,125.13,959.22,2023-04-04 00:39:53,2023-04-07 20:11:47
1172,400,80,2,15.67,6.56,24.78,2025-09-03 07:55:22,2025-09-09 15:29:55
1173,401,73,1,437.10,127.27,309.83,2023-06-19 17:03:25,2023-06-23 15:05:10
1174,401,82,3,294.14,185.01,697.41,2025-03-07 18:38:45,2025-03-08 17:15:16
1175,401,17,1,187.03,16.55,170.48,2025-07-01 19:04:57,2025-07-08 07:47:36
1176,401,44,5,89.06,111.76,333.54,2025-03-10 11:46:19,2025-03-14 14:29:52
1177,401,34,1,413.68,7.75,405.93,2025-09-18 08:06:12,2025-09-22 19:05:31
1178,402,96,3,80.97,35.30,207.61,2023-03-09 11:01:05,2023-03-16 05:38:55
1179,402,22,2,298.79,27.71,569.87,2024-12-03 03:43:43,2024-12-07 20:07:10
1180,402,31,1,115.89,20.93,94.96,2025-05-02 22:08:41,2025-05-06 11:29:56
1181,402,13,3,486.39,325.11,1134.06,2025-02-16 23:24:38,2025-02-23 12:38:29
1182,402,5,4,243.51,142.72,831.32,2025-06-09 10:23:39,2025-06-12 07:32:49
1183,403,77,5,383.55,78.15,1839.60,2023-08-17 10:28:30,2023-08-22 01:06:43
1184,403,42,1,91.03,20.10,70.93,2025-06-08 21:51:38,2025-06-15 04:26:39
1185,403,34,4,28.18,11.41,101.31,2025-08-05 02:40:06,2025-08-08 06:25:36
1186,403,99,5,211.62,252.26,805.84,2023-01-18 12:36:06,2023-01-24 19:35:11
1187,403,1,3,350.24,261.54,789.18,2024-07-31 00:04:15,2024-08-02 16:30:50
1188,404,40,5,104.95,134.89,389.86,2025-06-24 05:58:50,2025-06-27 21:06:35
1189,404,111,5,371.70,361.84,1496.66,2024-02-13 15:16:37,2024-02-16 23:51:40
1190,404,79,4,410.87,219.08,1424.40,2025-09-25 22:50:22,2025-09-27 08:23:35
1191,405,50,3,468.35,136.66,1268.39,2024-09-01 13:47:51,2024-09-05 23:57:42
1192,405,86,4,344.87,307.30,1072.18,2025-05-01 19:49:38,2025-05-02 02:38:13
1193,405,55,4,223.37,183.36,710.12,2024-08-25 14:10:16,2024-08-26 19:29:48
1194,405,38,2,406.69,14.01,799.37,2025-05-31 20:52:39,2025-06-05 09:08:06
1195,406,25,5,481.77,420.41,1988.44,2023-06-15 00:56:10,2023-06-18 06:21:12
1196,407,44,2,122.03,66.49,177.57,2024-02-03 03:22:12,2024-02-04 02:39:12
1197,407,71,3,165.30,68.62,427.28,2024-02-29 12:45:34,2024-03-03 12:17:58
1198,407,82,1,32.38,0.29,32.09,2023-12-10 11:17:05,2023-12-12 22:16:34
1199,408,41,3,158.83,101.21,375.28,2023-06-07 07:48:46,2023-06-09 02:41:42
1200,408,83,3,198.14,162.58,431.84,2024-07-22 08:10:50,2024-07-27 02:37:24
1201,408,42,5,179.28,143.39,753.01,2024-08-30 08:50:55,2024-09-01 13:10:50
1202,408,39,3,289.42,201.14,667.12,2024-01-26 08:10:43,2024-01-26 17:17:38
1203,409,10,2,300.03,109.85,490.21,2023-01-23 02:56:12,2023-01-26 09:38:31
1204,409,59,3,389.01,220.67,946.36,2025-10-29 13:41:54,2025-11-02 05:00:06
1205,410,30,5,493.82,230.37,2238.73,2025-05-01 09:06:00,2025-05-07 20:03:08
1206,410,50,5,65.47,95.09,232.26,2023-11-15 00:12:06,2023-11-21 14:07:49
1207,411,62,2,374.89,188.63,561.15,2024-10-22 21:28:04,2024-10-25 12:35:15
1208,412,58,4,451.16,454.85,1349.79,2025-02-10 14:19:39,2025-02-15 14:57:33
1209,412,47,3,484.68,263.39,1190.65,2024-01-27 17:58:01,2024-01-30 02:22:32
1210,412,57,2,201.13,33.17,369.09,2025-08-12 19:23:15,2025-08-19 01:11:13
1211,412,118,1,93.20,7.78,85.42,2023-07-19 12:53:19,2023-07-21 08:29:25
1212,412,89,5,334.14,72.89,1597.81,2024-12-04 15:20:23,2024-12-07 02:21:02
1213,413,34,5,325.15,480.57,1145.18,2025-07-05 23:07:05,2025-07-08 01:46:30
1214,413,13,3,76.30,47.34,181.56,2025-01-26 20:31:14,2025-01-30 04:11:20
1215,413,103,5,144.68,20.50,702.90,2024-02-13 06:30:30,2024-02-15 16:26:13
1216,414,25,4,376.34,49.93,1455.43,2023-11-20 06:08:11,2023-11-23 04:02:33
1217,414,80,2,222.33,100.58,344.08,2024-11-18 11:51:19,2024-11-20 21:10:55
1218,414,29,1,302.48,41.43,261.05,2025-05-17 11:56:31,2025-05-24 09:51:37
1219,414,72,5,71.12,39.66,315.94,2024-09-27 13:58:35,2024-09-29 07:34:08
1220,414,51,2,325.51,92.43,558.59,2025-09-18 08:43:47,2025-09-24 06:54:16
1221,415,1,2,87.49,38.86,136.12,2025-01-12 07:12:43,2025-01-14 23:21:52
1222,415,118,5,211.53,30.81,1026.84,2025-10-21 06:09:24,2025-10-21 14:03:19
1223,415,83,4,278.85,284.09,831.31,2024-12-09 04:54:56,2024-12-13 01:18:11
1224,415,5,3,17.37,4.62,47.49,2024-12-09 05:20:03,2024-12-12 15:29:25
1225,415,39,4,315.27,129.05,1132.03,2024-02-01 14:32:45,2024-02-06 22:40:39
1226,416,42,5,432.97,486.83,1678.02,2023-06-15 18:31:24,2023-06-16 02:18:35
1227,416,35,2,410.80,33.10,788.50,2024-12-28 00:30:18,2024-12-30 23:55:02
1228,417,9,1,403.54,47.75,355.79,2025-05-30 19:21:01,2025-06-06 01:31:18
1229,417,5,2,197.75,65.16,330.34,2023-06-02 02:16:25,2023-06-05 06:24:22
1230,417,75,2,172.39,96.86,247.92,2023-02-25 20:35:23,2023-02-27 23:59:54
1231,417,14,5,85.47,17.15,410.20,2023-04-03 14:18:56,2023-04-04 01:58:50
1232,417,39,5,213.50,299.86,767.64,2024-07-25 13:19:57,2024-07-29 09:17:51
1233,418,89,4,331.70,169.22,1157.58,2023-09-08 20:52:35,2023-09-13 17:29:10
1234,418,26,3,310.64,54.12,877.80,2024-07-14 09:43:46,2024-07-17 10:55:08
1235,418,69,3,360.47,172.28,909.13,2025-08-02 03:41:48,2025-08-08 18:18:18
1236,418,57,2,339.20,63.44,614.96,2025-03-14 15:40:38,2025-03-18 08:41:09
1237,419,44,2,410.54,45.68,775.40,2023-03-13 22:27:06,2023-03-15 23:47:16
1238,419,6,1,142.69,7.17,135.52,2025-09-20 23:48:48,2025-09-21 20:01:35
1239,419,58,3,410.98,204.65,1028.29,2025-07-10 04:35:42,2025-07-14 05:32:57
1240,420,12,1,43.48,1.95,41.53,2024-02-14 06:52:17,2024-02-15 02:51:59
1241,420,72,2,37.29,8.65,65.93,2024-08-31 07:25:50,2024-09-02 02:16:44
1242,420,50,5,318.59,460.79,1132.16,2024-11-11 23:36:54,2024-11-16 10:40:38
1243,421,106,1,495.71,27.06,468.65,2023-01-18 14:55:24,2023-01-21 12:17:47
1244,421,81,2,369.10,215.62,522.58,2025-01-16 18:19:03,2025-01-21 16:07:51
1245,422,3,2,382.32,107.63,657.01,2025-06-10 03:19:07,2025-06-15 04:35:48
1246,423,12,4,172.08,92.99,595.33,2023-08-03 02:04:43,2023-08-07 15:30:41
1247,424,24,4,373.02,146.64,1345.44,2023-01-15 19:46:11,2023-01-18 21:22:43
1248,425,54,3,428.65,86.39,1199.56,2025-01-07 15:58:26,2025-01-10 00:30:15
1249,425,78,3,159.76,28.85,450.43,2024-10-02 06:24:05,2024-10-05 05:37:56
1250,425,99,5,426.21,11.57,2119.48,2024-11-25 04:10:46,2024-11-26 09:43:47
1251,425,21,1,90.98,7.45,83.53,2024-01-24 11:40:35,2024-01-27 05:16:46
1252,426,13,5,98.07,62.49,427.86,2023-11-03 00:59:20,2023-11-05 19:27:02
1253,427,76,2,187.40,45.85,328.95,2025-10-06 20:49:14,2025-10-08 16:23:07
1254,427,21,3,231.63,2.78,692.11,2025-03-11 15:48:59,2025-03-14 06:23:06
1255,427,93,2,387.61,131.47,643.75,2024-04-15 06:31:03,2024-04-19 20:27:56
1256,428,32,1,83.70,21.19,62.51,2024-08-30 13:51:18,2024-09-05 01:48:57
1257,429,30,1,479.43,111.79,367.64,2025-09-13 23:35:27,2025-09-17 06:16:41
1258,430,60,1,201.74,12.83,188.91,2025-06-17 04:13:13,2025-06-22 17:18:00
1259,430,43,4,104.10,56.95,359.45,2024-10-03 09:27:58,2024-10-07 05:01:44
1260,431,98,4,204.57,232.12,586.16,2023-03-26 02:52:42,2023-03-31 23:54:54
1261,431,18,4,355.21,94.90,1325.94,2025-09-24 16:25:44,2025-09-30 19:47:01
1262,431,66,4,132.47,4.01,525.87,2024-06-28 07:07:11,2024-06-29 04:41:40
1263,432,36,1,47.27,7.38,39.89,2024-10-27 08:29:53,2024-11-03 06:50:59
1264,432,48,5,480.90,248.55,2155.95,2025-06-29 14:52:45,2025-07-02 23:31:03
1265,433,46,4,87.61,21.46,328.98,2023-06-01 05:21:09,2023-06-06 06:29:22
1266,433,109,1,66.85,16.36,50.49,2025-05-06 16:37:32,2025-05-09 04:10:33
1267,433,67,2,301.66,79.44,523.88,2024-05-17 20:33:03,2024-05-24 16:05:16
1268,433,106,3,115.98,21.71,326.23,2023-12-08 12:28:42,2023-12-09 23:28:50
1269,434,97,3,321.75,238.38,726.87,2023-10-24 15:49:39,2023-10-28 03:25:48
1270,434,78,2,361.31,189.90,532.72,2025-05-12 08:59:29,2025-05-18 12:16:07
1271,434,68,4,258.61,241.06,793.38,2024-10-31 04:17:13,2024-11-03 07:09:33
1272,434,66,4,355.89,242.70,1180.86,2025-08-08 00:02:08,2025-08-08 06:36:17
1273,434,40,1,172.42,33.62,138.80,2024-11-12 22:48:27,2024-11-19 13:51:22
1274,435,37,1,341.67,68.81,272.86,2025-06-22 11:58:58,2025-06-28 17:12:55
1275,435,108,4,323.13,55.51,1237.01,2023-12-24 00:40:24,2023-12-26 06:09:09
1276,435,101,1,335.37,10.91,324.46,2025-11-02 17:17:20,2025-11-07 16:57:58
1277,436,103,5,28.77,4.89,138.96,2024-05-05 12:28:39,2024-05-10 00:46:02
1278,436,34,4,282.91,187.57,944.07,2025-01-29 22:48:19,2025-02-04 05:01:47
1279,436,61,2,54.86,1.58,108.14,2024-10-27 07:31:32,2024-11-01 02:11:52
1280,436,39,3,423.95,172.56,1099.29,2023-07-25 04:11:35,2023-07-30 23:59:38
1281,437,1,2,474.00,266.71,681.29,2025-03-07 07:43:29,2025-03-11 23:37:23
1282,437,105,5,151.04,97.77,657.43,2024-05-03 04:40:45,2024-05-05 13:14:47
1283,437,28,3,299.16,94.94,802.54,2023-03-13 10:03:43,2023-03-15 04:23:29
1284,438,120,5,143.95,25.06,694.69,2024-09-17 15:18:13,2024-09-18 14:58:00
1285,439,24,3,317.56,168.68,784.00,2025-03-17 01:37:03,2025-03-17 11:31:14
1286,440,53,2,136.58,55.62,217.54,2024-11-07 17:01:33,2024-11-12 14:44:17
1287,440,8,2,362.66,42.37,682.95,2025-07-17 09:17:07,2025-07-22 12:11:20
1288,440,77,5,43.17,4.46,211.39,2025-05-16 18:07:34,2025-05-22 00:54:13
1289,440,72,3,397.41,160.71,1031.52,2025-08-25 09:17:52,2025-08-29 11:04:04
1290,441,93,2,490.41,77.56,903.26,2024-10-26 03:44:10,2024-10-27 07:10:01
1291,441,89,1,72.29,18.88,53.41,2024-07-25 10:24:18,2024-07-25 19:01:55
1292,442,42,4,92.20,60.31,308.49,2025-03-06 15:30:16,2025-03-11 07:02:50
1293,442,15,5,208.74,210.40,833.30,2023-05-18 13:52:37,2023-05-18 20:44:12
1294,443,119,4,43.23,51.21,121.71,2025-02-22 03:35:46,2025-02-23 02:00:51
1295,443,41,1,202.95,30.56,172.39,2024-01-26 22:23:21,2024-01-29 23:12:11
1296,443,42,2,201.02,68.66,333.38,2024-12-02 12:44:36,2024-12-07 07:45:12
1297,443,48,5,123.69,19.48,598.97,2025-10-21 16:32:21,2025-10-28 00:14:54
1298,444,112,2,188.55,110.39,266.71,2024-03-19 06:09:01,2024-03-19 15:20:03
1299,444,100,3,154.20,134.63,327.97,2025-10-31 21:27:51,2025-11-01 15:36:49
1300,444,45,5,102.05,149.53,360.72,2024-12-02 11:28:41,2024-12-05 22:52:52
1301,445,24,2,493.09,155.72,830.46,2023-12-23 12:57:05,2023-12-28 23:45:34
1302,445,66,5,7.42,5.74,31.36,2025-05-23 15:58:42,2025-05-30 01:19:29
1303,445,1,4,266.97,26.99,1040.89,2025-04-03 05:25:54,2025-04-03 07:46:41
1304,445,8,2,95.78,19.39,172.17,2024-04-23 23:50:48,2024-04-27 04:26:56
1305,445,62,5,416.00,413.23,1666.77,2025-06-17 12:56:24,2025-06-20 15:59:07
1306,446,97,2,120.17,11.00,229.34,2023-03-22 00:40:43,2023-03-24 16:53:35
1307,446,65,2,14.11,1.67,26.55,2024-02-08 08:26:50,2024-02-12 02:36:46
1308,447,54,4,229.24,259.39,657.57,2024-07-27 05:35:21,2024-08-01 21:21:51
1309,447,63,5,110.65,58.77,494.48,2025-05-05 22:19:08,2025-05-05 23:46:16
1310,447,53,4,462.61,45.88,1804.56,2025-02-24 14:33:54,2025-02-27 21:24:50
1311,447,99,4,266.52,240.31,825.77,2025-01-07 09:19:45,2025-01-14 06:05:49
1312,447,45,3,305.82,99.62,817.84,2024-12-12 02:22:58,2024-12-14 01:00:03
1313,448,39,1,314.17,62.02,252.15,2025-10-24 20:07:15,2025-10-29 03:01:24
1314,448,51,4,368.84,98.92,1376.44,2023-02-18 18:48:50,2023-02-25 15:42:05
1315,448,35,4,422.60,503.79,1186.61,2024-10-14 19:54:43,2024-10-18 13:07:57
1316,448,119,1,73.28,13.91,59.37,2023-02-18 06:14:08,2023-02-22 10:25:41
1317,448,75,2,120.76,35.82,205.70,2025-01-29 11:46:45,2025-02-01 12:19:22
1318,449,88,3,73.27,37.05,182.76,2023-03-23 21:30:41,2023-03-24 17:21:04
1319,449,77,4,446.89,289.67,1497.89,2024-01-29 18:59:21,2024-02-05 07:42:25
1320,449,59,1,217.20,24.10,193.10,2024-05-09 16:45:24,2024-05-13 23:11:45
1321,450,82,3,161.37,66.80,417.31,2024-06-21 02:42:52,2024-06-26 23:19:26
1322,451,88,3,84.59,50.33,203.44,2025-02-12 10:57:16,2025-02-18 11:26:40
1323,452,120,3,91.32,69.39,204.57,2023-10-04 18:22:09,2023-10-05 08:03:45
1324,452,9,3,246.88,101.38,639.26,2025-03-28 18:03:25,2025-03-30 06:41:46
1325,452,59,4,486.24,245.37,1699.59,2024-09-22 06:52:24,2024-09-24 12:41:37
1326,452,99,5,390.46,93.20,1859.10,2023-07-14 18:42:28,2023-07-19 00:21:43
1327,452,116,1,76.73,15.55,61.18,2023-10-30 07:07:34,2023-11-05 13:23:00
1328,453,36,1,237.12,60.55,176.57,2023-07-07 01:55:57,2023-07-11 07:21:50
1329,453,102,4,481.46,514.32,1411.52,2023-04-16 11:44:38,2023-04-19 21:27:37
1330,453,110,1,330.99,38.94,292.05,2023-02-14 00:31:53,2023-02-18 20:37:42
1331,453,13,4,219.01,35.98,840.06,2025-05-16 07:22:44,2025-05-19 11:05:58
1332,453,64,2,15.34,2.21,28.47,2025-01-03 10:55:07,2025-01-04 13:28:20
1333,454,32,5,129.76,11.99,636.81,2025-05-23 05:02:15,2025-05-26 00:20:29
1334,454,13,1,434.75,4.91,429.84,2023-07-18 00:02:03,2023-07-18 04:42:44
1335,455,16,3,432.11,55.29,1241.04,2023-06-02 13:52:58,2023-06-03 08:46:54
1336,455,8,5,66.15,55.95,274.80,2025-06-28 00:54:23,2025-07-03 22:20:25
1337,455,108,3,252.96,56.51,702.37,2023-06-30 21:41:23,2023-07-05 20:29:11
1338,456,60,2,204.82,52.33,357.31,2024-07-08 18:57:35,2024-07-11 14:38:09
1339,456,38,2,423.09,62.53,783.65,2023-09-19 19:05:16,2023-09-24 14:56:36
1340,456,94,3,232.45,2.52,694.83,2025-06-11 11:46:58,2025-06-14 02:59:00
1341,456,18,1,329.17,24.30,304.87,2025-06-10 04:13:42,2025-06-11 20:48:39
1342,457,38,3,190.78,4.69,567.65,2024-01-10 10:06:31,2024-01-17 04:55:30
1343,457,25,4,264.05,314.56,741.64,2024-05-20 13:23:49,2024-05-21 06:24:30
1344,457,18,1,267.95,2.40,265.55,2023-09-08 04:41:20,2023-09-09 00:40:17
1345,458,109,1,361.05,19.10,341.95,2023-08-18 11:57:21,2023-08-20 06:03:13
1346,459,10,2,429.42,30.57,828.27,2024-05-14 16:46:19,2024-05-17 03:26:48
1347,459,20,1,241.36,57.11,184.25,2025-08-15 23:56:51,2025-08-22 21:21:05
1348,459,44,4,298.34,335.80,857.56,2023-01-20 22:18:26,2023-01-22 16:41:53
1349,459,31,1,364.02,62.57,301.45,2024-02-15 03:21:43,2024-02-19 18:25:53
1350,459,18,1,307.03,24.57,282.46,2023-11-01 22:07:28,2023-11-07 11:32:46
1351,460,63,2,489.54,249.65,729.43,2023-01-18 12:14:33,2023-01-20 09:45:26
1352,460,76,1,33.09,7.88,25.21,2025-03-20 17:55:33,2025-03-22 09:54:16
1353,460,60,5,331.80,194.15,1464.85,2025-07-21 19:30:26,2025-07-27 10:08:09
1354,461,109,4,492.17,11.24,1957.44,2024-04-26 12:46:37,2024-05-01 07:43:50
1355,461,75,4,111.61,40.70,405.74,2024-07-17 20:09:38,2024-07-22 13:32:37
1356,461,114,1,110.52,29.06,81.46,2023-06-25 16:58:54,2023-06-27 13:40:43
1357,462,120,4,331.15,141.78,1182.82,2023-07-11 15:12:41,2023-07-18 03:00:09
1358,462,108,4,221.57,105.46,780.82,2024-11-08 00:58:41,2024-11-10 13:07:12
1359,462,114,3,49.28,16.65,131.19,2024-07-16 01:27:12,2024-07-18 16:40:28
1360,462,49,5,176.09,239.74,640.71,2023-12-03 02:08:40,2023-12-07 21:12:45
1361,463,110,2,317.82,14.33,621.31,2025-11-23 03:40:57,2025-11-24 05:07:00
1362,463,63,4,358.96,254.59,1181.25,2023-12-27 10:48:07,2024-01-03 05:34:20
1363,463,66,2,254.63,75.40,433.86,2025-11-09 12:12:12,2025-11-13 18:35:55
1364,464,1,2,92.47,18.94,166.00,2023-09-04 18:40:59,2023-09-06 21:53:18
1365,464,110,4,291.30,77.92,1087.28,2025-06-09 23:04:17,2025-06-10 23:01:27
1366,464,56,2,349.19,53.85,644.53,2023-01-24 11:59:41,2023-01-30 17:02:19
1367,464,38,5,465.00,595.75,1729.25,2023-04-10 01:57:03,2023-04-16 02:03:59
1368,465,99,5,364.26,361.24,1460.06,2024-07-14 15:24:55,2024-07-19 10:20:51
1369,465,68,1,383.83,111.10,272.73,2025-01-26 05:14:32,2025-01-26 08:50:38
1370,465,111,5,81.82,97.02,312.08,2023-12-06 03:56:07,2023-12-10 15:55:18
1371,465,45,3,80.68,4.35,237.69,2025-01-16 18:56:29,2025-01-23 13:48:47
1372,466,92,3,160.20,25.50,455.10,2025-11-23 20:54:13,2025-11-25 23:07:00
1373,466,17,2,234.25,112.71,355.79,2025-08-26 19:20:21,2025-09-01 10:03:17
1374,466,9,5,300.10,444.22,1056.28,2024-10-01 18:07:56,2024-10-04 20:56:51
1375,466,59,5,401.56,464.43,1543.37,2023-01-04 15:42:22,2023-01-08 12:03:40
1376,467,76,1,49.73,6.35,43.38,2025-06-06 21:55:59,2025-06-07 13:59:33
1377,468,76,1,323.98,45.78,278.20,2025-09-29 06:03:26,2025-10-02 02:17:57
1378,469,41,2,221.56,99.87,343.25,2023-11-23 04:48:09,2023-11-27 07:38:21
1379,470,35,1,499.26,18.24,481.02,2024-11-07 17:53:38,2024-11-12 17:43:51
1380,470,102,4,223.84,3.33,892.03,2023-11-22 02:30:49,2023-11-24 23:09:25
1381,470,94,2,293.05,22.38,563.72,2023-05-28 14:20:55,2023-06-03 00:43:50
1382,470,65,4,372.20,85.32,1403.48,2023-02-14 08:53:05,2023-02-15 18:37:54
1383,470,24,5,57.55,18.90,268.85,2023-01-27 11:35:24,2023-01-29 14:47:56
1384,471,76,1,474.63,81.21,393.42,2023-03-30 13:25:09,2023-04-02 15:41:44
1385,472,14,3,396.83,146.55,1043.94,2025-10-09 04:08:21,2025-10-11 02:20:06
1386,472,51,3,82.22,12.52,234.14,2024-12-06 01:33:00,2024-12-10 23:44:47
1387,472,17,3,120.88,29.65,332.99,2024-03-11 01:30:14,2024-03-11 02:18:44
1388,473,91,2,229.72,125.41,334.03,2024-01-26 03:57:40,2024-02-01 05:07:56
1389,473,54,2,425.77,227.53,624.01,2024-03-21 04:05:03,2024-03-25 11:22:56
1390,473,17,3,353.13,29.81,1029.58,2023-10-31 11:57:24,2023-11-03 12:14:05
1391,473,94,3,472.79,14.74,1403.63,2023-04-16 02:26:39,2023-04-18 02:28:16
1392,473,38,5,194.20,283.87,687.13,2024-03-29 12:13:43,2024-04-04 15:20:33
1393,474,29,3,16.72,7.28,42.88,2024-05-27 07:09:32,2024-05-31 16:16:16
1394,474,48,3,31.34,23.58,70.44,2025-05-17 14:54:43,2025-05-21 02:40:20
1395,475,105,3,495.18,221.86,1263.68,2023-02-04 04:35:48,2023-02-06 08:45:24
1396,476,50,3,188.13,108.35,456.04,2024-09-28 19:16:22,2024-10-03 08:48:36
1397,477,92,4,357.00,86.88,1341.12,2023-04-09 16:10:59,2023-04-12 11:53:52
1398,477,43,4,339.65,265.33,1093.27,2025-05-02 13:29:43,2025-05-04 20:46:31
1399,477,23,5,148.95,149.45,595.30,2025-05-03 05:42:30,2025-05-09 07:40:48
1400,477,77,5,356.13,289.53,1491.12,2023-11-09 21:54:39,2023-11-15 16:36:43
1401,477,64,2,332.59,25.36,639.82,2024-06-21 12:30:38,2024-06-24 01:34:08
1402,478,93,2,48.46,19.87,77.05,2025-07-10 23:49:17,2025-07-14 21:09:26
1403,478,114,3,245.23,193.13,542.56,2023-08-24 00:43:51,2023-08-25 06:16:45
1404,478,67,2,398.68,172.74,624.62,2023-09-04 04:27:33,2023-09-10 18:53:09
1405,478,58,1,53.66,15.79,37.87,2023-08-11 16:21:46,2023-08-15 11:05:49
1406,478,10,1,80.10,15.52,64.58,2023-04-22 17:56:19,2023-04-26 10:29:21
1407,479,59,1,366.06,0.20,365.86,2024-12-28 02:30:18,2024-12-28 14:46:52
1408,479,47,5,70.19,21.98,328.97,2024-10-10 03:10:58,2024-10-15 22:13:10
1409,480,16,1,105.02,8.69,96.33,2024-09-26 08:32:22,2024-09-29 11:24:28
1410,480,10,2,468.22,84.20,852.24,2024-03-26 02:47:45,2024-04-02 02:20:29
1411,481,79,3,491.79,309.84,1165.53,2025-07-22 09:43:52,2025-07-26 05:38:58
1412,481,37,2,12.11,3.06,21.16,2025-10-15 07:43:12,2025-10-19 00:25:16
1413,482,100,5,342.28,411.38,1300.02,2025-10-24 01:30:01,2025-10-28 10:14:19
1414,482,37,3,9.10,0.36,26.94,2025-11-19 03:20:40,2025-11-20 09:37:00
1415,482,58,5,335.38,424.53,1252.37,2025-09-19 00:57:07,2025-09-20 10:33:53
1416,483,105,2,15.68,6.34,25.02,2025-01-08 04:03:24,2025-01-10 08:38:44
1417,483,79,4,68.21,71.10,201.74,2023-07-21 22:26:25,2023-07-28 12:39:46
1418,483,36,4,297.43,192.86,996.86,2025-06-25 11:57:45,2025-06-27 07:50:17
1419,483,110,1,351.80,50.90,300.90,2025-09-27 19:17:56,2025-10-02 21:52:29
1420,483,3,3,179.67,23.04,515.97,2023-04-30 21:12:53,2023-05-04 11:17:52
1421,484,76,5,425.33,341.37,1785.28,2023-02-20 04:06:51,2023-02-22 18:12:39
1422,484,120,1,70.64,10.34,60.30,2024-01-10 11:32:30,2024-01-15 08:22:30
1423,484,117,4,15.39,15.77,45.79,2025-05-03 00:40:12,2025-05-03 12:46:51
1424,484,98,3,129.69,98.63,290.44,2025-02-16 11:42:58,2025-02-20 14:45:33
1425,485,40,3,404.75,267.96,946.29,2024-02-28 02:01:07,2024-02-28 22:09:24
1426,485,41,4,119.35,127.06,350.34,2023-10-31 04:09:54,2023-11-03 17:58:11
1427,485,88,2,49.46,9.89,89.03,2023-10-14 23:36:44,2023-10-17 12:20:54
1428,486,31,5,92.26,127.23,334.07,2024-03-28 11:52:29,2024-04-02 07:10:06
1429,486,90,5,448.15,90.26,2150.49,2023-08-01 09:45:25,2023-08-03 14:20:52
1430,487,83,2,240.89,48.93,432.85,2024-11-01 10:26:01,2024-11-06 23:21:25
1431,487,43,5,266.13,22.46,1308.19,2024-11-28 08:29:56,2024-12-01 12:26:33
1432,488,5,2,56.12,4.11,108.13,2025-09-16 01:11:42,2025-09-20 04:03:44
1433,488,60,1,37.58,10.84,26.74,2024-11-24 18:01:11,2024-11-25 19:54:29
1434,488,31,3,175.75,154.67,372.58,2025-07-09 22:49:28,2025-07-12 16:48:11
1435,488,53,4,89.81,19.80,339.44,2023-04-18 10:22:29,2023-04-22 18:42:43
1436,488,61,3,103.24,56.93,252.79,2024-04-11 21:29:04,2024-04-16 07:19:45
1437,489,19,1,417.93,90.60,327.33,2023-10-05 11:53:16,2023-10-09 21:38:25
1438,489,104,5,40.23,41.89,159.26,2025-01-24 16:11:26,2025-01-29 05:34:20
1439,490,46,1,122.04,22.02,100.02,2023-08-13 01:12:51,2023-08-17 08:41:45
1440,490,42,1,25.57,1.65,23.92,2023-12-03 03:12:42,2023-12-08 22:37:17
1441,490,98,1,148.06,35.55,112.51,2025-08-16 05:40:37,2025-08-21 07:10:12
1442,491,54,4,496.33,372.13,1613.19,2024-12-11 06:52:57,2024-12-13 14:29:11
1443,491,111,4,177.66,160.08,550.56,2025-09-21 04:49:54,2025-09-26 16:03:45
1444,492,99,4,493.08,0.92,1971.40,2025-04-04 19:59:00,2025-04-08 04:45:23
1445,492,39,4,474.31,368.63,1528.61,2023-03-05 22:09:07,2023-03-09 14:32:18
1446,493,44,1,281.21,18.91,262.30,2024-08-11 21:26:03,2024-08-13 10:42:27
1447,493,63,1,498.00,139.38,358.62,2024-07-09 10:57:14,2024-07-11 17:52:50
1448,493,119,4,361.64,17.85,1428.71,2024-04-19 20:07:37,2024-04-25 12:09:22
1449,493,84,2,299.72,77.91,521.53,2025-06-27 02:20:53,2025-06-27 14:19:09
1450,494,38,4,228.84,73.04,842.32,2025-02-09 02:31:41,2025-02-12 00:43:06
1451,494,65,2,372.43,20.37,724.49,2024-04-03 09:33:16,2024-04-06 12:11:49
1452,494,21,4,317.26,349.33,919.71,2024-07-11 23:47:40,2024-07-18 20:30:28
1453,495,51,4,475.36,238.50,1662.94,2025-05-22 11:38:50,2025-05-23 14:12:05
1454,495,49,5,61.71,51.09,257.46,2024-07-03 22:51:35,2024-07-08 16:06:26
1455,495,67,4,214.35,66.46,790.94,2024-12-07 22:15:08,2024-12-10 12:04:27
1456,496,37,4,212.29,38.28,810.88,2025-07-09 11:32:10,2025-07-14 23:39:53
1457,496,43,1,343.47,11.25,332.22,2025-08-30 13:27:23,2025-09-06 04:28:04
1458,496,15,4,41.91,1.48,166.16,2023-07-24 01:07:07,2023-07-25 19:44:28
1459,496,118,1,474.28,68.23,406.05,2025-02-10 17:47:55,2025-02-10 23:43:31
1460,497,30,1,454.55,2.24,452.31,2025-07-06 12:56:03,2025-07-10 01:31:17
1461,497,67,5,163.61,199.68,618.37,2025-04-05 17:00:24,2025-04-12 12:20:11
1462,497,24,5,415.03,341.37,1733.78,2023-02-27 12:53:41,2023-03-01 02:15:13
1463,498,48,5,451.72,42.61,2215.99,2024-05-20 19:11:53,2024-05-22 15:12:29
1464,498,93,1,366.35,8.48,357.87,2023-11-27 06:40:07,2023-11-30 11:54:07
1465,498,27,5,387.72,12.06,1926.54,2025-08-17 17:22:34,2025-08-22 09:43:20
1466,498,66,5,134.94,42.70,632.00,2025-09-29 19:24:28,2025-10-04 02:19:21
1467,498,107,3,312.62,31.18,906.68,2023-03-13 02:39:37,2023-03-15 19:51:27
1468,499,104,4,311.52,253.33,992.75,2024-12-24 20:44:25,2024-12-31 19:20:10
1469,499,83,3,218.69,137.05,519.02,2025-07-13 02:32:55,2025-07-19 21:22:37
1470,500,96,3,451.70,314.75,1040.35,2023-09-09 21:58:16,2023-09-11 15:30:48
1471,500,82,3,455.35,78.39,1287.66,2023-11-06 20:40:53,2023-11-08 11:14:33
1472,500,14,3,89.72,66.01,203.15,2023-12-29 18:01:50,2024-01-04 04:38:43
1473,501,22,5,419.09,308.72,1786.73,2025-01-25 23:22:29,2025-01-30 23:09:23
1474,501,44,5,85.17,33.75,392.10,2023-09-09 01:15:01,2023-09-11 23:31:59
1475,501,34,2,129.09,67.34,190.84,2023-11-06 13:44:51,2023-11-08 13:14:49
1476,502,26,2,329.15,162.97,495.33,2025-11-23 00:16:26,2025-11-25 10:22:33
1477,502,42,5,280.68,135.39,1268.01,2023-08-04 21:20:51,2023-08-05 21:04:23
1478,502,109,5,73.49,71.13,296.32,2024-05-18 21:44:49,2024-05-21 13:24:58
1479,503,51,3,294.18,45.72,836.82,2024-01-30 03:20:43,2024-02-04 06:11:14
1480,503,78,5,430.94,565.92,1588.78,2024-03-12 09:05:27,2024-03-17 15:39:30
1481,503,80,1,308.95,52.41,256.54,2025-03-18 17:00:17,2025-03-21 05:54:51
1482,503,53,1,489.28,38.64,450.64,2024-05-11 01:06:36,2024-05-17 01:58:15
1483,504,61,1,155.12,26.77,128.35,2025-11-20 19:45:45,2025-11-27 13:52:13
1484,505,15,2,20.94,5.21,36.67,2025-02-16 02:41:29,2025-02-18 23:47:31
1485,506,85,1,298.45,56.63,241.82,2025-07-23 21:29:13,2025-07-27 07:20:19
1486,506,86,1,467.75,56.63,411.12,2023-05-20 00:24:06,2023-05-26 14:01:56
1487,506,112,3,254.15,222.99,539.46,2025-10-18 21:36:47,2025-10-24 12:37:40
1488,506,53,4,191.49,177.70,588.26,2023-10-22 22:39:36,2023-10-23 01:57:45
1489,506,66,3,107.02,65.65,255.41,2024-01-15 05:46:32,2024-01-17 20:01:33
1490,507,13,3,170.94,153.58,359.24,2025-04-27 06:59:55,2025-05-01 22:27:50
1491,507,63,1,130.79,11.11,119.68,2025-04-21 10:34:07,2025-04-28 01:51:41
1492,507,6,5,171.88,143.60,715.80,2023-01-19 04:42:28,2023-01-24 13:35:58
1493,508,89,3,186.47,132.66,426.75,2025-02-08 08:12:27,2025-02-15 00:59:52
1494,508,1,1,37.84,2.63,35.21,2023-10-11 10:24:59,2023-10-14 05:02:06
1495,508,8,3,195.47,120.32,466.09,2025-09-23 07:39:28,2025-09-29 21:21:57
1496,508,66,3,473.20,103.61,1315.99,2025-02-24 07:56:43,2025-02-27 09:38:06
1497,509,54,2,393.78,59.53,728.03,2023-04-27 10:11:26,2023-05-03 16:21:31
1498,510,36,3,81.83,31.58,213.91,2025-06-27 03:57:36,2025-07-03 22:04:07
1499,510,87,2,463.51,256.94,670.08,2023-11-20 21:18:18,2023-11-22 01:31:41
1500,511,55,2,134.38,46.59,222.17,2023-07-09 18:57:07,2023-07-13 15:39:04
1501,511,13,5,480.48,433.74,1968.66,2024-12-06 18:50:55,2024-12-11 11:14:51
1502,511,17,1,47.76,9.03,38.73,2024-08-02 04:41:55,2024-08-08 05:17:42
1503,511,14,3,286.45,95.26,764.09,2023-11-27 01:45:16,2023-11-30 17:15:55
1504,511,32,2,447.06,144.30,749.82,2024-05-16 20:15:03,2024-05-20 11:58:13
1505,512,69,3,210.97,165.64,467.27,2023-07-22 05:51:04,2023-07-28 23:16:15
1506,512,13,5,339.15,97.54,1598.21,2025-04-13 04:01:55,2025-04-16 18:19:31
1507,512,35,3,102.92,4.53,304.23,2023-08-15 08:38:33,2023-08-16 11:00:36
1508,512,97,3,408.74,190.80,1035.42,2025-10-12 20:27:28,2025-10-14 21:01:07
1509,512,24,2,302.95,51.36,554.54,2023-11-19 01:34:20,2023-11-25 01:05:44
1510,513,75,1,306.16,16.31,289.85,2023-02-22 19:06:36,2023-02-27 19:31:57
1511,513,71,5,29.81,19.52,129.53,2023-07-09 16:37:16,2023-07-12 15:29:52
1512,513,62,1,482.88,133.90,348.98,2025-04-07 06:30:56,2025-04-08 12:25:06
1513,514,103,3,198.28,97.39,497.45,2025-07-28 22:17:10,2025-08-03 07:58:37
1514,514,115,4,454.92,26.72,1792.96,2025-07-05 14:47:30,2025-07-08 20:34:45
1515,514,12,1,123.20,2.28,120.92,2024-02-09 04:03:20,2024-02-10 10:35:18
1516,514,25,4,290.19,264.83,895.93,2024-10-03 02:49:43,2024-10-09 21:33:58
1517,514,41,1,61.81,5.34,56.47,2024-05-30 13:41:26,2024-05-30 20:29:22
1518,515,68,2,7.84,0.90,14.78,2024-01-22 07:15:23,2024-01-26 14:58:55
1519,515,36,5,52.29,31.69,229.76,2024-03-27 05:16:28,2024-04-02 15:59:11
1520,516,45,2,437.92,252.87,622.97,2024-06-10 15:54:10,2024-06-11 15:43:38
1521,516,80,5,192.83,56.00,908.15,2025-09-21 02:43:25,2025-09-21 15:09:24
1522,516,118,5,219.51,137.98,959.57,2023-01-26 13:15:38,2023-01-28 21:15:01
1523,516,61,5,43.35,62.83,153.92,2023-08-31 04:30:37,2023-08-31 20:00:49
1524,517,82,4,149.81,133.00,466.24,2024-09-03 02:40:10,2024-09-05 04:16:28
1525,517,113,1,251.20,19.60,231.60,2025-04-24 16:02:36,2025-04-28 15:19:54
1526,517,66,4,456.69,93.67,1733.09,2025-08-23 01:05:22,2025-08-29 20:00:03
1527,517,86,4,484.36,270.98,1666.46,2025-01-02 07:04:19,2025-01-05 06:15:11
1528,517,1,1,414.92,95.70,319.22,2025-01-16 01:28:24,2025-01-16 09:55:08
1529,518,90,4,126.52,9.44,496.64,2023-09-10 11:27:39,2023-09-15 22:08:23
1530,518,66,4,223.22,171.56,721.32,2024-07-02 16:03:50,2024-07-04 09:59:40
1531,518,91,4,354.59,291.71,1126.65,2023-10-15 23:25:33,2023-10-20 00:40:25
1532,518,4,3,487.56,193.28,1269.40,2025-09-09 12:04:02,2025-09-10 13:55:07
1533,518,57,2,207.88,66.82,348.94,2024-09-27 14:41:43,2024-09-29 05:06:14
1534,519,13,1,172.06,10.38,161.68,2025-05-31 16:42:37,2025-06-07 02:27:19
1535,519,95,2,283.56,51.89,515.23,2024-09-11 07:23:07,2024-09-15 12:12:15
1536,519,26,2,310.94,86.62,535.26,2023-07-11 20:28:23,2023-07-15 10:48:28
1537,519,74,5,493.97,78.05,2391.80,2024-01-03 05:04:17,2024-01-06 05:22:31
1538,519,69,4,34.09,22.45,113.91,2024-06-01 05:49:17,2024-06-06 14:21:16
1539,520,101,2,381.31,157.53,605.09,2023-03-30 07:40:32,2023-03-31 15:40:51
1540,521,91,5,171.76,60.61,798.19,2023-11-26 06:49:21,2023-11-28 14:04:56
1541,521,31,3,168.34,62.23,442.79,2024-08-13 11:50:18,2024-08-14 07:35:09
1542,521,48,2,486.55,221.45,751.65,2023-01-01 07:43:00,2023-01-05 18:37:21
1543,521,83,1,465.21,29.03,436.18,2025-08-07 13:28:13,2025-08-12 15:19:13
1544,521,89,3,445.90,249.55,1088.15,2024-07-22 16:57:15,2024-07-27 19:16:51
1545,522,57,1,71.60,2.90,68.70,2024-07-20 05:19:06,2024-07-26 11:02:24
1546,522,111,1,192.16,34.32,157.84,2025-09-23 15:42:13,2025-09-28 01:29:10
1547,522,100,4,358.37,23.76,1409.72,2023-09-01 23:16:44,2023-09-07 18:41:17
1548,522,36,4,445.74,47.02,1735.94,2024-02-14 03:06:30,2024-02-18 11:56:39
1549,523,70,2,45.25,1.27,89.23,2023-07-30 15:26:13,2023-08-05 04:29:04
1550,523,54,3,205.84,146.50,471.02,2024-11-26 07:19:18,2024-11-29 22:55:53
1551,524,78,4,298.15,186.48,1006.12,2023-11-27 12:29:51,2023-12-02 16:14:35
1552,524,30,3,302.64,42.64,865.28,2024-03-20 16:01:42,2024-03-25 23:12:20
1553,524,79,3,199.91,131.88,467.85,2025-08-05 21:08:08,2025-08-07 19:22:53
1554,524,104,3,426.89,129.88,1150.79,2023-09-17 18:04:04,2023-09-24 11:17:54
1555,524,72,2,181.35,37.27,325.43,2024-08-19 21:44:40,2024-08-25 10:36:23
1556,525,49,5,322.28,347.26,1264.14,2025-08-08 16:32:07,2025-08-11 18:16:14
1557,525,25,2,251.28,143.23,359.33,2023-01-13 15:18:59,2023-01-13 15:57:37
1558,525,23,3,276.12,207.75,620.61,2024-11-25 07:45:36,2024-11-29 19:32:13
1559,526,86,5,488.35,537.59,1904.16,2024-04-11 15:47:07,2024-04-17 16:23:31
1560,526,9,2,8.35,1.27,15.43,2025-11-10 17:07:12,2025-11-12 13:09:44
1561,527,66,5,416.85,282.20,1802.05,2024-03-13 12:28:20,2024-03-19 08:47:48
1562,527,37,5,311.32,401.19,1155.41,2023-04-23 06:00:26,2023-04-26 01:34:57
1563,527,72,3,330.67,293.75,698.26,2025-05-29 17:23:55,2025-06-01 10:01:49
1564,528,97,2,209.25,69.50,349.00,2025-06-26 11:41:22,2025-06-27 05:41:50
1565,528,74,1,82.37,23.41,58.96,2023-08-05 05:51:37,2023-08-07 05:41:33
1566,528,44,4,261.63,211.69,834.83,2025-05-29 23:29:51,2025-06-03 19:44:21
1567,528,36,1,421.75,25.32,396.43,2023-11-05 13:26:00,2023-11-07 09:58:49
1568,529,12,3,219.36,120.23,537.85,2024-01-23 05:42:27,2024-01-23 21:51:08
1569,529,6,1,107.26,2.05,105.21,2025-01-17 08:21:08,2025-01-21 13:29:36
1570,530,96,1,447.18,40.24,406.94,2023-10-21 22:02:14,2023-10-22 10:34:23
1571,530,22,5,451.25,644.96,1611.29,2025-05-07 18:58:59,2025-05-12 13:25:38
1572,531,58,5,103.67,50.22,468.13,2024-10-11 19:39:23,2024-10-13 09:36:17
1573,531,32,1,277.26,30.68,246.58,2025-02-16 08:45:57,2025-02-16 10:42:36
1574,531,52,5,140.00,39.48,660.52,2024-08-04 06:58:06,2024-08-04 22:19:24
1575,532,110,1,322.62,8.95,313.67,2025-03-04 16:28:43,2025-03-07 00:37:32
1576,533,48,1,198.52,4.85,193.67,2025-11-18 18:34:55,2025-11-24 14:53:53
1577,533,49,5,82.38,103.19,308.71,2023-10-28 23:06:35,2023-11-04 09:51:53
1578,533,37,1,258.38,3.98,254.40,2025-09-05 11:54:28,2025-09-07 11:05:23
1579,533,84,5,106.19,75.28,455.67,2024-06-02 06:07:31,2024-06-02 18:22:47
1580,534,31,5,377.97,449.54,1440.31,2025-08-15 09:10:48,2025-08-17 02:43:22
1581,534,62,5,127.06,152.90,482.40,2025-10-07 01:13:43,2025-10-13 20:06:17
1582,535,60,5,96.84,111.82,372.38,2023-09-28 10:07:45,2023-10-03 11:23:40
1583,535,72,4,30.52,32.17,89.91,2023-09-05 19:14:06,2023-09-07 03:16:50
1584,535,63,5,340.94,331.74,1372.96,2024-12-16 01:28:43,2024-12-20 02:13:14
1585,535,74,5,358.47,377.43,1414.92,2023-10-09 22:19:10,2023-10-11 20:03:28
1586,536,100,2,344.75,30.11,659.39,2025-02-02 09:28:56,2025-02-06 05:34:22
1587,536,21,3,99.66,0.46,298.52,2025-08-21 13:22:51,2025-08-26 16:48:10
1588,536,51,4,133.49,95.03,438.93,2023-10-25 14:50:16,2023-10-29 17:54:38
1589,536,120,4,362.98,405.41,1046.51,2023-05-15 09:28:21,2023-05-20 19:28:46
1590,537,1,3,479.95,345.39,1094.46,2025-01-12 13:33:30,2025-01-18 15:07:31
1591,537,108,1,362.32,32.34,329.98,2023-05-05 00:04:23,2023-05-11 10:50:58
1592,537,90,3,402.18,360.42,846.12,2024-07-18 06:09:45,2024-07-23 21:38:09
1593,538,15,2,490.19,14.21,966.17,2025-11-12 15:25:40,2025-11-18 19:45:37
1594,539,58,4,113.15,19.05,433.55,2024-11-28 18:41:58,2024-12-05 03:16:21
1595,539,116,3,271.25,171.50,642.25,2023-03-10 04:57:38,2023-03-12 06:05:16
1596,540,72,5,340.47,453.39,1248.96,2024-02-18 10:05:54,2024-02-21 18:20:08
1597,541,106,2,37.23,2.39,72.07,2023-06-08 07:00:13,2023-06-13 03:06:18
1598,542,16,2,486.81,12.93,960.69,2023-03-19 12:32:38,2023-03-23 22:00:22
1599,543,23,2,46.43,7.03,85.83,2023-03-14 21:35:51,2023-03-19 23:37:44
1600,544,49,5,237.40,14.08,1172.92,2023-02-28 05:18:23,2023-02-28 18:29:41
1601,544,65,4,148.61,51.94,542.50,2024-02-10 10:00:43,2024-02-16 12:13:15
1602,544,44,1,487.59,101.08,386.51,2023-08-14 11:51:08,2023-08-17 05:02:44
1603,544,103,2,198.96,49.67,348.25,2024-11-25 12:42:25,2024-11-29 16:58:52
1604,544,104,2,461.98,275.13,648.83,2024-08-31 17:12:45,2024-09-06 04:23:11
1605,545,51,5,66.08,49.36,281.04,2024-04-02 04:26:00,2024-04-07 02:05:45
1606,545,44,5,250.70,370.80,882.70,2023-04-19 00:12:24,2023-04-25 07:39:46
1607,545,22,3,478.20,399.02,1035.58,2023-09-28 01:26:54,2023-09-28 16:23:33
1608,545,21,4,101.07,39.80,364.48,2024-10-19 16:59:09,2024-10-22 10:57:10
1609,546,24,1,378.47,15.13,363.34,2025-02-14 16:25:18,2025-02-14 23:13:37
1610,546,61,2,144.77,10.46,279.08,2025-01-19 22:20:43,2025-01-25 02:52:19
1611,546,76,5,486.20,232.83,2198.17,2023-03-12 09:18:41,2023-03-18 23:09:14
1612,547,53,1,280.63,82.08,198.55,2023-09-10 01:27:39,2023-09-12 19:53:56
1613,547,20,3,499.23,152.56,1345.13,2023-05-22 02:06:03,2023-05-28 22:48:00
1614,548,99,2,438.85,37.77,839.93,2024-10-30 12:58:27,2024-10-30 18:46:41
1615,548,80,5,415.66,115.20,1963.10,2024-11-12 04:09:09,2024-11-12 14:09:51
1616,548,12,5,379.63,484.53,1413.62,2025-03-05 09:32:40,2025-03-08 09:04:24
1617,548,77,5,496.71,100.55,2383.00,2024-07-01 11:43:17,2024-07-02 03:50:18
1618,549,104,1,177.16,7.74,169.42,2025-07-31 08:07:53,2025-08-05 05:28:38
1619,549,10,5,355.71,472.15,1306.40,2024-07-20 21:31:24,2024-07-21 10:29:14
1620,549,68,4,247.82,153.90,837.38,2023-05-23 15:05:43,2023-05-28 09:29:05
1621,549,87,4,382.23,391.50,1137.42,2024-12-25 17:35:19,2024-12-29 21:11:36
1622,550,118,1,453.00,38.73,414.27,2025-08-28 12:55:51,2025-08-29 02:44:41
1623,550,113,4,59.52,5.50,232.58,2025-09-18 17:41:05,2025-09-18 21:41:12
1624,550,55,4,349.60,143.22,1255.18,2025-02-10 23:48:29,2025-02-12 08:32:58
1625,551,29,3,419.00,7.73,1249.27,2023-01-09 02:09:12,2023-01-11 02:42:26
1626,552,38,4,239.40,245.63,711.97,2024-06-06 23:13:57,2024-06-11 01:17:56
1627,553,22,2,405.55,226.75,584.35,2024-12-23 22:17:21,2024-12-27 10:53:11
1628,553,86,2,34.77,0.94,68.60,2024-07-08 06:55:37,2024-07-10 23:51:19
1629,553,104,1,499.53,29.05,470.48,2024-09-15 16:17:30,2024-09-22 02:10:53
1630,553,4,4,120.81,140.30,342.94,2024-07-03 00:11:23,2024-07-08 05:36:58
1631,553,71,4,310.40,112.01,1129.59,2023-01-06 01:23:39,2023-01-06 22:51:25
1632,554,4,5,435.17,558.04,1617.81,2024-10-02 04:00:37,2024-10-07 20:09:26
1633,554,105,1,344.52,80.41,264.11,2024-12-13 18:35:05,2024-12-20 06:21:09
1634,555,13,2,392.77,209.71,575.83,2024-09-05 04:10:28,2024-09-08 18:55:58
1635,555,80,4,42.72,11.79,159.09,2023-03-29 16:20:40,2023-04-01 08:39:09
1636,555,102,1,231.62,4.82,226.80,2023-10-23 02:10:57,2023-10-28 02:44:16
1637,556,28,3,245.18,191.66,543.88,2024-01-12 21:24:51,2024-01-16 12:23:17
1638,556,69,5,92.98,107.58,357.32,2023-06-12 09:43:20,2023-06-14 13:51:41
1639,556,109,4,368.99,224.44,1251.52,2025-06-21 07:53:14,2025-06-24 13:29:34
1640,556,89,5,389.53,216.18,1731.47,2024-04-30 16:41:08,2024-05-07 15:01:32
1641,556,88,4,211.41,82.40,763.24,2025-06-21 03:21:41,2025-06-27 20:08:56
1642,557,74,3,30.49,21.26,70.21,2025-08-04 10:11:02,2025-08-10 23:35:45
1643,557,66,3,285.45,76.85,779.50,2023-02-19 13:15:11,2023-02-20 15:28:39
1644,557,93,5,343.74,476.16,1242.54,2024-08-14 13:38:31,2024-08-18 09:02:31
1645,557,28,3,115.46,76.01,270.37,2025-02-04 02:27:37,2025-02-08 23:19:44
1646,558,28,3,191.16,11.02,562.46,2025-07-30 20:40:28,2025-08-05 17:29:44
1647,558,105,1,226.46,65.49,160.97,2024-02-25 02:26:31,2024-02-27 00:35:01
1648,558,22,5,471.67,262.14,2096.21,2023-09-18 19:24:28,2023-09-22 14:08:19
1649,558,106,5,166.37,29.95,801.90,2025-03-29 04:29:01,2025-04-01 01:21:49
1650,559,54,5,329.04,35.24,1609.96,2024-07-11 10:22:08,2024-07-14 13:25:35
1651,559,81,1,344.42,75.97,268.45,2023-07-17 17:39:24,2023-07-20 07:46:50
1652,559,19,3,330.83,209.26,783.23,2025-01-11 14:53:02,2025-01-12 10:06:28
1653,560,65,5,472.81,124.64,2239.41,2023-10-29 06:37:05,2023-10-29 20:35:30
1654,560,103,2,489.45,115.62,863.28,2025-06-02 16:57:06,2025-06-04 02:24:59
1655,560,18,5,447.69,248.22,1990.23,2024-11-13 19:27:55,2024-11-19 14:56:12
1656,560,62,3,283.56,176.53,674.15,2023-10-10 11:38:16,2023-10-14 15:08:38
1657,561,97,5,476.21,303.50,2077.55,2024-07-01 03:05:37,2024-07-02 08:41:49
1658,561,72,4,101.04,47.68,356.48,2025-08-15 23:03:04,2025-08-19 07:20:48
1659,561,74,1,167.43,45.25,122.18,2023-07-19 12:18:52,2023-07-24 09:19:45
1660,562,64,1,493.74,74.13,419.61,2023-11-03 02:22:00,2023-11-06 21:32:39
1661,562,91,4,331.13,306.55,1017.97,2023-01-15 17:21:17,2023-01-20 04:17:49
1662,562,20,3,127.83,28.32,355.17,2025-05-23 08:38:01,2025-05-29 09:05:43
1663,562,112,2,409.15,32.81,785.49,2024-09-27 13:51:17,2024-10-03 22:52:36
1664,563,28,5,266.01,198.17,1131.88,2023-06-22 18:20:29,2023-06-28 03:40:29
1665,563,32,3,420.88,326.31,936.33,2023-06-08 02:13:37,2023-06-10 18:52:15
1666,563,98,1,393.71,99.94,293.77,2024-05-19 16:49:40,2024-05-22 06:46:23
1667,563,97,3,474.39,298.25,1124.92,2023-01-17 22:53:11,2023-01-18 13:10:12
1668,563,70,4,465.70,24.59,1838.21,2025-02-12 11:21:31,2025-02-15 00:37:10
1669,564,23,1,342.79,74.51,268.28,2023-06-29 18:35:21,2023-07-06 14:15:53
1670,564,16,3,471.63,384.53,1030.36,2025-08-28 00:23:37,2025-08-28 22:18:04
1671,565,21,4,404.77,134.21,1484.87,2024-10-31 05:47:08,2024-11-03 02:26:02
1672,565,84,2,483.15,100.23,866.07,2023-03-26 15:46:50,2023-04-01 17:02:20
1673,565,52,3,94.10,9.91,272.39,2025-09-06 22:29:15,2025-09-13 16:56:27
1674,565,93,1,401.21,95.12,306.09,2024-06-19 01:15:10,2024-06-21 17:36:24
1675,566,39,3,462.12,99.30,1287.06,2023-01-28 19:40:18,2023-02-04 17:18:34
1676,566,100,5,441.48,398.51,1808.89,2025-07-22 18:51:47,2025-07-24 16:24:49
1677,566,35,2,459.22,114.74,803.70,2023-10-21 07:33:25,2023-10-24 17:05:25
1678,566,55,3,213.63,68.29,572.60,2023-10-19 13:52:58,2023-10-25 13:24:55
1679,567,92,5,401.46,210.92,1796.38,2025-07-26 23:54:49,2025-08-02 19:08:25
1680,567,95,5,60.72,19.64,283.96,2023-07-22 14:41:31,2023-07-23 14:35:19
1681,567,31,3,37.70,12.50,100.60,2023-08-31 18:54:04,2023-09-01 13:10:32
1682,567,82,3,261.10,33.87,749.43,2025-07-14 01:47:14,2025-07-20 09:06:51
1683,568,10,4,434.15,430.66,1305.94,2023-10-31 16:28:10,2023-11-06 04:17:30
1684,568,41,2,335.89,21.76,650.02,2024-06-23 17:35:48,2024-06-28 15:17:27
1685,569,59,4,363.54,284.93,1169.23,2025-10-05 03:36:37,2025-10-06 18:23:25
1686,569,62,2,395.99,64.47,727.51,2025-11-23 16:05:51,2025-11-29 21:40:51
1687,570,92,4,129.04,58.46,457.70,2024-02-09 11:49:09,2024-02-12 10:07:03
1688,570,71,1,344.52,39.06,305.46,2025-09-16 11:07:40,2025-09-23 06:03:39
1689,570,43,3,303.08,13.49,895.75,2025-03-11 01:32:35,2025-03-14 17:45:06
1690,571,23,5,437.53,156.42,2031.23,2023-01-22 01:43:24,2023-01-24 11:12:48
1691,572,100,5,320.48,6.54,1595.86,2023-11-23 14:32:18,2023-11-27 02:07:40
1692,572,16,2,29.51,11.90,47.12,2023-02-08 20:56:42,2023-02-09 19:54:03
1693,572,46,4,141.64,126.36,440.20,2024-07-20 09:27:12,2024-07-21 18:00:58
1694,572,97,4,435.06,280.06,1460.18,2023-10-26 11:10:44,2023-11-01 09:13:59
1695,573,48,3,32.87,11.91,86.70,2024-09-28 10:32:07,2024-09-30 21:26:23
1696,573,64,2,495.19,2.57,987.81,2023-03-04 17:23:16,2023-03-07 23:16:00
1697,573,82,4,496.17,108.55,1876.13,2024-01-21 21:06:06,2024-01-27 22:04:03
1698,573,119,3,380.76,211.56,930.72,2023-06-13 10:55:02,2023-06-19 17:03:04
1699,574,14,3,246.68,16.81,723.23,2023-09-03 21:24:12,2023-09-08 01:22:58
1700,575,67,5,232.40,22.95,1139.05,2024-11-27 05:34:40,2024-11-28 02:53:55
1701,575,31,1,404.00,119.22,284.78,2023-06-04 17:49:41,2023-06-07 17:24:17
1702,576,56,5,347.62,460.55,1277.55,2024-03-16 07:29:04,2024-03-22 23:00:52
1703,577,22,5,411.30,135.72,1920.78,2025-01-21 03:31:36,2025-01-25 04:28:46
1704,577,62,3,271.61,68.30,746.53,2023-04-27 17:35:52,2023-04-27 18:34:06
1705,578,73,2,108.29,40.78,175.80,2025-08-07 15:23:19,2025-08-08 21:32:23
1706,579,16,1,440.01,86.97,353.04,2025-09-24 19:59:14,2025-09-25 20:22:31
1707,579,5,2,154.69,52.09,257.29,2025-07-23 17:09:11,2025-07-25 07:31:43
1708,579,45,5,442.73,488.31,1725.34,2025-03-15 21:24:05,2025-03-22 17:57:23
1709,580,100,4,438.45,104.44,1649.36,2024-10-26 07:50:42,2024-10-27 09:19:52
1710,581,60,1,28.72,1.61,27.11,2023-04-14 02:23:09,2023-04-19 02:11:00
1711,582,50,4,147.87,89.73,501.75,2024-02-20 18:19:56,2024-02-26 20:14:57
1712,582,116,2,249.35,136.72,361.98,2025-03-18 19:06:17,2025-03-20 15:39:11
1713,582,34,4,27.65,23.26,87.34,2024-05-26 00:53:52,2024-05-29 12:17:27
1714,583,65,3,105.33,66.99,249.00,2023-12-26 23:57:51,2023-12-31 11:21:50
1715,584,2,4,351.53,122.93,1283.19,2024-01-21 20:40:38,2024-01-23 05:21:57
1716,584,92,5,37.54,12.33,175.37,2023-11-11 01:21:06,2023-11-14 01:46:10
1717,584,115,5,6.09,0.48,29.97,2024-04-03 14:01:42,2024-04-09 10:11:58
1718,584,59,5,384.40,481.30,1440.70,2024-05-17 03:56:42,2024-05-20 01:52:15
1719,584,110,5,290.53,374.62,1078.03,2024-01-12 16:52:33,2024-01-16 17:10:07
1720,585,116,5,163.58,211.26,606.64,2025-05-28 04:46:43,2025-06-01 20:47:06
1721,585,90,5,286.51,358.90,1073.65,2024-02-24 19:59:27,2024-02-27 20:30:20
1722,585,67,3,162.61,23.02,464.81,2025-10-03 21:49:25,2025-10-06 19:47:22
1723,585,5,3,208.45,118.12,507.23,2025-08-02 21:51:41,2025-08-03 22:13:51
1724,586,111,2,400.00,136.28,663.72,2023-11-23 05:50:10,2023-11-26 22:26:27
1725,587,17,5,384.73,502.74,1420.91,2025-06-19 05:15:29,2025-06-19 05:23:51
1726,587,6,4,421.45,432.80,1253.00,2024-01-09 04:56:57,2024-01-12 04:22:16
1727,587,60,4,60.27,10.32,230.76,2025-05-24 06:07:26,2025-05-26 13:05:15
1728,587,80,5,423.41,596.68,1520.37,2023-06-09 18:20:18,2023-06-11 19:53:25
1729,588,25,3,297.65,96.79,796.16,2024-11-06 22:45:08,2024-11-11 16:22:05
1730,588,6,3,274.23,54.56,768.13,2024-04-08 21:36:58,2024-04-15 20:15:40
1731,588,58,4,211.44,86.10,759.66,2025-09-24 05:44:20,2025-09-29 18:59:36
1732,589,90,1,60.41,9.32,51.09,2024-02-08 06:55:35,2024-02-11 07:23:38
1733,590,85,5,458.51,401.76,1890.79,2024-10-09 17:14:39,2024-10-11 18:57:25
1734,590,79,4,303.47,76.52,1137.36,2023-03-21 17:34:34,2023-03-27 02:49:35
1735,591,70,4,375.48,293.80,1208.12,2023-12-18 09:11:12,2023-12-20 21:50:43
1736,591,99,1,465.21,74.48,390.73,2024-06-11 02:37:08,2024-06-15 07:15:42
1737,591,12,5,170.50,19.46,833.04,2023-11-13 15:00:10,2023-11-15 04:43:51
1738,591,11,4,43.89,17.27,158.29,2023-03-08 11:41:52,2023-03-10 15:38:43
1739,592,70,3,154.26,109.35,353.43,2024-12-14 09:51:27,2024-12-17 16:54:39
1740,592,80,4,120.96,107.41,376.43,2023-01-15 23:14:06,2023-01-19 20:33:27
1741,592,94,3,269.91,141.93,667.80,2024-08-22 00:34:05,2024-08-23 22:11:39
1742,592,62,5,169.43,238.83,608.32,2023-03-16 15:49:24,2023-03-21 11:46:33
1743,593,54,3,75.26,21.39,204.39,2023-04-18 11:35:07,2023-04-19 07:32:14
1744,593,63,3,382.90,193.69,955.01,2024-02-24 04:26:38,2024-02-28 00:19:48
1745,593,42,5,55.98,9.61,270.29,2024-01-04 16:12:23,2024-01-09 17:28:20
1746,594,42,3,18.69,3.81,52.26,2025-05-11 04:25:34,2025-05-11 11:14:14
1747,595,40,5,187.67,45.70,892.65,2024-09-08 05:28:46,2024-09-11 07:08:14
1748,595,56,4,309.91,122.53,1117.11,2025-08-08 06:07:52,2025-08-12 21:30:57
1749,595,55,5,472.27,287.24,2074.11,2024-01-14 10:30:18,2024-01-16 21:27:30
1750,595,60,1,23.89,0.28,23.61,2025-08-31 04:55:17,2025-09-05 01:42:06
1751,595,115,2,169.60,54.76,284.44,2023-05-05 20:27:38,2023-05-10 17:20:06
1752,596,77,2,143.28,66.30,220.26,2025-06-14 07:53:59,2025-06-14 10:22:26
1753,596,68,4,283.95,87.19,1048.61,2024-10-08 06:40:17,2024-10-14 12:29:30
1754,597,63,4,81.87,55.00,272.48,2024-12-17 01:08:25,2024-12-22 09:30:45
1755,597,77,3,435.86,280.10,1027.48,2024-07-12 02:07:48,2024-07-14 09:08:36
1756,597,56,1,80.20,0.88,79.32,2023-01-03 00:02:55,2023-01-05 11:55:18
1757,598,11,2,202.48,116.38,288.58,2025-10-23 12:15:21,2025-10-29 19:12:54
1758,599,1,3,58.85,26.26,150.29,2023-11-04 19:08:00,2023-11-06 02:31:58
1759,599,34,2,13.95,5.35,22.55,2023-02-16 15:48:24,2023-02-21 06:16:32
1760,599,18,3,64.93,23.39,171.40,2025-05-07 18:47:44,2025-05-13 13:01:19
1761,599,110,3,99.62,81.83,217.03,2024-11-04 14:25:19,2024-11-10 16:59:46
1762,599,12,5,395.68,347.28,1631.12,2024-11-23 15:53:14,2024-11-24 07:18:00
1763,600,15,4,317.92,223.41,1048.27,2023-05-13 14:08:53,2023-05-13 16:15:25
1764,600,84,1,251.75,24.18,227.57,2025-09-20 00:02:11,2025-09-22 04:41:15
1765,600,115,3,299.88,175.32,724.32,2023-05-16 17:23:41,2023-05-17 13:20:24
1766,600,48,2,61.80,31.91,91.69,2023-04-11 15:21:41,2023-04-12 06:02:42
1767,600,18,5,439.77,483.59,1715.26,2024-09-12 08:10:12,2024-09-13 01:04:40
1768,601,110,1,353.38,104.59,248.79,2024-03-04 21:39:54,2024-03-10 23:18:46
1769,601,46,1,82.71,9.88,72.83,2023-08-22 13:55:38,2023-08-25 23:28:07
1770,601,70,3,109.97,66.54,263.37,2023-09-06 15:19:36,2023-09-09 11:09:04
1771,602,10,1,18.55,5.17,13.38,2024-10-28 10:57:14,2024-11-03 03:51:16
1772,603,14,5,223.24,248.13,868.07,2025-07-14 22:29:46,2025-07-15 11:33:13
1773,603,20,2,249.63,119.88,379.38,2025-01-02 07:54:10,2025-01-07 13:12:53
1774,603,11,5,51.70,19.24,239.26,2024-12-27 17:23:03,2024-12-30 09:46:08
1775,603,95,4,157.55,149.12,481.08,2025-07-18 05:27:14,2025-07-23 06:21:57
1776,604,117,3,32.15,5.33,91.12,2024-11-20 05:34:14,2024-11-26 08:10:43
1777,605,39,4,293.82,27.36,1147.92,2023-07-05 19:00:46,2023-07-07 23:00:39
1778,605,59,5,133.99,71.59,598.36,2023-08-23 18:10:52,2023-08-24 14:55:20
1779,605,102,1,235.47,11.70,223.77,2024-01-10 11:24:14,2024-01-16 11:52:09
1780,605,48,3,318.79,128.26,828.11,2024-10-19 17:00:23,2024-10-23 18:23:05
1781,606,7,2,409.70,10.30,809.10,2024-04-26 02:48:30,2024-04-26 10:43:16
1782,606,52,2,295.36,22.18,568.54,2024-04-14 16:33:35,2024-04-16 03:43:30
1783,606,93,4,332.37,148.33,1181.15,2023-01-29 23:10:15,2023-02-05 07:58:16
1784,607,88,5,54.70,22.20,251.30,2025-07-29 13:04:49,2025-07-30 11:27:45
1785,607,64,1,409.59,12.16,397.43,2023-06-17 15:50:30,2023-06-22 22:16:34
1786,607,11,3,192.12,52.11,524.25,2023-02-13 20:32:27,2023-02-19 11:35:34
1787,608,100,1,165.89,36.99,128.90,2023-09-11 22:39:32,2023-09-14 00:52:36
1788,608,78,1,327.15,91.20,235.95,2023-11-10 13:18:16,2023-11-15 00:01:26
1789,609,97,3,213.71,136.34,504.79,2023-10-09 06:12:41,2023-10-09 21:02:03
1790,609,32,2,128.78,19.97,237.59,2025-04-01 12:31:46,2025-04-07 16:22:51
1791,609,22,3,296.30,113.20,775.70,2024-12-31 01:06:47,2025-01-04 23:57:53
1792,609,112,3,45.83,6.10,131.39,2024-02-09 18:50:24,2024-02-15 10:21:47
1793,610,84,3,53.97,47.77,114.14,2024-11-10 10:14:26,2024-11-11 02:27:49
1794,611,107,1,13.74,0.62,13.12,2023-01-04 20:18:35,2023-01-06 21:43:06
1795,611,35,5,135.63,81.99,596.16,2023-10-29 18:55:17,2023-11-03 10:15:45
1796,611,47,2,52.25,17.84,86.66,2025-08-06 17:58:46,2025-08-07 12:54:49
1797,611,62,2,309.04,182.64,435.44,2025-09-23 10:24:10,2025-09-27 06:15:30
1798,611,52,2,291.72,142.65,440.79,2024-10-23 22:50:19,2024-10-24 00:09:42
1799,612,48,3,208.27,68.59,556.22,2024-04-08 13:02:34,2024-04-11 11:35:22
1800,613,85,2,438.01,228.72,647.30,2025-05-20 10:18:44,2025-05-20 19:38:44
1801,613,79,4,313.31,5.91,1247.33,2024-01-10 09:44:09,2024-01-12 07:03:50
1802,613,111,3,323.04,197.55,771.57,2025-02-11 20:21:53,2025-02-16 22:28:29
1803,614,89,1,95.98,17.33,78.65,2025-07-27 15:46:06,2025-07-31 00:32:15
1804,614,86,2,66.25,14.92,117.58,2023-05-07 22:40:46,2023-05-08 01:15:14
1805,614,1,2,42.12,12.25,71.99,2024-08-28 18:43:04,2024-09-04 07:12:34
1806,614,61,2,190.67,36.14,345.20,2025-03-07 04:42:55,2025-03-09 06:49:45
1807,614,83,1,125.80,2.07,123.73,2023-02-23 12:15:58,2023-02-26 21:25:33
1808,615,67,2,124.18,23.24,225.12,2025-03-26 14:16:39,2025-03-28 22:43:39
1809,615,90,2,499.76,257.91,741.61,2023-10-20 00:08:50,2023-10-21 14:18:28
1810,615,24,4,217.13,146.52,722.00,2024-02-20 12:13:08,2024-02-22 05:23:46
1811,615,10,1,370.58,67.84,302.74,2023-06-30 19:34:12,2023-07-03 21:47:43
1812,615,27,2,149.54,69.63,229.45,2023-07-27 13:19:05,2023-07-29 17:30:56
1813,616,99,5,455.91,597.50,1682.05,2023-03-14 02:46:33,2023-03-17 20:27:13
1814,616,29,3,148.92,111.10,335.66,2024-09-19 19:54:40,2024-09-21 08:58:59
1815,616,16,3,221.21,103.99,559.64,2023-06-27 00:28:28,2023-06-29 21:45:33
1816,616,5,5,449.63,505.10,1743.05,2023-10-17 17:31:04,2023-10-22 00:00:39
1817,617,99,3,203.99,64.95,547.02,2024-04-20 17:50:13,2024-04-25 15:27:55
1818,617,62,2,159.10,50.03,268.17,2024-01-26 22:29:16,2024-01-30 17:37:30
1819,617,98,5,304.47,221.62,1300.73,2024-06-20 08:59:30,2024-06-22 04:06:32
1820,618,13,5,464.34,614.25,1707.45,2024-07-02 09:31:12,2024-07-08 13:33:44
1821,618,103,1,246.08,13.46,232.62,2024-05-13 21:54:09,2024-05-16 20:31:53
1822,619,102,3,302.74,223.59,684.63,2023-09-30 13:10:41,2023-10-06 20:44:25
1823,620,92,2,302.03,49.50,554.56,2024-07-12 13:22:29,2024-07-15 09:06:09
1824,620,18,3,343.83,103.97,927.52,2024-03-23 20:12:03,2024-03-27 09:10:47
1825,620,8,1,315.78,31.23,284.55,2025-04-26 07:16:18,2025-05-02 01:30:02
1826,621,51,3,494.50,374.46,1109.04,2023-02-27 14:57:50,2023-03-04 17:05:16
1827,621,89,3,437.29,306.21,1005.66,2023-10-09 09:53:56,2023-10-12 22:24:54
1828,621,93,5,288.38,208.99,1232.91,2024-09-28 20:02:13,2024-10-03 20:14:50
1829,622,106,5,195.48,111.41,865.99,2024-07-12 06:57:02,2024-07-15 18:18:10
1830,622,48,5,294.25,272.49,1198.76,2024-09-30 11:10:26,2024-09-30 21:49:30
1831,622,71,2,155.10,88.67,221.53,2023-03-13 05:11:15,2023-03-15 11:19:11
1832,622,109,5,75.76,64.35,314.45,2025-05-23 04:24:37,2025-05-26 14:24:47
1833,622,86,5,169.07,58.77,786.58,2025-01-19 03:06:29,2025-01-20 05:22:57
1834,623,116,2,493.24,224.13,762.35,2025-08-15 11:57:41,2025-08-18 01:18:12
1835,623,112,4,146.68,25.36,561.36,2025-02-24 21:24:19,2025-02-28 07:49:17
1836,624,50,3,403.15,88.81,1120.64,2025-01-20 23:46:29,2025-01-25 13:38:46
1837,624,99,3,267.44,195.48,606.84,2024-08-06 13:19:59,2024-08-10 06:51:02
1838,624,58,5,116.41,140.96,441.09,2024-11-14 23:43:58,2024-11-15 20:01:04
1839,624,76,5,428.05,336.68,1803.57,2024-04-06 07:44:15,2024-04-06 17:43:41
1840,625,74,3,352.19,277.49,779.08,2025-02-12 15:14:49,2025-02-16 17:02:56
1841,625,103,5,380.06,330.12,1570.18,2024-07-12 09:12:01,2024-07-14 03:07:51
1842,625,18,2,330.41,116.68,544.14,2024-03-06 05:25:40,2024-03-08 11:43:51
1843,626,97,2,446.95,87.05,806.85,2025-01-19 09:59:58,2025-01-24 10:30:36
1844,626,67,5,274.32,160.55,1211.05,2023-06-20 11:55:58,2023-06-26 10:41:50
1845,626,95,4,53.28,48.54,164.58,2023-05-16 01:27:22,2023-05-16 16:01:33
1846,627,49,3,307.47,200.62,721.79,2023-09-25 19:06:31,2023-09-30 02:02:12
1847,628,66,1,296.53,36.96,259.57,2025-08-06 17:18:37,2025-08-10 07:58:30
1848,629,91,3,115.89,76.46,271.21,2023-06-11 18:15:13,2023-06-18 08:12:42
1849,629,8,3,7.38,2.85,19.29,2023-01-04 12:25:18,2023-01-05 20:44:57
1850,629,53,5,56.82,67.17,216.93,2023-10-26 21:07:40,2023-10-30 17:57:38
1851,630,37,3,43.07,12.37,116.84,2023-09-28 02:45:46,2023-09-29 02:03:53
1852,630,79,4,337.56,123.18,1227.06,2024-09-17 06:40:32,2024-09-18 17:09:24
1853,631,105,3,86.14,22.88,235.54,2023-08-07 20:43:22,2023-08-11 03:51:20
1854,631,88,2,236.32,35.73,436.91,2024-03-20 12:58:34,2024-03-22 10:34:17
1855,631,117,4,209.53,228.71,609.41,2024-09-04 11:53:10,2024-09-06 08:40:48
1856,631,74,5,211.08,110.11,945.29,2025-05-06 00:12:39,2025-05-08 13:50:04
1857,632,89,1,471.76,129.31,342.45,2025-03-02 21:57:40,2025-03-04 17:42:11
1858,633,89,2,118.09,16.24,219.94,2024-12-21 19:49:57,2024-12-27 20:49:06
1859,633,38,3,466.20,186.49,1212.11,2024-04-03 06:41:24,2024-04-06 16:59:10
1860,633,4,4,64.79,8.46,250.70,2025-08-06 05:45:10,2025-08-10 08:34:41
1861,633,50,1,163.67,17.02,146.65,2024-07-31 06:49:02,2024-08-06 11:55:21
1862,633,14,4,31.45,22.99,102.81,2023-08-13 00:14:39,2023-08-18 07:22:34
1863,634,35,2,140.78,75.61,205.95,2025-08-09 11:29:34,2025-08-11 04:46:12
1864,635,107,4,285.55,17.37,1124.83,2023-04-01 12:23:26,2023-04-02 00:40:10
1865,636,44,4,217.22,45.56,823.32,2024-09-20 21:30:47,2024-09-26 14:56:13
1866,636,98,3,129.40,59.41,328.79,2025-06-06 06:47:41,2025-06-08 17:43:30
1867,636,14,3,95.64,79.68,207.24,2025-09-04 22:37:50,2025-09-11 15:05:32
1868,636,24,2,421.96,81.67,762.25,2025-01-11 20:05:09,2025-01-13 14:17:46
1869,636,27,4,398.80,30.74,1564.46,2024-03-08 07:20:44,2024-03-11 21:34:52
1870,637,90,3,438.97,16.79,1300.12,2025-11-07 07:38:31,2025-11-10 04:57:04
1871,637,12,2,136.09,28.93,243.25,2023-08-24 05:42:28,2023-08-26 18:45:52
1872,637,119,3,342.88,122.97,905.67,2025-04-30 04:13:06,2025-05-01 12:59:09
1873,637,104,1,296.03,63.26,232.77,2023-12-08 05:41:15,2023-12-14 01:03:09
1874,638,8,4,498.58,595.62,1398.70,2023-11-14 14:03:55,2023-11-17 13:51:45
1875,638,2,5,467.33,35.14,2301.51,2025-02-02 19:10:35,2025-02-05 22:52:13
1876,639,11,1,328.44,74.27,254.17,2025-06-02 14:59:17,2025-06-04 19:55:15
1877,639,35,1,306.08,8.90,297.18,2024-09-24 11:58:11,2024-09-27 15:24:52
1878,639,2,5,139.62,78.65,619.45,2025-10-13 15:52:12,2025-10-15 06:11:06
1879,639,97,3,450.87,152.43,1200.18,2024-03-13 23:46:38,2024-03-18 11:22:06
1880,639,25,5,292.54,343.14,1119.56,2024-04-09 11:54:00,2024-04-15 13:00:24
1881,640,101,3,460.92,393.07,989.69,2025-04-01 00:43:24,2025-04-06 23:23:20
1882,640,49,2,212.98,121.77,304.19,2025-09-15 00:14:29,2025-09-20 04:34:37
1883,640,38,1,59.44,10.76,48.68,2024-11-12 02:22:36,2024-11-16 01:42:44
1884,640,60,3,283.76,52.32,798.96,2025-03-12 11:56:54,2025-03-18 00:04:09
1885,640,36,4,307.30,246.30,982.90,2023-07-18 11:21:20,2023-07-21 09:53:55
1886,641,50,3,8.18,1.94,22.60,2024-08-14 20:31:10,2024-08-19 18:43:17
1887,642,48,4,186.95,143.92,603.88,2023-03-07 17:20:02,2023-03-09 02:08:53
1888,642,70,5,249.69,171.18,1077.27,2024-06-01 21:11:44,2024-06-04 19:13:42
1889,642,72,2,425.00,163.49,686.51,2025-11-04 19:26:29,2025-11-09 07:44:38
1890,642,120,4,205.83,96.51,726.81,2024-11-14 06:49:34,2024-11-19 09:37:23
1891,643,50,1,296.66,64.10,232.56,2023-05-09 16:08:47,2023-05-14 15:00:33
1892,643,97,4,141.52,120.29,445.79,2024-11-16 04:55:00,2024-11-20 14:01:56
1893,643,119,2,335.52,53.24,617.80,2023-10-19 16:47:44,2023-10-21 03:24:21
1894,643,4,4,17.53,0.40,69.72,2024-03-24 23:10:20,2024-03-27 15:45:50
1895,643,83,3,356.78,244.47,825.87,2025-02-08 04:16:35,2025-02-11 01:08:29
1896,644,115,5,68.24,48.17,293.03,2025-09-26 10:47:35,2025-09-29 13:21:36
1897,645,83,1,353.06,40.26,312.80,2023-03-21 18:54:37,2023-03-28 10:44:11
1898,645,66,2,200.35,60.91,339.79,2025-01-05 12:08:33,2025-01-11 00:39:48
1899,645,2,5,55.08,9.20,266.20,2023-01-09 05:55:58,2023-01-10 17:10:03
1900,645,18,5,477.96,293.95,2095.85,2023-12-24 07:44:17,2023-12-31 01:52:42
1901,646,22,4,340.60,55.41,1306.99,2025-05-21 15:43:05,2025-05-24 22:17:27
1902,647,36,1,462.17,108.03,354.14,2024-02-06 07:40:16,2024-02-08 04:59:20
1903,648,29,2,380.20,24.80,735.60,2024-10-17 14:15:43,2024-10-17 18:03:43
1904,649,47,2,72.15,0.15,144.15,2023-01-09 11:17:34,2023-01-12 18:08:06
1905,649,80,2,256.90,33.25,480.55,2024-11-10 00:33:03,2024-11-12 17:49:35
1906,649,37,5,147.59,121.70,616.25,2025-09-03 06:22:12,2025-09-09 22:47:39
1907,650,23,5,219.21,169.78,926.27,2025-05-23 09:37:16,2025-05-25 06:27:43
1908,650,40,1,13.62,1.47,12.15,2023-03-06 01:15:52,2023-03-11 18:08:52
1909,650,37,1,312.55,83.39,229.16,2025-04-30 17:56:44,2025-05-04 07:59:22
1910,651,96,1,41.99,2.15,39.84,2024-01-05 10:16:17,2024-01-09 11:11:43
1911,651,3,3,425.20,263.26,1012.34,2024-01-21 05:58:46,2024-01-22 23:03:18
1912,651,1,3,473.28,65.36,1354.48,2023-04-06 17:19:09,2023-04-11 12:33:59
1913,651,11,3,158.23,46.51,428.18,2025-11-03 14:12:20,2025-11-10 00:12:10
1914,652,112,3,100.91,34.88,267.85,2024-04-26 06:22:47,2024-04-26 17:03:19
1915,652,42,4,356.28,283.77,1141.35,2025-06-03 16:27:39,2025-06-04 06:16:06
1916,652,18,4,197.07,105.95,682.33,2023-12-24 11:29:24,2023-12-27 00:24:47
1917,652,3,4,47.71,17.14,173.70,2023-03-12 21:31:10,2023-03-15 12:24:32
1918,653,80,3,94.84,44.18,240.34,2024-06-23 18:16:23,2024-06-29 05:53:01
1919,653,96,4,268.90,208.86,866.74,2023-07-17 07:36:30,2023-07-18 06:33:53
1920,654,17,2,31.18,17.22,45.14,2025-04-24 04:50:45,2025-04-30 09:14:08
1921,654,7,2,204.87,95.74,314.00,2024-09-10 15:13:17,2024-09-14 17:24:55
1922,654,1,3,10.97,9.83,23.08,2023-08-09 16:59:31,2023-08-10 16:24:22
1923,655,60,5,176.60,74.56,808.44,2024-02-09 20:58:13,2024-02-11 17:31:24
1924,655,99,3,268.10,144.01,660.29,2023-03-04 02:13:08,2023-03-05 11:07:27
1925,655,29,5,264.61,235.69,1087.36,2025-09-23 05:29:00,2025-09-26 00:54:05
1926,656,104,2,482.04,286.45,677.63,2025-08-24 01:34:11,2025-08-29 16:27:19
1927,656,116,5,249.80,167.26,1081.74,2025-07-20 11:05:40,2025-07-21 00:55:48
1928,656,110,4,77.14,67.86,240.70,2025-08-24 04:01:00,2025-08-28 19:52:15
1929,656,66,4,253.18,199.50,813.22,2023-11-10 07:52:13,2023-11-12 15:48:48
1930,657,74,1,298.13,61.73,236.40,2024-09-29 23:41:17,2024-10-02 04:11:13
1931,657,19,1,380.41,56.55,323.86,2023-10-24 10:02:44,2023-10-30 20:16:39
1932,657,12,5,474.62,57.71,2315.39,2024-08-10 07:01:48,2024-08-15 12:15:23
1933,658,41,5,28.01,40.36,99.69,2023-12-21 18:04:59,2023-12-21 18:44:36
1934,658,31,1,243.86,67.18,176.68,2025-04-05 14:03:02,2025-04-10 08:23:40
1935,658,116,1,437.79,119.27,318.52,2023-05-04 12:33:46,2023-05-08 18:50:32
1936,658,73,4,423.10,276.49,1415.91,2025-06-09 08:56:16,2025-06-11 09:25:50
1937,658,15,1,89.68,4.89,84.79,2024-04-01 04:42:46,2024-04-05 07:43:28
1938,659,16,1,118.70,28.72,89.98,2025-07-03 12:43:16,2025-07-09 01:07:06
1939,659,35,1,343.33,47.99,295.34,2023-01-18 07:23:29,2023-01-23 21:40:02
1940,659,8,1,375.91,107.64,268.27,2024-05-25 13:29:35,2024-05-25 20:23:22
1941,659,99,3,345.72,25.95,1011.21,2025-10-08 15:08:46,2025-10-08 22:17:08
1942,659,38,3,487.61,95.85,1366.98,2023-11-24 15:50:42,2023-11-27 21:36:26
1943,660,117,3,472.59,422.04,995.73,2023-04-12 07:28:38,2023-04-12 21:29:41
1944,660,58,3,241.53,70.13,654.46,2024-01-04 02:27:55,2024-01-06 11:19:51
1945,661,98,5,487.30,292.53,2143.97,2025-10-29 19:01:30,2025-11-05 12:37:41
1946,661,31,4,273.64,282.46,812.10,2023-06-01 13:45:39,2023-06-05 19:50:51
1947,661,103,2,178.51,93.38,263.64,2023-12-23 12:31:49,2023-12-25 07:25:21
1948,662,77,3,494.29,50.99,1431.88,2023-02-18 18:02:25,2023-02-22 15:32:08
1949,662,18,2,404.18,92.04,716.32,2025-04-09 23:29:46,2025-04-15 15:18:56
1950,662,91,5,34.85,27.02,147.23,2024-09-06 20:48:21,2024-09-08 21:22:32
1951,662,36,4,310.75,319.33,923.67,2025-05-02 02:50:55,2025-05-03 10:22:14
1952,663,56,2,386.00,49.35,722.65,2025-03-15 17:09:25,2025-03-15 23:22:48
1953,664,33,2,421.53,180.47,662.59,2024-03-31 10:35:13,2024-04-02 08:07:14
1954,664,58,4,133.64,96.73,437.83,2024-07-20 07:24:08,2024-07-22 13:53:47
1955,664,46,1,433.28,15.89,417.39,2024-06-16 14:14:47,2024-06-18 21:16:32
1956,664,37,3,224.24,30.41,642.31,2023-07-05 13:12:57,2023-07-11 21:18:08
1957,664,2,3,71.24,19.77,193.95,2023-07-13 17:17:31,2023-07-17 02:40:47
1958,665,29,1,254.69,28.69,226.00,2024-09-07 01:27:27,2024-09-09 10:41:07
1959,666,51,4,20.82,13.88,69.40,2024-06-12 14:02:21,2024-06-14 16:49:09
1960,666,52,3,42.57,32.13,95.58,2023-11-19 05:31:44,2023-11-19 16:06:59
1961,666,7,5,260.74,106.01,1197.69,2023-02-06 16:39:04,2023-02-08 13:32:22
1962,666,11,4,307.80,184.26,1046.94,2024-01-06 10:16:48,2024-01-07 15:50:35
1963,667,55,4,234.54,199.64,738.52,2025-10-07 01:32:28,2025-10-12 21:43:56
1964,668,58,1,354.15,6.33,347.82,2023-06-06 21:02:36,2023-06-10 14:24:42
1965,668,27,2,112.57,65.74,159.40,2024-04-13 20:20:14,2024-04-19 17:02:22
1966,668,9,1,422.29,39.97,382.32,2023-09-08 14:31:13,2023-09-12 02:31:29
1967,668,19,5,451.24,226.86,2029.34,2023-02-04 10:31:34,2023-02-05 13:32:31
1968,668,112,4,193.21,11.58,761.26,2025-07-31 18:21:37,2025-08-06 05:19:20
1969,669,24,3,446.27,260.77,1078.04,2023-09-19 03:22:38,2023-09-23 04:43:54
1970,670,107,2,174.59,82.53,266.65,2023-04-25 16:36:58,2023-05-02 13:32:59
1971,670,11,4,52.52,9.85,200.23,2024-05-01 08:09:01,2024-05-01 14:47:10
1972,670,6,2,165.60,7.11,324.09,2023-12-15 12:14:01,2023-12-15 23:54:51
1973,670,75,3,142.09,44.91,381.36,2023-12-27 06:27:12,2023-12-28 16:35:21
1974,671,47,5,179.30,117.79,778.71,2024-04-16 20:35:46,2024-04-18 11:48:58
1975,671,113,5,382.78,0.23,1913.67,2023-05-05 00:22:09,2023-05-06 04:21:25
1976,671,44,1,447.35,80.38,366.97,2023-05-20 07:33:35,2023-05-25 23:46:37
1977,671,9,3,158.82,21.81,454.65,2025-09-02 10:26:37,2025-09-03 23:33:41
1978,671,2,3,38.23,3.78,110.91,2023-12-28 19:01:53,2024-01-04 01:08:38
1979,672,115,3,406.94,323.55,897.27,2023-01-31 04:24:48,2023-02-04 15:31:37
1980,672,13,4,329.25,78.73,1238.27,2025-07-03 11:14:01,2025-07-03 13:35:15
1981,672,104,4,71.89,21.47,266.09,2025-03-16 13:16:19,2025-03-18 11:15:56
1982,672,94,3,60.15,22.29,158.16,2023-04-24 09:11:12,2023-04-25 03:45:09
1983,672,29,5,226.29,106.16,1025.29,2023-03-25 07:06:29,2023-03-26 22:59:16
1984,673,119,2,496.25,51.93,940.57,2023-01-31 15:34:22,2023-02-06 01:26:01
1985,673,91,2,492.19,70.47,913.91,2023-12-17 03:45:12,2023-12-21 22:46:14
1986,673,47,4,68.14,65.19,207.37,2025-05-04 13:43:55,2025-05-07 23:48:48
1987,674,29,2,348.44,201.50,495.38,2025-09-13 12:51:12,2025-09-18 14:09:35
1988,674,41,3,32.29,16.39,80.48,2025-04-16 01:11:12,2025-04-16 01:31:59
1989,675,56,3,233.64,182.17,518.75,2025-02-13 01:14:40,2025-02-16 23:23:42
1990,675,109,4,254.93,209.87,809.85,2023-05-09 04:34:42,2023-05-14 12:24:31
1991,675,82,1,226.46,28.94,197.52,2024-09-13 00:52:01,2024-09-17 01:59:55
1992,675,31,3,202.63,136.50,471.39,2024-08-06 04:57:59,2024-08-07 12:54:48
1993,676,50,2,6.22,0.85,11.59,2023-02-05 12:24:11,2023-02-10 14:56:47
1994,676,3,3,487.22,338.38,1123.28,2023-05-28 11:02:51,2023-05-29 08:21:26
1995,676,13,2,71.01,34.09,107.93,2023-04-21 18:11:12,2023-04-22 19:23:08
1996,676,120,1,479.52,13.13,466.39,2024-06-17 13:58:32,2024-06-18 03:48:58
1997,676,37,3,453.99,78.34,1283.63,2024-04-30 09:27:24,2024-05-06 22:23:57
1998,677,109,2,198.78,16.01,381.55,2024-07-12 13:53:11,2024-07-19 02:11:10
1999,677,28,1,240.75,60.92,179.83,2025-06-15 22:00:06,2025-06-20 05:45:53
2000,677,88,2,248.59,58.36,438.82,2025-10-02 15:40:22,2025-10-07 18:34:21
2001,677,43,4,17.79,13.98,57.18,2024-10-15 03:55:42,2024-10-19 04:58:02
2002,677,105,3,6.93,1.15,19.64,2025-07-13 10:03:13,2025-07-20 05:45:22
2003,678,80,1,192.50,22.98,169.52,2023-05-16 04:02:56,2023-05-16 04:21:21
2004,678,8,2,198.20,44.79,351.61,2023-11-19 23:17:02,2023-11-25 19:04:24
2005,678,35,5,167.99,54.83,785.12,2023-02-10 13:45:42,2023-02-15 20:20:02
2006,678,72,2,398.48,109.61,687.35,2025-06-21 17:13:14,2025-06-26 13:12:18
2007,678,21,5,244.51,41.25,1181.30,2023-05-31 21:39:30,2023-06-04 06:11:56
2008,679,52,3,368.07,295.50,808.71,2024-05-04 03:47:05,2024-05-08 23:25:00
2009,679,71,2,53.25,13.39,93.11,2025-06-02 13:14:33,2025-06-07 11:03:48
2010,679,100,5,75.28,11.50,364.90,2025-10-30 14:15:27,2025-10-31 23:25:27
2011,679,20,2,379.91,48.61,711.21,2023-01-27 22:45:52,2023-01-29 04:10:22
2012,679,84,3,358.12,98.71,975.65,2023-06-26 08:15:33,2023-06-26 17:17:10
2013,680,114,5,285.54,408.02,1019.68,2023-01-01 13:53:02,2023-01-06 13:15:40
2014,680,97,5,81.64,10.62,397.58,2023-12-17 11:55:57,2023-12-20 18:59:21
2015,680,46,3,102.42,6.34,300.92,2024-03-13 14:15:00,2024-03-19 00:52:33
2016,680,84,4,93.76,6.97,368.07,2024-12-17 00:17:04,2024-12-21 14:35:32
2017,681,4,5,126.51,11.54,621.01,2024-12-26 05:30:34,2024-12-29 17:55:37
2018,681,60,5,10.48,8.97,43.43,2024-05-24 14:34:17,2024-05-28 08:29:56
2019,682,78,5,423.26,538.03,1578.27,2023-06-27 14:40:09,2023-07-01 00:17:00
2020,682,110,2,297.19,165.89,428.49,2025-10-29 12:20:00,2025-11-01 01:33:40
2021,683,30,1,351.48,86.29,265.19,2023-11-18 13:44:05,2023-11-22 09:33:08
2022,684,105,3,223.70,39.39,631.71,2023-12-07 17:55:04,2023-12-10 17:14:47
2023,685,28,2,331.48,38.56,624.40,2025-06-27 09:00:07,2025-06-29 15:14:16
2024,685,93,2,216.75,75.85,357.65,2023-04-14 14:53:17,2023-04-20 23:01:32
2025,686,45,2,201.73,80.61,322.85,2024-05-20 02:25:24,2024-05-20 14:11:36
2026,686,31,4,237.22,241.11,707.77,2025-10-26 09:19:28,2025-11-01 01:29:35
2027,687,89,1,329.61,88.78,240.83,2024-11-16 17:53:37,2024-11-22 21:36:08
2028,687,92,5,146.77,30.63,703.22,2024-07-18 23:34:37,2024-07-20 23:22:42
2029,687,67,5,80.38,74.34,327.56,2025-11-19 17:33:35,2025-11-25 18:57:28
2030,687,6,2,240.46,122.05,358.87,2025-08-19 04:34:18,2025-08-24 16:32:01
2031,688,84,1,7.82,0.59,7.23,2023-04-21 00:15:35,2023-04-23 21:07:03
2032,688,52,2,146.18,79.51,212.85,2025-11-02 20:37:31,2025-11-04 06:04:03
2033,688,32,3,124.62,8.28,365.58,2023-11-25 05:02:30,2023-11-27 17:59:26
2034,688,34,2,419.17,12.70,825.64,2024-01-03 02:47:10,2024-01-07 06:18:02
2035,689,104,2,474.67,57.28,892.06,2024-01-22 17:46:57,2024-01-26 21:13:28
2036,689,26,5,90.82,24.04,430.06,2024-08-25 17:27:41,2024-08-31 06:22:43
2037,690,57,1,43.81,2.33,41.48,2023-10-03 07:51:12,2023-10-09 11:53:00
2038,691,92,1,185.61,23.15,162.46,2023-04-13 13:06:54,2023-04-14 19:53:01
2039,691,27,3,110.90,32.67,300.03,2024-03-24 13:50:14,2024-03-30 10:04:32
2040,692,30,4,37.85,37.76,113.64,2023-12-09 09:18:37,2023-12-15 13:29:29
2041,692,70,1,265.90,57.33,208.57,2024-01-18 01:32:30,2024-01-20 18:02:00
2042,693,9,5,47.02,20.23,214.87,2025-10-11 19:49:45,2025-10-17 06:18:49
2043,693,78,4,35.21,10.51,130.33,2023-02-03 20:31:48,2023-02-07 10:44:57
2044,693,31,2,262.50,115.95,409.05,2023-08-04 19:24:37,2023-08-10 16:50:41
2045,693,35,1,280.83,80.99,199.84,2024-11-18 19:15:15,2024-11-21 05:59:57
2046,693,41,4,335.81,387.25,955.99,2025-06-11 20:07:58,2025-06-13 19:11:26
2047,694,32,1,465.81,113.05,352.76,2025-05-10 15:43:11,2025-05-15 16:28:05
2048,694,62,1,378.58,23.06,355.52,2025-06-15 07:32:13,2025-06-16 15:05:46
2049,694,111,2,123.59,24.09,223.09,2025-08-19 07:55:25,2025-08-24 10:08:19
2050,694,38,5,148.96,112.81,631.99,2024-06-07 15:45:51,2024-06-09 00:32:32
2051,694,97,4,372.58,427.91,1062.41,2025-03-27 01:19:03,2025-04-01 20:35:58
2052,695,75,1,150.73,19.56,131.17,2024-03-25 08:46:35,2024-03-28 05:26:35
2053,696,38,3,40.99,30.22,92.75,2023-02-19 19:28:16,2023-02-21 09:41:26
2054,696,18,2,463.25,202.34,724.16,2023-11-17 07:38:48,2023-11-22 10:38:20
2055,697,39,4,233.79,33.50,901.66,2025-07-30 22:24:27,2025-08-04 02:39:34
2056,697,63,3,381.38,95.50,1048.64,2025-10-02 16:43:13,2025-10-06 23:04:05
2057,697,119,4,242.25,141.34,827.66,2025-04-05 19:25:53,2025-04-07 03:38:48
2058,697,101,5,318.82,48.37,1545.73,2025-05-19 12:46:20,2025-05-24 07:34:56
2059,698,69,3,399.64,125.47,1073.45,2024-03-20 16:27:38,2024-03-26 23:19:32
2060,698,79,2,187.40,20.49,354.31,2024-11-12 16:40:56,2024-11-19 03:37:05
2061,698,23,1,28.19,4.97,23.22,2023-09-27 11:31:56,2023-09-28 02:58:21
2062,699,74,5,74.15,80.56,290.19,2024-11-26 02:06:13,2024-12-01 19:07:17
2063,699,73,3,405.39,231.80,984.37,2024-11-18 17:03:50,2024-11-20 05:44:40
2064,700,19,1,113.19,21.34,91.85,2025-11-22 01:22:45,2025-11-24 06:41:20
2065,701,36,4,417.10,366.25,1302.15,2025-02-26 20:56:48,2025-02-28 01:25:24
2066,701,31,3,441.45,135.20,1189.15,2023-12-20 12:29:21,2023-12-21 17:54:06
2067,701,41,2,400.70,164.05,637.35,2025-04-13 21:07:43,2025-04-15 12:14:23
2068,702,25,4,116.80,103.93,363.27,2023-01-26 00:01:40,2023-01-28 09:09:08
2069,702,13,2,113.15,45.98,180.32,2024-08-01 11:19:27,2024-08-06 06:08:34
2070,702,80,5,417.73,441.02,1647.63,2025-09-12 19:16:28,2025-09-14 13:02:14
2071,702,2,5,392.69,400.72,1562.73,2024-07-10 11:15:23,2024-07-17 07:03:03
2072,702,33,2,65.40,24.16,106.64,2023-02-01 22:36:28,2023-02-08 19:44:29
2073,703,90,1,210.18,0.33,209.85,2024-08-28 22:08:00,2024-09-01 16:23:11
2074,703,86,2,399.30,143.15,655.45,2023-08-14 15:28:59,2023-08-18 09:22:02
2075,703,48,3,427.62,217.12,1065.74,2025-06-29 23:13:41,2025-07-02 13:50:34
2076,703,106,4,461.43,172.83,1672.89,2023-09-11 04:54:06,2023-09-15 12:27:03
2077,704,1,1,229.54,52.48,177.06,2023-05-05 19:15:45,2023-05-06 06:29:03
2078,704,5,2,245.52,138.50,352.54,2024-10-30 23:03:09,2024-11-01 00:00:31
2079,704,19,1,411.99,94.16,317.83,2025-04-01 00:21:40,2025-04-06 15:52:01
2080,704,32,1,285.49,22.32,263.17,2023-09-03 09:48:25,2023-09-04 13:05:42
2081,705,103,4,471.28,6.15,1878.97,2024-11-30 16:51:45,2024-12-04 05:57:39
2082,705,35,1,403.88,42.26,361.62,2025-03-27 04:45:07,2025-04-01 12:08:59
2083,706,109,5,390.60,479.83,1473.17,2025-01-05 14:24:03,2025-01-10 05:34:40
2084,706,67,2,59.53,23.08,95.98,2024-04-30 00:10:12,2024-05-05 17:29:00
2085,706,46,2,377.39,39.95,714.83,2023-05-12 21:52:26,2023-05-18 15:28:01
2086,706,86,3,408.44,219.64,1005.68,2023-03-02 19:58:56,2023-03-08 21:06:31
2087,707,8,3,378.60,201.92,933.88,2025-10-09 17:21:45,2025-10-13 04:28:18
2088,707,3,4,102.92,27.79,383.89,2023-07-05 01:19:29,2023-07-10 07:00:00
2089,707,56,2,64.21,14.35,114.07,2024-05-17 16:04:43,2024-05-23 07:43:15
2090,708,62,3,354.08,115.13,947.11,2025-02-13 10:37:31,2025-02-19 19:28:00
2091,708,85,4,175.20,8.74,692.06,2025-05-20 17:55:18,2025-05-21 22:09:47
2092,708,75,1,148.36,29.93,118.43,2025-10-06 23:49:53,2025-10-07 20:21:15
2093,708,11,4,496.78,429.69,1557.43,2023-11-15 17:14:27,2023-11-17 04:58:23
2094,709,4,2,474.22,103.42,845.02,2024-01-05 07:45:04,2024-01-07 15:32:36
2095,709,23,4,10.84,10.65,32.71,2023-01-25 00:58:53,2023-01-27 01:04:35
2096,709,34,1,358.51,41.09,317.42,2025-06-11 09:58:28,2025-06-12 17:24:16
2097,709,120,5,90.13,59.88,390.77,2023-11-28 15:11:47,2023-12-05 12:29:05
2098,710,76,2,474.01,28.05,919.97,2025-07-11 06:23:36,2025-07-11 20:21:36
2099,710,67,2,183.13,25.29,340.97,2024-11-20 22:42:00,2024-11-26 23:39:58
2100,710,66,2,387.13,221.85,552.41,2025-07-16 13:23:13,2025-07-16 17:43:36
2101,710,50,5,380.27,554.35,1347.00,2023-10-29 18:43:04,2023-11-02 07:13:44
2102,711,52,5,140.74,141.32,562.38,2023-07-13 17:25:43,2023-07-19 23:47:46
2103,711,72,5,137.25,71.92,614.33,2024-01-21 19:58:15,2024-01-23 14:35:07
2104,711,4,4,333.87,276.77,1058.71,2023-10-16 18:55:23,2023-10-17 12:26:19
2105,711,48,2,39.61,13.72,65.50,2024-09-30 10:45:41,2024-10-06 10:10:36
2106,712,32,5,448.17,375.80,1865.05,2023-08-13 15:43:40,2023-08-18 21:50:22
2107,712,74,2,317.81,32.95,602.67,2024-06-18 11:27:35,2024-06-24 08:01:30
2108,713,44,4,284.28,220.87,916.25,2024-10-16 00:50:33,2024-10-21 22:14:47
2109,713,4,3,161.71,42.07,443.06,2025-02-02 15:13:31,2025-02-03 15:22:34
2110,713,70,3,312.78,229.22,709.12,2025-10-19 11:24:30,2025-10-21 08:48:58
2111,713,99,1,73.68,21.75,51.93,2024-12-30 17:31:11,2025-01-02 07:38:40
2112,714,80,3,9.45,2.79,25.56,2024-07-05 08:40:34,2024-07-10 08:58:26
2113,714,56,1,34.47,6.93,27.54,2025-07-31 17:15:41,2025-08-06 16:12:22
2114,714,66,3,113.28,82.22,257.62,2023-08-16 08:59:01,2023-08-20 08:32:58
2115,714,61,4,375.91,214.87,1288.77,2025-07-15 15:30:09,2025-07-16 13:44:32
2116,714,29,4,61.53,33.16,212.96,2025-05-06 08:45:58,2025-05-06 19:11:43
2117,715,110,4,486.74,202.41,1744.55,2024-02-19 03:06:32,2024-02-22 20:55:35
2118,715,14,4,415.80,64.87,1598.33,2025-08-08 10:24:55,2025-08-09 05:52:53
2119,715,22,2,37.58,18.40,56.76,2023-06-09 19:05:37,2023-06-11 08:30:06
2120,715,99,4,395.50,142.25,1439.75,2024-01-22 18:02:32,2024-01-23 16:12:57
2121,715,28,2,209.50,109.48,309.52,2023-10-21 15:57:15,2023-10-24 09:15:25
2122,716,113,3,195.82,168.34,419.12,2024-07-04 11:29:34,2024-07-06 11:57:42
2123,716,47,5,97.21,132.54,353.51,2023-01-02 16:57:32,2023-01-09 05:57:06
2124,716,52,2,215.49,54.38,376.60,2024-02-16 00:28:48,2024-02-22 14:58:24
2125,716,97,5,147.45,74.96,662.29,2023-10-19 17:36:06,2023-10-24 23:37:50
2126,717,65,3,363.87,8.13,1083.48,2024-12-08 15:39:24,2024-12-09 02:21:43
2127,717,115,2,492.48,241.67,743.29,2023-03-05 15:49:18,2023-03-10 01:03:59
2128,717,110,3,209.53,173.68,454.91,2023-10-07 18:49:21,2023-10-14 00:34:19
2129,717,53,4,47.52,24.56,165.52,2024-05-15 22:02:26,2024-05-20 22:32:07
2130,717,91,3,239.51,167.34,551.19,2024-05-28 15:16:39,2024-06-02 15:31:37
2131,718,14,1,39.57,9.68,29.89,2023-11-07 03:43:52,2023-11-10 07:12:09
2132,718,55,2,206.73,86.88,326.58,2023-11-23 23:25:43,2023-11-24 00:53:32
2133,718,86,2,18.46,1.19,35.73,2023-11-14 14:52:57,2023-11-18 20:32:06
2134,718,50,2,456.70,145.83,767.57,2024-07-08 06:18:48,2024-07-14 07:12:40
2135,718,64,3,203.77,17.12,594.19,2024-01-18 17:03:59,2024-01-21 13:34:40
2136,719,56,2,145.40,20.18,270.62,2023-10-22 04:56:49,2023-10-28 06:54:34
2137,719,86,2,276.35,48.38,504.32,2025-08-01 14:09:38,2025-08-03 19:17:18
2138,719,72,1,60.06,10.05,50.01,2025-06-26 22:31:12,2025-06-28 13:41:40
2139,719,5,2,305.66,67.40,543.92,2024-06-08 14:35:27,2024-06-15 07:00:44
2140,720,36,5,201.05,206.03,799.22,2025-08-27 21:37:34,2025-08-29 08:20:54
2141,720,42,1,274.09,29.59,244.50,2023-08-16 17:46:50,2023-08-19 21:50:20
2142,721,58,1,28.90,5.73,23.17,2023-01-17 13:54:44,2023-01-21 19:43:33
2143,722,102,2,379.57,214.09,545.05,2024-04-16 02:55:53,2024-04-19 23:33:22
2144,722,97,1,155.78,33.70,122.08,2025-05-23 10:24:16,2025-05-30 04:02:36
2145,722,111,2,99.50,9.01,189.99,2024-03-11 11:57:26,2024-03-18 00:17:24
2146,722,118,1,14.19,0.60,13.59,2025-08-26 00:45:53,2025-08-31 05:44:27
2147,722,110,4,28.76,2.22,112.82,2025-06-12 04:02:27,2025-06-17 22:34:59
2148,723,20,3,128.70,12.56,373.54,2023-09-20 12:28:55,2023-09-22 21:40:25
2149,723,66,5,172.65,222.82,640.43,2025-07-17 10:39:44,2025-07-18 10:07:24
2150,723,46,3,133.28,118.23,281.61,2023-11-07 19:35:06,2023-11-10 16:54:15
2151,723,78,4,179.58,194.41,523.91,2023-07-07 03:58:18,2023-07-13 03:55:40
2152,724,59,5,17.80,11.36,77.64,2023-12-22 22:22:03,2023-12-26 18:39:17
2153,724,101,1,131.28,14.48,116.80,2024-10-14 16:11:11,2024-10-16 04:18:21
2154,724,78,1,473.89,29.69,444.20,2024-02-08 11:22:24,2024-02-11 04:52:52
2155,724,113,2,168.97,31.57,306.37,2023-11-12 22:44:21,2023-11-16 16:59:00
2156,725,23,3,493.42,397.79,1082.47,2023-07-01 03:49:51,2023-07-05 13:47:37
2157,725,3,3,55.74,15.92,151.30,2023-02-08 08:43:17,2023-02-08 14:50:34
2158,725,81,3,135.55,31.25,375.40,2024-11-03 15:52:38,2024-11-07 12:03:41
2159,725,100,4,312.18,162.75,1085.97,2024-07-02 04:58:56,2024-07-05 18:46:54
2160,725,45,5,437.00,632.17,1552.83,2024-06-20 02:38:13,2024-06-23 23:54:33
2161,726,4,4,11.54,5.77,40.39,2024-01-24 23:13:25,2024-01-27 21:00:34
2162,726,19,2,162.88,6.27,319.49,2023-03-24 08:31:44,2023-03-25 09:05:05
2163,726,64,3,101.66,79.66,225.32,2025-01-13 03:16:20,2025-01-17 11:58:20
2164,726,91,4,26.38,9.70,95.82,2023-04-20 13:53:47,2023-04-22 09:16:39
2165,727,65,4,95.70,48.74,334.06,2024-07-01 04:46:18,2024-07-03 20:50:35
2166,727,49,1,264.62,1.63,262.99,2024-11-07 12:18:56,2024-11-07 14:24:32
2167,727,61,1,162.93,32.46,130.47,2023-12-30 22:57:29,2024-01-06 20:02:05
2168,728,72,4,332.19,270.43,1058.33,2024-03-10 14:09:19,2024-03-16 12:28:58
2169,728,77,1,327.44,60.76,266.68,2025-06-28 01:48:43,2025-06-30 15:55:24
2170,729,70,1,251.99,53.25,198.74,2024-03-21 06:28:35,2024-03-28 04:11:41
2171,729,69,1,122.29,32.82,89.47,2024-07-20 01:58:56,2024-07-20 07:00:28
2172,730,110,4,28.35,18.43,94.97,2023-07-08 05:24:59,2023-07-10 02:29:23
2173,730,10,2,149.35,75.17,223.53,2025-10-21 13:20:11,2025-10-28 01:16:46
2174,731,36,3,249.41,6.89,741.34,2025-08-25 14:56:58,2025-08-27 11:18:27
2175,732,22,4,5.69,5.90,16.86,2024-11-06 07:11:41,2024-11-07 08:39:20
2176,733,101,4,151.23,146.27,458.65,2025-04-07 20:14:09,2025-04-09 21:14:29
2177,733,89,4,16.44,18.32,47.44,2024-04-12 09:40:50,2024-04-15 20:29:52
2178,734,102,3,262.84,20.63,767.89,2025-11-20 18:07:49,2025-11-22 17:54:06
2179,734,7,5,281.17,284.72,1121.13,2025-07-03 22:37:12,2025-07-09 08:52:48
2180,734,4,3,472.45,85.55,1331.80,2025-03-05 09:05:46,2025-03-08 13:12:24
2181,734,95,2,309.09,52.91,565.27,2024-09-21 01:25:29,2024-09-25 09:55:08
2182,734,81,4,271.46,317.10,768.74,2023-03-17 14:50:26,2023-03-19 23:26:04
2183,735,67,1,73.28,20.50,52.78,2023-05-02 21:25:26,2023-05-05 22:42:39
2184,735,61,4,410.92,329.87,1313.81,2024-02-14 02:29:51,2024-02-17 20:33:28
2185,735,75,2,183.94,5.68,362.20,2025-11-09 20:25:17,2025-11-12 09:00:43
2186,736,104,1,499.64,144.40,355.24,2024-04-24 09:12:09,2024-04-27 09:48:28
2187,737,100,2,389.95,71.52,708.38,2024-07-11 00:56:44,2024-07-15 17:11:48
2188,737,7,2,497.69,214.81,780.57,2024-11-04 12:53:06,2024-11-11 02:08:31
2189,737,46,3,239.18,181.70,535.84,2025-07-17 18:29:53,2025-07-23 22:53:50
2190,737,101,3,138.24,99.08,315.64,2023-01-01 19:00:08,2023-01-02 16:55:10
2191,737,71,4,356.76,325.59,1101.45,2023-10-17 08:38:01,2023-10-17 21:40:06
2192,738,55,3,407.45,309.69,912.66,2023-01-12 09:38:35,2023-01-15 09:01:16
2193,739,50,4,265.52,240.06,822.02,2023-10-20 18:01:19,2023-10-25 20:33:47
2194,739,57,4,236.31,8.14,937.10,2025-06-01 20:31:30,2025-06-02 13:06:30
2195,740,34,5,272.97,158.11,1206.74,2024-12-01 22:13:08,2024-12-02 16:46:57
2196,740,33,4,124.80,146.90,352.30,2024-08-12 02:33:13,2024-08-12 18:39:11
2197,740,14,3,5.50,0.02,16.48,2025-09-08 13:30:27,2025-09-11 13:27:01
2198,741,65,4,322.36,165.76,1123.68,2025-04-19 16:15:57,2025-04-20 22:19:53
2199,741,68,4,108.02,13.42,418.66,2025-03-11 21:29:24,2025-03-16 19:14:33
2200,742,99,5,225.26,212.29,914.01,2023-01-25 18:53:38,2023-01-31 22:38:40
2201,743,15,4,149.35,135.37,462.03,2025-10-11 21:38:05,2025-10-18 01:34:46
2202,743,98,4,211.44,0.38,845.38,2023-01-28 20:41:40,2023-02-04 19:51:24
2203,743,59,5,242.58,59.43,1153.47,2023-07-07 13:04:37,2023-07-13 01:37:44
2204,743,80,2,141.29,7.98,274.60,2023-04-27 13:39:59,2023-04-28 00:30:45
2205,743,105,2,262.43,156.45,368.41,2025-09-29 05:41:04,2025-10-01 17:11:20
2206,744,8,3,164.38,141.97,351.17,2024-12-05 13:56:56,2024-12-09 12:00:06
2207,744,30,3,489.77,10.08,1459.23,2025-10-30 13:48:33,2025-11-03 12:27:01
2208,744,69,5,313.29,57.72,1508.73,2025-10-20 09:05:10,2025-10-23 09:04:47
2209,744,111,1,315.84,56.45,259.39,2025-09-25 05:51:08,2025-09-25 16:01:40
2210,745,22,1,303.57,38.54,265.03,2025-10-25 18:36:57,2025-10-31 02:18:03
2211,745,53,2,430.05,145.81,714.29,2025-03-09 15:27:12,2025-03-14 08:38:36
2212,745,41,2,407.78,212.53,603.03,2024-10-17 07:40:43,2024-10-17 15:40:01
2213,745,84,3,199.68,128.07,470.97,2024-08-18 19:39:30,2024-08-19 04:29:57
2214,745,67,3,161.51,122.58,361.95,2024-07-26 03:09:59,2024-07-26 08:40:55
2215,746,45,5,413.03,344.87,1720.28,2025-11-06 04:22:59,2025-11-12 01:08:56
2216,746,9,5,456.74,375.57,1908.13,2023-05-05 18:41:32,2023-05-08 01:30:01
2217,746,51,4,29.08,33.31,83.01,2025-08-23 00:05:23,2025-08-23 13:14:59
2218,747,47,4,493.42,123.18,1850.50,2023-01-30 04:47:53,2023-02-03 02:32:21
2219,747,74,5,299.76,40.32,1458.48,2023-06-07 23:23:05,2023-06-08 03:23:35
2220,747,7,5,218.53,156.55,936.10,2025-02-26 04:47:05,2025-02-28 10:31:21
2221,747,103,1,434.97,25.78,409.19,2024-12-13 06:07:48,2024-12-19 09:28:51
2222,748,81,1,422.17,118.30,303.87,2024-02-29 14:36:46,2024-03-06 19:54:46
2223,748,96,5,132.62,22.33,640.77,2023-12-17 10:11:02,2023-12-20 08:31:15
2224,749,116,3,285.01,150.27,704.76,2024-09-19 06:29:12,2024-09-22 18:55:55
2225,749,9,4,455.70,229.32,1593.48,2024-03-31 16:01:05,2024-04-03 05:41:38
2226,749,77,3,6.64,2.32,17.60,2025-10-28 04:29:21,2025-11-01 12:56:44
2227,750,87,3,282.83,69.17,779.32,2023-10-31 03:07:58,2023-11-02 20:56:03
2228,750,63,2,241.56,43.52,439.60,2024-08-25 07:31:58,2024-08-26 22:17:01
2229,750,104,4,366.35,58.64,1406.76,2023-03-15 18:35:34,2023-03-22 01:46:43
2230,751,70,2,252.81,23.54,482.08,2023-07-10 22:41:59,2023-07-17 15:50:09
2231,751,99,2,177.60,104.69,250.51,2024-03-15 02:18:04,2024-03-18 23:56:51
2232,751,39,5,252.43,300.19,961.96,2025-05-15 02:47:20,2025-05-20 19:16:16
2233,751,16,3,122.19,7.88,358.69,2023-02-28 09:26:37,2023-03-01 03:14:00
2234,752,67,2,491.32,215.57,767.07,2023-10-20 21:05:35,2023-10-21 14:27:56
2235,752,39,1,52.43,5.93,46.50,2023-02-02 04:54:10,2023-02-02 06:20:37
2236,753,5,1,106.05,27.36,78.69,2024-11-05 05:13:39,2024-11-07 18:53:27
2237,753,86,2,404.04,111.32,696.76,2024-04-19 02:11:05,2024-04-23 16:31:38
2238,753,33,1,400.38,13.85,386.53,2023-05-18 20:31:08,2023-05-22 09:02:01
2239,754,4,5,129.16,69.81,575.99,2025-09-23 03:02:39,2025-09-26 17:21:20
2240,754,50,2,129.04,24.39,233.69,2023-09-21 02:09:40,2023-09-22 17:48:18
2241,754,43,4,229.98,111.42,808.50,2024-01-02 21:52:35,2024-01-04 03:25:12
2242,755,33,4,99.81,102.84,296.40,2025-07-08 21:03:20,2025-07-14 07:45:53
2243,755,108,3,355.26,61.77,1004.01,2023-10-04 13:26:35,2023-10-11 11:51:08
2244,755,36,2,183.80,16.66,350.94,2023-03-27 22:10:38,2023-04-01 02:51:00
2245,755,51,4,175.13,194.41,506.11,2025-07-10 11:50:48,2025-07-16 07:25:51
2246,756,49,4,398.01,458.08,1133.96,2024-06-25 13:53:56,2024-06-27 19:03:58
2247,756,95,5,311.13,238.20,1317.45,2023-09-07 03:31:49,2023-09-08 23:34:34
2248,756,23,2,57.30,13.62,100.98,2024-12-24 07:44:08,2024-12-30 23:17:24
2249,756,117,3,441.20,90.83,1232.77,2025-11-18 11:57:03,2025-11-19 06:11:42
2250,756,79,4,205.24,30.47,790.49,2025-05-18 18:40:53,2025-05-19 23:25:25
2251,757,117,1,166.72,6.15,160.57,2023-02-21 13:23:04,2023-02-26 20:57:52
2252,757,15,1,304.58,38.15,266.43,2023-07-14 08:39:09,2023-07-19 18:06:23
2253,757,3,2,478.87,220.09,737.65,2025-03-04 20:53:54,2025-03-11 05:38:17
2254,757,96,1,19.22,2.10,17.12,2023-12-24 14:46:16,2023-12-30 12:16:43
2255,757,95,1,261.12,72.54,188.58,2023-01-25 00:11:20,2023-01-29 00:09:26
2256,758,20,1,320.59,95.70,224.89,2023-04-17 10:36:07,2023-04-18 09:31:46
2257,758,53,2,253.46,44.97,461.95,2024-11-10 11:43:27,2024-11-10 17:22:02
2258,758,57,4,138.10,153.25,399.15,2023-04-14 14:56:23,2023-04-16 18:55:05
2259,758,34,3,453.84,165.11,1196.41,2023-11-14 14:06:51,2023-11-20 16:00:09
2260,758,1,3,286.57,210.25,649.46,2024-07-10 05:27:23,2024-07-16 17:33:25
2261,759,71,4,385.88,326.77,1216.75,2024-03-09 23:44:05,2024-03-11 06:13:49
2262,759,6,4,219.77,15.07,864.01,2025-06-25 15:29:35,2025-07-01 20:53:23
2263,760,55,4,401.53,256.77,1349.35,2023-10-25 18:36:29,2023-10-31 12:21:15
2264,761,8,5,15.18,14.29,61.61,2024-02-22 18:54:21,2024-02-25 20:10:39
2265,761,17,3,356.98,54.09,1016.85,2025-05-11 19:18:51,2025-05-16 11:46:39
2266,761,27,4,163.41,104.76,548.88,2023-05-22 22:30:01,2023-05-23 14:06:06
2267,762,94,5,185.04,257.56,667.64,2023-03-11 06:03:23,2023-03-18 02:29:16
2268,762,78,2,425.33,92.38,758.28,2024-08-03 00:22:38,2024-08-07 22:46:17
2269,762,38,1,215.25,26.21,189.04,2023-09-06 20:24:41,2023-09-10 03:25:49
2270,762,1,3,84.43,45.48,207.81,2025-01-17 05:56:52,2025-01-20 13:11:13
2271,762,87,3,115.17,56.02,289.49,2025-07-21 13:56:50,2025-07-23 03:27:17
2272,763,108,1,130.02,6.91,123.11,2025-06-03 08:47:59,2025-06-03 16:52:13
2273,763,87,1,274.97,69.11,205.86,2025-03-18 10:20:23,2025-03-18 11:36:42
2274,763,41,1,491.06,104.80,386.26,2025-09-23 02:16:51,2025-09-25 12:47:13
2275,763,9,3,452.22,334.90,1021.76,2023-08-28 15:27:49,2023-09-03 18:06:05
2276,763,70,5,101.48,3.95,503.45,2023-06-15 20:17:41,2023-06-16 02:06:49
2277,764,5,5,192.88,278.43,685.97,2025-07-11 22:01:38,2025-07-13 21:06:32
2278,764,11,1,226.49,51.46,175.03,2025-09-03 09:14:09,2025-09-09 16:47:23
2279,765,7,4,322.95,66.85,1224.95,2023-11-26 09:25:00,2023-11-28 16:30:29
2280,765,109,4,304.83,319.42,899.90,2024-10-13 23:43:32,2024-10-20 09:16:38
2281,765,115,3,37.14,1.45,109.97,2023-05-05 07:07:32,2023-05-11 00:58:46
2282,765,43,2,397.56,114.19,680.93,2024-04-11 13:10:21,2024-04-17 18:32:24
2283,766,8,1,73.41,14.55,58.86,2024-07-05 12:03:46,2024-07-11 16:28:16
2284,766,89,4,428.43,362.53,1351.19,2023-03-11 09:15:39,2023-03-17 15:40:03
2285,766,86,4,259.04,274.05,762.11,2023-12-29 02:03:11,2024-01-02 01:15:08
2286,767,52,5,462.99,149.30,2165.65,2024-08-21 18:28:11,2024-08-23 06:41:20
2287,767,8,4,167.41,6.80,662.84,2024-09-16 22:11:06,2024-09-18 16:40:03
2288,767,18,3,425.95,374.61,903.24,2024-04-11 02:41:33,2024-04-14 11:00:16
2289,767,112,4,451.44,20.67,1785.09,2024-04-08 16:16:18,2024-04-14 18:56:46
2290,768,59,5,137.70,157.01,531.49,2023-09-25 17:33:08,2023-10-02 05:23:32
2291,768,97,5,457.77,650.57,1638.28,2023-08-22 21:07:40,2023-08-23 21:13:16
2292,768,61,1,248.56,44.65,203.91,2023-04-02 22:02:47,2023-04-03 12:07:29
2293,768,42,4,427.96,263.36,1448.48,2023-10-17 02:54:01,2023-10-20 09:15:42
2294,769,85,2,135.05,52.70,217.40,2023-08-23 07:30:59,2023-08-28 18:44:22
2295,769,74,5,361.22,162.70,1643.40,2025-11-11 00:56:39,2025-11-14 12:04:39
2296,769,98,2,353.65,180.10,527.20,2023-01-01 19:30:34,2023-01-02 21:32:03
2297,769,58,1,316.58,17.88,298.70,2025-03-01 00:33:20,2025-03-05 09:00:12
2298,770,18,2,194.47,82.40,306.54,2023-06-18 22:13:39,2023-06-24 01:18:35
2299,770,67,2,459.38,46.94,871.82,2024-12-02 16:17:53,2024-12-04 14:41:08
2300,771,58,4,331.51,251.55,1074.49,2023-09-13 10:30:40,2023-09-14 10:12:51
2301,771,111,1,267.59,34.08,233.51,2025-08-17 13:20:03,2025-08-21 17:17:41
2302,772,51,5,206.33,121.00,910.65,2024-03-27 05:32:28,2024-04-03 01:09:48
2303,772,13,2,222.00,23.59,420.41,2024-05-28 18:19:13,2024-06-01 01:53:39
2304,772,66,5,77.63,38.47,349.68,2025-06-07 23:49:11,2025-06-11 02:54:13
2305,772,31,5,149.77,88.48,660.37,2023-09-23 22:38:45,2023-09-30 04:21:23
2306,772,91,3,226.51,120.07,559.46,2025-08-26 19:05:47,2025-08-28 20:43:12
2307,773,2,2,382.37,26.51,738.23,2024-04-29 20:15:24,2024-05-03 01:03:15
2308,773,29,1,312.79,73.28,239.51,2024-02-22 22:59:38,2024-02-27 17:26:57
2309,773,23,2,117.64,14.18,221.10,2025-10-27 08:18:02,2025-10-31 15:35:31
2310,773,78,5,120.06,2.67,597.63,2024-01-07 08:39:57,2024-01-07 09:08:00
2311,773,24,1,246.15,4.92,241.23,2024-03-03 07:26:08,2024-03-09 12:18:51
2312,774,8,5,459.22,177.09,2119.01,2024-08-18 22:27:58,2024-08-22 15:25:07
2313,774,28,2,319.47,78.72,560.22,2023-02-23 12:45:16,2023-02-26 15:36:58
2314,775,23,4,499.41,0.45,1997.19,2023-01-18 04:08:15,2023-01-20 08:58:55
2315,775,13,2,386.92,37.93,735.91,2024-01-15 19:56:34,2024-01-21 18:29:16
2316,775,95,1,318.01,21.58,296.43,2025-01-13 13:47:25,2025-01-20 03:31:57
2317,775,119,1,436.22,56.85,379.37,2023-02-13 15:27:04,2023-02-16 09:01:36
2318,775,18,5,451.16,658.49,1597.31,2025-01-08 18:34:54,2025-01-09 06:12:49
2319,776,11,3,6.90,0.74,19.96,2025-03-29 02:52:51,2025-04-03 09:27:30
2320,776,102,2,471.58,32.21,910.95,2023-07-03 02:48:58,2023-07-05 18:34:40
2321,776,60,2,489.33,191.70,786.96,2024-04-08 22:13:46,2024-04-12 11:15:02
2322,776,112,3,436.35,67.03,1242.02,2023-06-30 20:39:31,2023-07-03 23:12:56
2323,777,37,3,241.34,15.09,708.93,2024-10-17 22:24:40,2024-10-21 17:42:40
2324,777,62,4,333.94,302.09,1033.67,2025-11-06 01:52:20,2025-11-10 06:16:43
2325,778,72,2,63.56,28.43,98.69,2023-03-06 04:05:07,2023-03-09 23:52:25
2326,778,92,4,499.98,420.98,1578.94,2023-12-04 20:58:22,2023-12-06 06:53:55
2327,778,10,3,163.70,94.80,396.30,2025-08-26 22:29:13,2025-08-31 00:14:12
2328,778,67,2,5.06,1.64,8.48,2024-06-22 16:52:57,2024-06-28 00:20:27
2329,779,109,1,400.96,7.96,393.00,2024-11-18 11:39:53,2024-11-21 18:58:28
2330,779,37,3,356.66,241.99,827.99,2024-07-02 23:21:26,2024-07-08 06:24:41
2331,780,31,1,274.52,51.52,223.00,2025-04-02 01:23:11,2025-04-03 10:56:41
2332,781,25,5,366.90,107.92,1726.58,2023-07-16 06:02:58,2023-07-22 16:56:50
2333,781,41,5,318.59,420.29,1172.66,2025-05-23 19:01:57,2025-05-26 07:47:07
2334,781,56,4,160.14,78.17,562.39,2025-07-15 14:45:19,2025-07-21 12:10:02
2335,782,64,4,492.56,373.02,1597.22,2023-10-11 03:30:15,2023-10-15 04:04:45
2336,782,100,1,492.96,71.89,421.07,2023-08-09 09:35:04,2023-08-11 12:30:33
2337,782,63,5,424.58,378.03,1744.87,2023-12-30 00:13:10,2024-01-01 15:57:39
2338,782,88,1,376.92,36.19,340.73,2023-12-19 16:56:25,2023-12-22 13:11:05
2339,783,108,3,279.49,172.92,665.55,2023-08-17 04:25:03,2023-08-21 08:42:32
2340,784,86,1,289.45,68.86,220.59,2025-07-08 09:55:38,2025-07-08 23:26:29
2341,784,91,4,229.07,152.16,764.12,2023-12-12 03:31:57,2023-12-18 14:50:26
2342,785,100,4,217.35,225.49,643.91,2025-05-04 09:13:27,2025-05-05 03:52:18
2343,786,81,1,171.34,10.47,160.87,2023-02-26 06:23:53,2023-03-04 11:39:50
2344,786,77,3,339.77,304.49,714.82,2025-04-02 00:40:40,2025-04-03 23:38:04
2345,786,3,4,459.45,53.71,1784.09,2023-05-19 07:53:41,2023-05-21 08:39:23
2346,786,41,3,489.54,203.56,1265.06,2024-06-15 14:15:03,2024-06-16 02:46:27
2347,787,81,5,24.59,25.75,97.20,2024-12-02 00:28:35,2024-12-03 20:52:00
2348,787,117,5,174.88,41.32,833.08,2024-12-12 09:14:42,2024-12-17 01:11:31
2349,787,73,1,403.59,42.24,361.35,2024-01-17 02:37:12,2024-01-20 02:58:57
2350,788,84,2,110.86,49.22,172.50,2025-07-10 10:56:00,2025-07-12 16:54:38
2351,788,8,4,81.62,57.43,269.05,2025-10-05 15:35:20,2025-10-10 11:43:17
2352,788,60,3,403.88,202.45,1009.19,2025-01-10 11:03:10,2025-01-11 21:58:07
2353,789,33,5,185.36,267.88,658.92,2024-02-22 08:48:26,2024-02-27 19:50:54
2354,789,19,5,54.18,5.53,265.37,2024-01-06 04:15:49,2024-01-12 09:03:37
2355,789,1,4,236.66,77.32,869.32,2025-07-20 00:52:36,2025-07-21 21:46:29
2356,789,37,3,410.29,199.16,1031.71,2023-01-09 01:24:29,2023-01-13 07:36:56
2357,789,10,1,447.90,14.21,433.69,2024-06-27 21:23:10,2024-07-03 13:55:24
2358,790,17,3,288.71,30.33,835.80,2024-07-28 03:08:38,2024-08-02 20:16:20
2359,790,114,2,235.38,13.42,457.34,2023-06-24 17:25:30,2023-06-25 20:17:20
2360,791,39,4,312.73,151.43,1099.49,2024-04-13 13:36:52,2024-04-15 00:13:13
2361,792,111,1,488.61,115.50,373.11,2023-09-16 05:08:58,2023-09-20 16:22:59
2362,792,73,4,85.02,40.62,299.46,2025-08-13 20:59:29,2025-08-15 17:10:32
2363,792,69,1,97.29,4.00,93.29,2023-08-30 22:45:41,2023-09-02 00:33:11
2364,792,67,5,143.04,162.42,552.78,2024-07-26 21:04:38,2024-08-02 02:29:36
2365,793,5,1,51.39,0.00,51.39,2024-08-12 03:14:45,2024-08-18 01:56:22
2366,793,42,4,485.56,268.28,1673.96,2025-04-02 00:33:23,2025-04-08 23:25:28
2367,793,1,2,69.91,4.82,135.00,2024-09-28 13:46:48,2024-09-28 21:39:46
2368,793,10,2,117.97,46.78,189.16,2025-07-23 13:09:22,2025-07-23 15:01:09
2369,794,118,2,129.23,55.57,202.89,2025-05-18 05:30:21,2025-05-23 16:50:10
2370,794,45,1,265.66,23.77,241.89,2025-11-20 00:27:31,2025-11-21 10:47:01
2371,794,28,2,378.96,91.85,666.07,2025-10-10 17:27:13,2025-10-11 00:01:27
2372,794,80,5,200.21,42.13,958.92,2025-05-09 12:28:57,2025-05-11 02:38:46
2373,794,44,1,479.49,88.70,390.79,2023-12-06 11:28:55,2023-12-07 17:51:50
2374,795,7,3,467.73,332.73,1070.46,2024-07-24 11:25:27,2024-07-28 18:26:42
2375,795,44,1,106.23,15.25,90.98,2025-09-11 20:06:46,2025-09-16 15:34:40
2376,795,55,2,102.58,4.01,201.15,2025-03-21 10:58:01,2025-03-23 17:35:55
2377,795,110,3,306.58,28.40,891.34,2025-03-23 04:21:00,2025-03-23 23:04:09
2378,796,90,4,68.86,17.97,257.47,2023-03-24 05:58:58,2023-03-28 03:00:46
2379,796,103,4,108.62,117.66,316.82,2023-01-25 14:21:52,2023-01-27 09:15:15
2380,796,2,1,373.16,48.60,324.56,2025-06-26 13:35:17,2025-06-28 16:18:49
2381,797,89,3,92.86,77.10,201.48,2024-02-15 07:53:37,2024-02-16 11:18:12
2382,797,92,5,185.18,152.05,773.85,2023-09-10 23:21:58,2023-09-10 23:57:52
2383,797,64,1,250.45,42.33,208.12,2024-06-01 18:46:27,2024-06-02 02:48:57
2384,797,43,2,188.42,112.39,264.45,2024-04-20 05:20:05,2024-04-26 15:06:19
2385,797,42,5,175.24,117.76,758.44,2023-07-17 22:16:35,2023-07-19 00:24:08
2386,798,12,1,354.13,60.09,294.04,2023-03-04 20:30:56,2023-03-10 21:27:36
2387,798,96,1,40.78,1.53,39.25,2025-09-27 10:06:41,2025-10-03 00:48:48
2388,798,34,2,122.93,15.09,230.77,2023-01-31 02:21:41,2023-02-01 00:30:36
2389,798,31,1,453.18,49.30,403.88,2025-09-11 17:08:10,2025-09-16 06:42:48
2390,799,74,2,295.19,147.57,442.81,2023-08-30 22:48:12,2023-09-06 21:47:16
2391,800,89,5,249.96,243.88,1005.92,2023-05-24 05:55:53,2023-05-27 12:37:56
